Student_ID,CGPA,SSC_Marks,HSC_Marks,Internship_Count,Internship_Duration_Months,Projects,Workshops_Certifications,Extracurricular_Activities,Active_Backlogs,Placement_Training,Placement_Status
STU00001,7.35,78.8,64.16,0,0,3,2,1,0,Yes,0
STU00002,5.8,57.58,48.53,1,3,5,2,0,0,No,1
STU00003,7.86,84.52,68.94,2,3,1,3,2,0,Yes,1
STU00004,8.08,84.92,74.99,0,0,3,3,3,1,No,1
STU00005,4.76,48.6,41.66,0,0,0,6,1,0,Yes,0
STU00006,5.5,51.16,43.96,0,0,0,3,2,0,Yes,0
STU00007,7.15,72.6,71.52,2,5,2,2,2,2,No,0
STU00008,6.64,64.9,54.62,2,5,2,0,3,0,No,0
STU00009,6.98,59.11,49.72,2,4,5,1,1,0,No,1
STU00010,6.02,49.16,40.78,0,0,1,5,2,0,Yes,0
STU00011,8.01,75.48,78.55,1,2,3,3,2,0,No,0
STU00012,7.89,87.06,73.89,2,3,5,4,1,0,Yes,1
STU00013,7.08,79.01,58.66,2,3,5,2,2,1,Yes,1
STU00014,8.3,71.14,92.91,0,0,1,1,2,0,No,1
STU00015,7.54,85.33,77.91,0,0,2,0,1,0,No,0
STU00016,6.01,54.35,50.48,1,1,2,2,3,0,Yes,1
STU00017,7.42,80.35,72.67,2,6,4,1,2,1,No,0
STU00018,5.9,55.81,48.18,0,0,1,1,1,0,No,0
STU00019,8.01,90.29,71.13,0,0,4,3,3,0,No,1
STU00020,6.94,68.21,70.14,2,3,6,3,2,0,Yes,1
STU00021,6.79,56.28,66.57,0,0,2,3,2,0,No,1
STU00022,6.22,55.58,41.35,0,0,3,2,1,1,Yes,1
STU00023,8.41,88.08,83.35,1,1,2,1,0,0,No,1
STU00024,6.82,63.78,64.1,2,5,4,1,1,1,No,0
STU00025,6.51,64.11,55.23,1,3,4,2,2,1,Yes,0
STU00026,6.6,61.02,71.0,3,7,5,1,1,0,Yes,1
STU00027,7.61,73.35,85.86,2,5,3,2,1,0,No,1
STU00028,7.42,67.69,68.94,0,0,0,4,1,2,Yes,0
STU00029,7.47,72.66,70.68,0,0,3,1,1,0,Yes,0
STU00030,7.5,76.57,70.3,0,0,2,2,1,1,No,1
STU00031,9.46,77.52,82.61,1,2,4,2,5,1,No,1
STU00032,6.53,55.85,52.01,1,3,2,2,3,0,Yes,1
STU00033,6.41,46.83,58.85,1,2,1,0,2,0,No,0
STU00034,6.06,50.71,63.18,1,1,5,1,2,0,No,0
STU00035,7.71,85.42,84.54,0,0,3,0,1,0,No,0
STU00036,8.3,77.06,85.91,0,0,1,3,3,0,Yes,1
STU00037,6.87,69.95,48.29,1,2,2,0,1,0,No,0
STU00038,6.03,71.15,39.87,0,0,0,2,2,0,Yes,1
STU00039,6.05,62.95,57.61,0,0,0,4,1,0,Yes,0
STU00040,7.75,79.52,85.44,2,5,3,4,5,0,No,1
STU00041,7.85,85.04,80.22,1,2,3,3,1,0,Yes,1
STU00042,7.62,68.86,72.25,1,2,2,1,1,0,Yes,1
STU00043,6.23,47.0,61.55,0,0,2,2,1,0,Yes,1
STU00044,7.27,72.16,73.51,2,5,2,0,3,0,No,1
STU00045,7.13,72.38,73.81,2,3,3,1,2,0,No,0
STU00046,7.25,78.33,57.62,0,0,1,4,2,0,Yes,1
STU00047,8.0,78.17,80.64,0,0,1,4,1,0,Yes,0
STU00048,7.26,73.0,79.48,2,3,4,0,2,0,No,1
STU00049,7.78,80.06,79.27,1,2,3,2,5,0,Yes,1
STU00050,7.08,68.32,71.8,2,5,2,1,0,0,No,1
STU00051,7.33,72.53,70.19,1,2,1,0,3,2,No,0
STU00052,7.73,73.31,76.07,2,4,6,5,3,1,Yes,1
STU00053,5.32,50.01,53.75,1,3,5,2,1,0,No,1
STU00054,6.63,63.17,54.98,0,0,2,3,2,0,Yes,0
STU00055,6.46,56.78,51.82,2,5,3,2,3,0,No,1
STU00056,6.27,60.81,50.94,0,0,0,2,1,0,No,0
STU00057,6.68,68.88,59.86,1,1,7,2,2,0,No,1
STU00058,8.72,90.96,74.24,0,0,0,2,1,0,No,1
STU00059,6.0,47.5,55.14,1,3,2,2,1,0,No,1
STU00060,8.11,83.12,78.54,1,1,4,2,4,2,No,0
STU00061,5.06,41.67,49.26,0,0,0,4,2,0,Yes,0
STU00062,6.61,62.28,45.99,0,0,0,4,2,2,Yes,0
STU00063,7.19,65.31,72.9,1,2,4,4,2,1,No,1
STU00064,7.67,85.5,82.86,0,0,2,2,2,0,No,0
STU00065,7.82,84.18,79.12,0,0,1,0,2,0,Yes,0
STU00066,7.91,87.55,77.82,1,2,0,2,3,1,Yes,1
STU00067,6.6,67.78,63.66,1,3,4,0,2,0,No,0
STU00068,6.47,57.96,64.21,2,5,4,0,4,0,Yes,0
STU00069,7.99,78.86,81.55,1,1,4,3,2,0,No,1
STU00070,6.78,74.75,64.88,1,3,3,2,2,0,Yes,1
STU00071,5.53,48.72,56.65,0,0,1,3,2,0,Yes,0
STU00072,5.7,42.75,52.45,0,0,0,4,0,0,Yes,0
STU00073,5.94,59.2,45.35,1,1,7,3,2,0,No,0
STU00074,7.57,77.27,81.0,1,2,4,1,1,0,Yes,1
STU00075,7.16,79.45,66.67,1,2,2,1,1,1,No,1
STU00076,7.79,80.69,76.44,1,3,0,0,3,0,No,1
STU00077,6.51,60.06,57.82,0,0,2,2,2,0,No,1
STU00078,7.18,79.82,73.48,1,3,3,1,2,2,Yes,1
STU00079,7.72,69.14,85.87,0,0,5,0,3,0,No,1
STU00080,6.64,58.65,59.31,1,3,1,6,1,0,Yes,0
STU00081,7.53,70.43,83.14,1,2,4,1,1,0,No,0
STU00082,6.24,43.33,54.48,1,1,1,2,2,0,No,0
STU00083,6.58,66.47,66.64,1,3,1,2,3,1,No,0
STU00084,6.56,57.57,59.1,1,1,2,7,3,0,No,1
STU00085,5.62,55.75,44.36,2,6,2,1,0,1,Yes,0
STU00086,7.56,78.61,84.8,0,0,0,3,3,0,No,1
STU00087,6.46,63.09,52.92,2,4,3,2,4,1,Yes,1
STU00088,7.01,65.39,61.19,0,0,0,2,4,0,No,0
STU00089,7.55,71.59,65.64,1,3,3,3,2,0,Yes,0
STU00090,7.51,76.12,80.18,0,0,1,2,1,2,No,0
STU00091,7.77,84.41,84.92,0,0,3,2,2,0,Yes,1
STU00092,6.89,65.68,65.22,2,5,4,2,1,0,No,0
STU00093,6.51,56.02,51.33,0,0,1,3,2,0,Yes,1
STU00094,6.91,59.17,63.32,1,2,1,0,3,0,No,0
STU00095,5.06,48.34,42.3,0,0,2,1,2,2,Yes,0
STU00096,5.34,45.09,39.23,0,0,4,1,1,0,Yes,0
STU00097,5.48,48.9,43.4,3,9,2,2,3,0,No,1
STU00098,5.85,50.87,52.34,1,3,4,3,2,0,No,1
STU00099,7.46,72.15,68.19,1,2,0,2,4,0,No,1
STU00100,5.96,55.07,52.06,0,0,2,5,3,0,Yes,0
STU00101,6.57,64.29,47.31,0,0,4,2,2,0,Yes,1
STU00102,8.49,97.41,92.69,1,2,1,1,3,0,Yes,1
STU00103,6.59,65.9,56.0,0,0,2,2,4,0,Yes,1
STU00104,7.85,89.39,82.05,0,0,1,1,3,0,No,1
STU00105,5.93,48.09,51.13,1,2,4,0,0,0,No,1
STU00106,6.76,54.44,63.46,0,0,3,4,3,1,Yes,0
STU00107,5.91,52.77,43.06,2,5,4,0,3,0,Yes,1
STU00108,6.61,66.77,54.06,1,3,2,1,1,0,No,0
STU00109,7.97,85.39,73.76,0,0,1,2,2,0,Yes,1
STU00110,5.01,54.19,44.07,1,3,1,0,2,1,No,0
STU00111,7.5,60.17,80.35,1,1,2,2,2,0,No,1
STU00112,7.27,79.62,71.7,0,0,2,3,2,2,No,1
STU00113,6.32,59.46,49.05,2,4,4,1,2,0,No,1
STU00114,5.34,39.16,45.95,1,1,4,3,4,0,Yes,1
STU00115,7.08,73.53,65.71,0,0,2,1,2,0,No,1
STU00116,6.39,59.56,53.43,1,1,3,2,3,3,Yes,1
STU00117,7.27,74.29,68.91,1,2,1,2,3,0,No,1
STU00118,7.03,74.31,69.9,0,0,0,3,1,0,Yes,1
STU00119,8.84,90.06,80.15,2,6,6,1,3,1,No,1
STU00120,6.72,54.57,58.33,0,0,3,1,1,0,Yes,0
STU00121,5.82,51.16,54.91,0,0,3,3,2,0,No,0
STU00122,7.21,61.34,70.86,2,6,7,3,1,0,No,1
STU00123,7.25,75.68,76.46,0,0,2,0,2,2,No,1
STU00124,8.56,94.38,91.61,0,0,0,1,0,0,Yes,1
STU00125,7.96,73.67,69.95,0,0,0,5,2,0,Yes,1
STU00126,7.41,70.04,72.8,2,4,3,3,1,1,Yes,1
STU00127,8.68,81.4,80.65,0,0,2,1,2,0,No,1
STU00128,5.63,47.65,40.18,2,4,3,6,1,0,No,1
STU00129,6.26,59.28,49.07,1,1,1,3,1,1,No,0
STU00130,5.93,50.42,48.28,2,6,2,1,2,0,Yes,1
STU00131,6.55,64.7,56.02,2,5,3,0,2,0,No,1
STU00132,5.42,55.3,42.27,2,3,3,1,2,0,No,1
STU00133,7.73,85.12,75.43,0,0,2,1,2,0,No,1
STU00134,6.74,57.02,75.41,2,3,3,2,0,3,No,1
STU00135,5.31,56.56,35.0,0,0,2,3,2,1,No,0
STU00136,5.83,60.91,55.94,2,5,3,4,2,1,Yes,0
STU00137,7.36,82.68,70.25,1,3,3,2,0,1,No,0
STU00138,7.96,80.2,75.52,0,0,2,3,1,1,Yes,0
STU00139,9.3,84.44,73.84,1,2,1,1,2,0,Yes,1
STU00140,10.0,83.99,91.47,1,1,0,0,1,0,No,1
STU00141,7.48,68.45,63.41,2,5,3,1,0,1,No,0
STU00142,5.86,52.45,54.35,1,3,2,3,1,0,No,0
STU00143,4.55,50.83,53.19,1,3,1,1,3,3,No,0
STU00144,7.31,80.45,61.91,1,1,1,1,1,1,Yes,1
STU00145,6.07,51.51,58.43,1,2,5,0,5,0,No,0
STU00146,6.52,60.12,57.5,0,0,3,1,3,0,Yes,0
STU00147,6.3,56.59,41.65,0,0,2,3,5,0,Yes,0
STU00148,6.84,61.46,55.04,2,6,5,2,4,1,No,0
STU00149,8.23,87.95,81.6,1,2,2,2,2,2,Yes,1
STU00150,7.18,72.82,70.05,1,2,1,1,0,0,No,0
STU00151,6.82,65.86,52.53,2,4,3,3,3,0,No,0
STU00152,5.81,54.01,49.05,1,2,2,1,2,0,Yes,0
STU00153,5.07,50.87,49.12,1,2,0,1,3,0,No,0
STU00154,6.44,62.81,62.17,2,6,7,3,4,0,No,1
STU00155,6.94,61.84,61.39,1,3,0,5,1,3,Yes,0
STU00156,9.03,93.55,87.8,1,1,3,0,2,0,No,1
STU00157,7.15,71.72,73.63,3,11,4,1,3,0,Yes,1
STU00158,8.13,80.07,84.79,1,2,4,3,2,1,No,1
STU00159,6.43,60.39,61.34,0,0,4,2,1,1,No,0
STU00160,5.64,52.49,48.1,0,0,2,1,1,0,Yes,0
STU00161,5.89,59.17,49.12,0,0,0,0,1,0,No,0
STU00162,6.17,49.36,54.27,2,6,2,1,3,0,Yes,0
STU00163,9.45,97.19,81.66,2,4,6,6,1,0,Yes,1
STU00164,6.06,54.43,57.96,2,6,1,5,4,0,Yes,1
STU00165,7.96,78.12,68.97,2,6,4,1,2,0,No,1
STU00166,5.96,50.14,47.34,2,6,4,0,1,0,No,0
STU00167,8.07,76.17,78.96,1,2,2,1,4,0,No,1
STU00168,7.44,64.08,74.35,0,0,1,7,2,0,Yes,0
STU00169,6.82,69.11,65.99,1,2,2,1,1,0,No,0
STU00170,6.95,79.02,73.06,2,4,3,3,2,0,Yes,0
STU00171,6.25,46.89,54.06,1,3,3,0,1,0,No,1
STU00172,7.51,69.86,68.25,2,5,2,1,2,0,Yes,1
STU00173,6.48,64.23,55.85,2,5,4,2,0,0,Yes,1
STU00174,5.59,49.78,45.14,0,0,5,0,1,0,Yes,0
STU00175,5.53,54.69,49.81,1,3,3,1,3,0,No,0
STU00176,7.2,70.32,61.53,1,3,1,2,2,0,No,0
STU00177,8.82,83.87,83.3,1,1,4,2,1,0,No,1
STU00178,7.18,69.35,77.44,0,0,2,4,1,0,Yes,0
STU00179,6.86,51.35,63.72,1,1,1,1,2,0,Yes,0
STU00180,7.33,66.05,63.59,1,2,1,0,0,0,No,0
STU00181,8.5,91.35,80.63,1,3,4,1,2,0,No,1
STU00182,7.25,78.92,55.37,2,4,2,2,0,0,Yes,1
STU00183,6.53,68.88,57.09,1,1,3,0,3,0,No,1
STU00184,8.27,86.62,90.86,2,5,4,1,3,0,No,1
STU00185,7.49,61.79,65.2,0,0,1,4,2,0,Yes,0
STU00186,8.77,83.3,75.37,0,0,1,1,1,0,Yes,1
STU00187,7.21,79.07,64.21,1,1,3,1,2,1,Yes,1
STU00188,5.59,59.81,52.6,2,5,0,0,4,0,No,0
STU00189,5.43,57.15,56.21,0,0,1,1,3,0,Yes,0
STU00190,8.9,86.32,87.42,2,5,6,4,4,1,No,1
STU00191,8.98,80.17,77.29,1,1,3,0,3,0,Yes,1
STU00192,6.79,64.33,61.44,0,0,3,1,2,2,Yes,1
STU00193,6.56,60.98,68.63,0,0,1,0,2,0,No,0
STU00194,8.68,96.06,81.8,1,1,4,1,1,0,Yes,1
STU00195,5.73,52.51,48.98,1,2,3,6,3,0,Yes,1
STU00196,5.97,53.56,51.9,0,0,0,2,3,0,No,1
STU00197,7.74,79.06,66.35,1,1,3,1,4,0,No,1
STU00198,6.55,63.1,63.69,0,0,0,4,3,0,No,0
STU00199,6.99,71.5,69.86,1,3,4,2,1,0,Yes,1
STU00200,6.81,60.57,49.96,2,4,6,3,2,0,No,1
STU00201,7.39,67.42,62.79,0,0,1,3,3,0,Yes,1
STU00202,8.62,94.54,77.49,1,1,1,3,2,0,Yes,1
STU00203,7.1,59.67,71.0,2,3,2,5,1,0,Yes,1
STU00204,7.74,88.46,71.12,1,2,3,1,4,0,No,0
STU00205,4.64,35.0,45.31,0,0,3,1,2,0,No,0
STU00206,6.94,63.48,62.89,1,1,3,3,2,0,No,1
STU00207,6.03,59.85,51.44,2,5,1,4,2,1,Yes,0
STU00208,5.6,50.11,50.09,2,6,3,6,2,0,Yes,1
STU00209,5.99,45.71,52.24,0,0,2,1,1,0,No,0
STU00210,6.62,64.27,58.6,3,9,6,1,2,0,No,1
STU00211,8.05,82.43,80.99,0,0,3,2,1,0,No,1
STU00212,5.47,48.0,47.6,0,0,0,3,2,0,Yes,0
STU00213,7.04,64.72,64.21,1,2,2,2,2,0,Yes,1
STU00214,6.44,59.02,53.64,2,5,2,3,3,0,Yes,0
STU00215,6.62,58.35,70.13,0,0,1,1,2,2,No,0
STU00216,8.15,97.49,77.23,0,0,1,1,3,0,Yes,1
STU00217,7.62,75.56,82.2,0,0,0,1,3,0,Yes,1
STU00218,8.54,83.63,78.76,1,2,5,3,1,2,Yes,1
STU00219,6.82,61.83,66.94,1,2,2,1,3,0,No,0
STU00220,6.2,66.66,63.7,1,1,2,2,1,0,Yes,1
STU00221,6.74,53.88,58.69,0,0,1,3,2,0,Yes,0
STU00222,7.28,74.34,65.18,0,0,1,3,3,1,Yes,1
STU00223,7.2,69.55,65.41,2,4,5,1,3,1,No,1
STU00224,5.75,42.82,48.25,0,0,1,1,3,0,No,0
STU00225,7.1,64.6,68.44,0,0,0,1,3,0,Yes,0
STU00226,7.26,73.82,68.68,0,0,2,1,2,0,Yes,1
STU00227,9.9,84.52,84.19,1,2,3,4,2,0,Yes,1
STU00228,9.16,90.14,97.31,2,5,6,2,2,2,No,1
STU00229,6.02,64.26,49.69,0,0,2,0,5,0,No,0
STU00230,6.67,63.56,55.82,0,0,0,4,1,0,Yes,1
STU00231,5.32,39.58,50.28,2,3,5,3,4,0,Yes,0
STU00232,6.32,52.41,59.57,1,3,6,1,1,1,No,1
STU00233,7.36,71.69,78.88,1,2,2,1,2,1,No,0
STU00234,8.39,82.76,93.44,0,0,4,3,3,0,Yes,1
STU00235,6.16,56.48,54.65,1,2,0,0,2,1,No,0
STU00236,6.25,58.48,51.88,3,11,1,1,2,0,No,1
STU00237,4.53,56.1,35.0,1,3,1,2,1,2,No,0
STU00238,6.81,64.91,56.3,2,5,4,2,2,0,Yes,0
STU00239,5.78,44.65,49.82,1,1,4,4,4,0,Yes,1
STU00240,6.39,65.46,48.46,0,0,1,2,2,1,No,0
STU00241,5.99,61.19,41.11,0,0,1,0,1,0,No,1
STU00242,6.89,67.49,63.49,2,4,4,4,3,0,Yes,1
STU00243,4.98,45.33,48.47,1,2,3,1,2,1,No,1
STU00244,5.31,52.01,43.79,0,0,0,5,2,2,Yes,0
STU00245,9.45,87.98,91.63,1,1,3,5,0,0,Yes,1
STU00246,5.52,37.26,50.3,3,9,0,2,1,0,No,0
STU00247,5.74,54.64,55.15,1,3,3,0,2,1,No,0
STU00248,9.11,93.79,98.48,0,0,2,3,2,0,Yes,1
STU00249,10.0,98.54,100.0,1,3,3,0,1,0,No,1
STU00250,5.65,46.14,51.92,1,2,3,2,2,0,Yes,0
STU00251,6.58,62.49,55.38,1,3,3,1,1,0,No,1
STU00252,7.39,75.33,71.21,3,12,8,2,3,0,Yes,1
STU00253,8.99,88.54,94.47,1,1,1,2,2,0,No,1
STU00254,5.87,53.11,44.07,0,0,2,2,2,0,Yes,0
STU00255,6.72,63.48,68.94,3,12,3,1,2,0,No,1
STU00256,7.89,81.67,76.38,1,2,3,3,2,0,Yes,1
STU00257,7.5,79.84,73.76,0,0,1,1,1,0,No,1
STU00258,6.57,68.31,53.15,0,0,3,2,1,0,No,1
STU00259,6.85,60.83,54.43,1,1,6,1,2,2,No,1
STU00260,5.42,47.91,44.27,0,0,0,4,1,0,Yes,0
STU00261,6.73,60.88,68.24,2,5,4,0,2,1,No,1
STU00262,6.69,59.5,55.68,0,0,3,2,2,0,No,0
STU00263,7.27,62.3,78.67,0,0,0,1,4,3,Yes,0
STU00264,6.36,58.26,51.67,0,0,4,5,2,0,Yes,0
STU00265,7.54,78.89,66.6,2,3,4,0,1,2,No,0
STU00266,8.16,82.05,81.5,0,0,2,2,2,0,No,1
STU00267,7.18,70.57,71.7,1,2,7,2,2,0,No,1
STU00268,7.4,76.51,72.13,2,4,2,0,2,0,No,1
STU00269,7.06,77.33,66.76,0,0,3,1,2,0,No,0
STU00270,7.0,65.32,74.45,2,3,2,5,2,0,Yes,1
STU00271,6.17,48.66,53.26,1,2,2,2,2,0,No,0
STU00272,7.36,72.87,67.59,0,0,2,1,2,0,Yes,0
STU00273,6.89,77.32,56.22,3,8,4,1,1,0,No,1
STU00274,9.41,82.2,93.81,2,6,1,7,4,0,Yes,1
STU00275,8.81,91.22,81.76,0,0,1,2,1,0,No,1
STU00276,7.44,81.5,69.58,2,4,3,3,4,0,Yes,1
STU00277,6.12,40.89,58.4,1,2,8,1,3,0,Yes,1
STU00278,5.72,53.54,60.4,2,6,2,3,2,0,Yes,0
STU00279,8.37,88.36,83.24,1,3,1,1,3,2,Yes,1
STU00280,7.3,70.94,68.73,2,4,3,0,3,0,No,1
STU00281,7.55,72.28,73.12,2,3,4,1,2,0,No,1
STU00282,4.99,43.3,41.11,2,6,6,2,3,0,Yes,0
STU00283,8.07,80.18,77.02,0,0,3,3,3,0,No,0
STU00284,7.52,73.88,70.59,1,3,2,1,2,0,No,1
STU00285,5.72,48.15,53.56,2,4,4,2,0,0,No,1
STU00286,6.46,57.33,55.86,2,4,7,3,1,0,Yes,1
STU00287,7.3,79.71,77.72,2,5,6,3,1,0,Yes,1
STU00288,7.06,61.56,65.15,0,0,2,2,1,0,No,1
STU00289,6.66,51.98,57.27,2,6,4,0,0,0,No,1
STU00290,6.88,73.13,70.56,0,0,1,2,2,0,No,0
STU00291,6.71,62.02,60.3,2,5,2,4,2,0,Yes,1
STU00292,7.18,68.26,66.83,1,2,1,2,2,0,No,1
STU00293,8.69,86.08,83.95,2,5,3,0,3,0,No,0
STU00294,4.05,46.52,51.06,1,2,4,1,2,0,Yes,1
STU00295,6.73,60.3,62.28,1,3,2,1,2,0,No,1
STU00296,7.2,74.02,75.48,2,6,5,0,1,2,No,0
STU00297,7.34,67.29,68.65,0,0,3,2,5,2,No,1
STU00298,6.57,59.26,64.61,1,1,2,3,3,0,No,0
STU00299,4.98,35.0,45.24,2,4,5,4,3,1,Yes,0
STU00300,7.38,80.63,75.89,0,0,1,3,1,0,Yes,1
STU00301,8.99,86.96,90.82,0,0,1,0,2,0,No,1
STU00302,5.24,51.94,39.27,2,4,0,0,2,0,No,0
STU00303,7.99,84.33,78.9,2,3,2,1,2,0,No,1
STU00304,6.62,65.12,64.56,0,0,3,0,1,1,No,0
STU00305,6.93,66.64,70.39,1,1,1,1,1,1,No,0
STU00306,5.79,54.0,56.19,0,0,2,2,2,0,Yes,0
STU00307,6.62,55.94,59.34,3,12,5,2,2,0,No,0
STU00308,8.5,78.6,91.87,1,1,2,3,1,0,No,0
STU00309,7.67,77.17,70.84,0,0,1,0,1,0,No,1
STU00310,8.99,83.97,76.08,2,5,7,1,2,0,Yes,1
STU00311,8.35,93.17,79.96,1,2,3,0,5,0,No,1
STU00312,7.5,77.73,79.65,1,2,2,3,1,1,Yes,1
STU00313,9.01,83.8,78.58,1,2,0,2,2,0,Yes,1
STU00314,7.5,73.84,63.65,1,3,6,2,1,0,No,1
STU00315,7.95,81.84,67.72,0,0,3,2,2,0,No,1
STU00316,6.66,61.99,63.81,1,1,3,1,2,0,No,0
STU00317,7.08,70.72,57.4,1,1,2,4,5,0,Yes,1
STU00318,6.2,56.4,56.28,1,2,4,1,1,0,Yes,0
STU00319,8.14,74.4,77.77,2,6,5,2,2,0,Yes,1
STU00320,5.64,37.58,42.86,1,1,1,3,3,1,Yes,0
STU00321,7.9,78.24,71.49,2,4,0,1,2,1,Yes,1
STU00322,6.78,67.67,62.55,2,5,6,4,1,0,Yes,1
STU00323,8.35,82.41,77.06,1,3,0,3,3,0,Yes,1
STU00324,7.86,87.45,77.0,1,2,3,0,4,0,No,0
STU00325,9.09,88.11,87.8,1,3,3,1,1,0,No,1
STU00326,7.84,87.89,80.42,0,0,2,3,2,0,Yes,0
STU00327,5.19,54.6,50.29,1,3,3,4,4,0,Yes,1
STU00328,6.92,72.87,64.55,0,0,0,2,1,0,No,1
STU00329,5.65,43.3,41.22,0,0,1,0,1,0,No,0
STU00330,6.4,58.81,58.5,3,8,6,2,2,0,Yes,1
STU00331,8.74,94.33,87.93,1,2,2,0,3,0,No,1
STU00332,7.73,80.19,74.47,0,0,1,3,2,0,No,1
STU00333,6.2,59.28,51.23,1,2,4,1,3,1,No,1
STU00334,5.83,43.8,63.98,1,2,0,5,4,0,Yes,1
STU00335,7.04,80.03,57.76,3,11,3,1,1,0,No,0
STU00336,5.6,45.38,50.09,0,0,1,1,3,0,Yes,0
STU00337,6.23,44.39,59.64,2,6,3,3,3,0,Yes,1
STU00338,7.36,71.23,68.29,0,0,2,3,1,0,No,0
STU00339,8.33,69.76,80.43,0,0,2,1,1,0,No,0
STU00340,7.7,71.63,72.74,0,0,3,1,3,3,Yes,1
STU00341,4.37,60.86,42.51,0,0,0,2,2,0,No,0
STU00342,7.35,70.93,75.61,2,3,3,2,3,0,Yes,1
STU00343,7.08,60.62,65.0,0,0,3,2,2,0,Yes,0
STU00344,7.48,75.2,90.71,1,2,4,5,2,0,Yes,1
STU00345,8.86,82.16,81.83,1,3,1,1,1,0,No,1
STU00346,4.63,51.08,51.16,0,0,0,2,1,0,No,0
STU00347,6.32,52.15,57.75,1,2,2,3,1,0,No,1
STU00348,7.68,79.54,75.56,2,3,2,5,3,0,Yes,1
STU00349,5.18,40.77,53.48,1,3,5,0,2,1,No,0
STU00350,8.7,100.0,74.17,0,0,1,2,4,0,No,0
STU00351,7.42,77.29,73.82,0,0,3,2,3,0,No,1
STU00352,7.97,80.4,73.97,1,1,3,2,2,0,Yes,1
STU00353,6.34,56.06,52.2,0,0,1,1,5,0,No,0
STU00354,7.94,77.56,74.98,0,0,3,0,0,0,Yes,1
STU00355,8.23,78.99,74.77,0,0,2,3,3,2,Yes,1
STU00356,7.27,67.28,59.1,0,0,2,2,2,0,Yes,1
STU00357,7.27,82.1,71.36,3,10,3,1,3,0,Yes,1
STU00358,7.31,69.33,69.25,0,0,4,0,3,0,No,1
STU00359,6.01,41.01,48.98,0,0,3,1,4,0,No,1
STU00360,6.83,58.17,66.72,1,1,2,1,2,1,No,1
STU00361,6.82,70.68,64.82,1,2,3,1,2,0,Yes,0
STU00362,7.44,72.99,69.91,1,3,3,1,2,0,Yes,1
STU00363,8.15,82.06,98.17,1,3,3,1,3,0,No,1
STU00364,5.78,58.63,54.72,0,0,4,2,1,1,Yes,0
STU00365,6.86,60.88,77.21,1,1,3,2,1,0,Yes,1
STU00366,8.7,90.62,81.34,0,0,1,0,1,0,No,1
STU00367,6.14,51.36,53.86,3,12,2,1,2,0,Yes,1
STU00368,6.05,57.73,43.85,1,1,4,1,2,0,No,1
STU00369,7.23,69.11,66.47,1,1,4,6,0,2,Yes,1
STU00370,7.97,79.79,74.73,0,0,1,1,1,0,Yes,1
STU00371,7.01,73.01,83.07,1,1,6,0,1,0,No,1
STU00372,8.53,90.3,78.66,1,3,4,5,2,1,Yes,1
STU00373,7.99,80.41,77.0,1,1,1,3,1,2,No,1
STU00374,7.97,78.37,69.48,3,12,8,2,1,0,No,1
STU00375,7.64,86.9,77.5,1,1,5,0,1,0,No,1
STU00376,9.68,93.06,81.13,0,0,0,4,2,2,Yes,1
STU00377,6.76,61.7,66.56,1,1,0,5,0,0,Yes,1
STU00378,4.7,42.08,35.0,0,0,2,0,2,0,No,0
STU00379,8.84,93.64,83.76,1,3,5,0,2,0,No,1
STU00380,6.47,60.36,45.6,2,4,5,1,2,0,Yes,1
STU00381,7.12,68.87,63.91,0,0,3,1,3,0,No,0
STU00382,8.51,86.4,80.98,0,0,1,1,2,0,No,1
STU00383,5.16,49.58,40.96,0,0,1,1,2,0,Yes,0
STU00384,5.56,49.53,43.87,1,3,3,1,0,1,No,0
STU00385,5.16,54.78,50.38,2,3,2,6,2,0,Yes,1
STU00386,6.09,62.22,64.71,1,3,0,0,3,0,No,1
STU00387,7.51,78.67,74.52,1,2,1,3,3,0,Yes,1
STU00388,7.6,85.01,68.6,2,5,5,4,4,0,Yes,1
STU00389,7.32,72.81,70.14,2,4,5,1,3,0,Yes,1
STU00390,5.38,52.79,43.52,0,0,1,1,1,0,No,0
STU00391,4.34,51.53,47.84,1,3,1,2,2,1,No,0
STU00392,7.06,74.99,67.6,1,1,3,1,2,0,No,1
STU00393,6.46,64.88,46.92,0,0,3,1,1,0,No,0
STU00394,7.53,79.58,79.38,1,2,5,0,5,0,Yes,0
STU00395,7.81,91.1,82.16,1,1,3,1,4,0,Yes,1
STU00396,7.16,67.11,76.32,0,0,3,2,2,0,Yes,1
STU00397,7.87,79.22,74.05,0,0,3,4,3,0,Yes,1
STU00398,7.26,70.65,70.74,1,3,1,4,3,1,Yes,1
STU00399,7.61,74.67,66.77,0,0,3,7,2,0,Yes,0
STU00400,6.19,43.95,52.58,1,2,1,1,1,0,No,0
STU00401,6.79,72.82,63.96,0,0,1,2,3,1,Yes,0
STU00402,7.23,65.2,64.54,2,6,6,1,2,0,No,1
STU00403,7.94,81.98,80.01,1,3,5,2,2,0,No,1
STU00404,6.55,52.19,58.73,0,0,0,1,1,0,No,0
STU00405,7.6,80.45,71.02,2,6,3,3,1,0,No,1
STU00406,6.69,58.18,68.28,0,0,2,1,1,0,Yes,0
STU00407,6.86,58.85,61.26,2,5,3,2,1,3,Yes,1
STU00408,7.95,82.23,78.86,3,9,2,3,3,0,No,1
STU00409,4.71,41.82,35.0,1,2,1,1,3,0,Yes,0
STU00410,5.51,46.09,49.65,2,4,5,2,2,0,No,0
STU00411,5.3,49.2,42.31,2,3,5,2,2,0,Yes,1
STU00412,4.32,50.27,48.22,1,3,2,1,2,0,No,1
STU00413,6.22,51.33,45.37,0,0,4,4,2,0,Yes,1
STU00414,7.86,74.04,79.58,0,0,1,0,4,0,Yes,1
STU00415,6.67,62.72,46.49,0,0,2,2,1,0,No,1
STU00416,7.23,74.61,72.07,1,1,7,0,1,0,Yes,1
STU00417,8.25,92.56,79.74,0,0,2,4,3,0,Yes,0
STU00418,8.53,79.36,85.19,1,1,2,2,3,0,Yes,1
STU00419,6.92,64.62,59.93,0,0,3,0,3,0,No,0
STU00420,8.56,93.02,77.27,2,4,4,1,3,0,No,1
STU00421,7.11,81.38,63.93,0,0,3,1,2,0,No,1
STU00422,6.04,48.12,52.23,1,2,2,0,2,0,No,0
STU00423,6.32,53.01,57.9,0,0,0,1,2,0,No,0
STU00424,5.3,50.47,47.01,1,3,3,0,4,0,Yes,1
STU00425,5.98,50.07,44.91,0,0,1,1,1,0,No,1
STU00426,6.59,56.75,69.33,1,3,2,3,2,0,No,1
STU00427,7.92,82.22,79.75,0,0,1,2,5,0,Yes,1
STU00428,8.98,97.28,81.25,1,2,6,5,2,0,Yes,1
STU00429,5.41,41.0,48.4,1,2,1,2,2,0,No,0
STU00430,7.45,83.68,73.22,2,3,4,1,3,0,No,0
STU00431,5.8,48.36,47.76,0,0,3,0,1,0,No,0
STU00432,7.55,78.15,71.32,0,0,2,0,1,0,No,1
STU00433,6.85,74.97,68.34,3,6,9,2,1,0,No,1
STU00434,4.89,48.48,53.89,1,1,3,2,4,2,Yes,1
STU00435,8.07,80.38,66.94,1,3,1,4,3,1,Yes,0
STU00436,6.3,61.64,61.71,0,0,0,2,2,2,Yes,0
STU00437,6.39,57.43,55.59,1,3,1,1,3,0,Yes,1
STU00438,5.77,54.64,49.94,1,2,2,4,1,2,No,0
STU00439,6.25,55.37,61.71,2,4,0,3,2,0,Yes,0
STU00440,7.49,80.47,56.38,1,2,3,0,3,0,No,1
STU00441,6.78,55.99,66.24,1,3,4,2,1,0,No,1
STU00442,7.38,67.53,78.31,0,0,0,2,1,0,Yes,1
STU00443,7.42,65.7,67.02,0,0,2,5,3,0,Yes,1
STU00444,8.52,85.42,74.39,0,0,1,3,2,0,Yes,0
STU00445,6.61,52.4,68.42,1,1,3,2,1,2,Yes,1
STU00446,5.3,44.06,35.0,1,3,4,6,1,0,Yes,0
STU00447,8.23,76.9,83.06,1,2,1,1,1,0,Yes,1
STU00448,6.62,70.65,64.91,2,4,1,0,2,0,No,1
STU00449,8.28,78.09,83.42,0,0,2,3,2,0,Yes,1
STU00450,7.44,66.79,74.89,2,5,6,0,2,0,Yes,1
STU00451,6.85,66.91,60.83,2,5,2,1,2,0,No,1
STU00452,7.4,84.06,73.71,1,1,3,2,3,0,No,0
STU00453,9.24,88.13,81.57,1,3,1,3,2,1,No,1
STU00454,9.39,88.91,82.67,2,6,6,3,5,0,Yes,1
STU00455,7.08,76.88,66.35,2,5,4,0,4,0,No,0
STU00456,7.18,75.97,58.46,0,0,0,1,4,1,Yes,0
STU00457,8.24,86.18,84.09,1,3,3,2,2,0,No,1
STU00458,6.03,50.49,36.1,1,3,0,0,1,2,No,0
STU00459,7.38,76.44,72.88,0,0,1,3,5,1,No,0
STU00460,6.97,59.21,67.12,0,0,5,0,2,0,No,0
STU00461,7.36,69.63,65.61,1,2,5,0,3,0,No,1
STU00462,6.04,62.7,43.7,1,1,8,5,2,2,Yes,0
STU00463,5.17,55.42,42.16,1,1,3,3,3,0,Yes,0
STU00464,4.62,48.49,46.71,2,6,0,3,1,0,Yes,0
STU00465,5.72,39.46,50.11,2,5,2,1,0,1,Yes,0
STU00466,6.47,52.39,49.97,0,0,2,2,4,0,No,0
STU00467,6.66,58.37,60.09,0,0,2,1,1,0,No,1
STU00468,9.23,87.75,87.35,1,3,4,3,2,0,No,1
STU00469,8.27,76.46,82.28,0,0,2,4,3,1,Yes,0
STU00470,5.89,51.25,43.81,3,9,2,1,2,1,No,0
STU00471,7.4,84.52,71.85,1,3,0,1,1,1,No,1
STU00472,6.53,62.93,63.03,0,0,1,1,2,0,Yes,0
STU00473,6.67,63.9,62.81,0,0,2,3,3,0,No,0
STU00474,7.21,65.07,70.64,1,1,1,2,0,0,Yes,1
STU00475,7.71,68.45,85.14,0,0,0,0,2,0,No,0
STU00476,6.61,54.25,59.63,0,0,0,3,3,0,Yes,1
STU00477,8.22,73.43,75.45,0,0,1,2,1,0,No,1
STU00478,5.69,51.24,42.76,1,1,2,7,2,0,Yes,0
STU00479,7.01,70.26,66.02,1,2,3,1,2,0,Yes,1
STU00480,9.99,83.98,78.15,0,0,0,2,1,1,Yes,0
STU00481,7.26,72.71,66.96,1,3,4,2,2,0,No,1
STU00482,8.65,95.32,86.3,1,1,4,4,3,0,Yes,1
STU00483,7.11,81.28,73.56,2,3,5,2,5,0,No,1
STU00484,7.67,82.38,65.49,0,0,1,0,3,0,No,1
STU00485,6.93,65.75,64.4,0,0,2,2,2,0,Yes,0
STU00486,6.8,69.2,61.36,2,5,5,2,2,1,Yes,1
STU00487,6.1,62.99,52.1,1,1,4,1,1,0,No,1
STU00488,7.49,63.3,73.19,2,6,5,3,2,0,No,1
STU00489,6.02,62.81,50.73,1,1,3,3,2,0,Yes,1
STU00490,7.77,75.63,84.25,0,0,0,1,3,0,No,0
STU00491,8.25,80.53,88.21,1,1,0,0,2,1,No,1
STU00492,7.42,72.11,84.09,0,0,0,0,3,0,No,1
STU00493,6.67,64.48,59.5,2,5,3,1,3,0,No,0
STU00494,7.52,69.02,70.22,0,0,3,1,2,0,Yes,0
STU00495,6.65,60.47,53.37,2,5,4,1,2,0,Yes,1
STU00496,8.08,85.37,76.1,1,3,2,2,2,0,Yes,1
STU00497,4.89,47.83,47.81,1,3,6,0,3,0,No,1
STU00498,6.61,63.97,63.9,1,2,5,1,0,0,No,0
STU00499,4.71,44.08,47.08,3,10,2,3,1,0,Yes,0
STU00500,5.28,52.27,41.12,2,3,3,2,5,0,Yes,0
STU00501,8.57,92.36,79.07,2,6,4,4,2,0,Yes,1
STU00502,8.03,87.79,90.55,2,3,2,0,2,0,No,1
STU00503,6.17,58.28,47.73,0,0,1,0,3,0,No,0
STU00504,5.27,53.68,53.54,0,0,2,1,2,0,Yes,1
STU00505,4.0,50.35,44.55,0,0,1,3,1,0,Yes,1
STU00506,6.37,74.35,50.89,3,11,8,3,2,3,Yes,0
STU00507,9.78,96.93,79.52,3,10,3,6,2,0,Yes,1
STU00508,7.5,74.87,68.27,0,0,2,0,3,1,No,0
STU00509,6.36,52.55,57.53,0,0,2,2,3,0,Yes,0
STU00510,7.53,74.34,67.45,1,2,3,0,5,0,Yes,1
STU00511,5.2,45.78,54.1,1,3,1,3,1,0,Yes,0
STU00512,6.66,65.45,58.13,1,3,3,4,3,0,Yes,1
STU00513,7.11,65.48,70.88,2,5,4,1,1,0,Yes,1
STU00514,6.9,73.42,66.99,1,2,4,1,1,0,No,1
STU00515,7.91,72.27,87.34,1,3,2,3,2,0,Yes,0
STU00516,7.4,64.09,68.25,1,1,2,4,4,0,Yes,1
STU00517,7.77,78.13,76.58,1,2,6,1,4,0,No,1
STU00518,6.21,51.06,44.71,1,2,1,1,2,0,No,1
STU00519,8.03,74.29,79.46,1,2,2,1,1,0,No,1
STU00520,8.87,83.81,91.47,2,4,4,2,1,0,No,1
STU00521,5.88,48.04,50.93,2,6,3,1,2,0,No,0
STU00522,5.98,53.6,64.42,1,2,3,2,3,0,No,1
STU00523,8.54,82.12,85.96,0,0,2,0,1,0,Yes,1
STU00524,6.78,61.06,58.05,2,3,6,4,1,0,Yes,1
STU00525,8.61,86.26,86.03,1,1,4,1,3,0,Yes,1
STU00526,6.49,66.02,48.15,0,0,3,2,1,0,No,0
STU00527,8.67,95.46,78.84,1,1,2,1,2,0,No,0
STU00528,7.15,71.1,59.91,1,2,2,0,1,0,No,0
STU00529,7.3,73.84,69.59,2,4,4,1,2,0,No,1
STU00530,8.8,86.16,83.9,0,0,1,3,2,0,No,0
STU00531,6.58,64.14,65.48,1,1,1,5,3,0,Yes,1
STU00532,5.92,55.28,49.34,2,4,3,3,3,0,No,0
STU00533,6.48,67.78,50.81,0,0,2,6,2,2,Yes,0
STU00534,7.52,64.33,82.02,1,1,4,0,5,1,No,1
STU00535,5.2,46.33,35.0,1,2,4,0,1,0,No,0
STU00536,7.73,80.59,75.79,0,0,3,1,2,0,Yes,0
STU00537,6.38,58.22,56.68,0,0,0,1,1,0,No,0
STU00538,8.32,78.73,81.3,0,0,2,3,5,0,No,1
STU00539,4.25,37.59,45.38,1,1,2,1,2,0,No,0
STU00540,6.1,59.61,52.44,1,3,1,1,4,0,Yes,0
STU00541,5.06,42.58,47.12,2,6,5,4,1,0,Yes,0
STU00542,6.05,43.67,47.59,0,0,1,1,0,0,No,0
STU00543,7.28,77.43,60.54,0,0,1,2,2,0,Yes,0
STU00544,6.79,67.33,61.3,1,3,5,0,1,0,No,1
STU00545,6.71,62.43,53.96,0,0,0,5,2,1,Yes,0
STU00546,6.82,59.51,57.63,0,0,1,2,2,0,No,0
STU00547,7.23,70.8,75.45,1,2,1,2,1,0,Yes,1
STU00548,5.84,59.48,58.53,1,1,2,3,2,0,Yes,1
STU00549,7.81,69.75,83.29,0,0,2,1,3,0,No,1
STU00550,7.76,69.49,81.61,2,3,6,2,2,0,Yes,1
STU00551,7.44,70.77,71.89,0,0,2,2,2,0,Yes,0
STU00552,7.64,77.2,80.45,0,0,3,6,1,0,Yes,1
STU00553,7.34,70.1,72.21,0,0,1,1,1,0,No,0
STU00554,9.34,92.9,97.73,3,8,3,2,4,0,No,1
STU00555,6.9,72.79,57.75,0,0,1,0,3,0,Yes,1
STU00556,6.65,63.87,63.24,0,0,1,3,3,1,Yes,1
STU00557,6.13,58.58,44.63,0,0,0,0,2,1,Yes,0
STU00558,5.81,53.56,52.99,1,2,4,5,4,0,Yes,1
STU00559,5.57,50.0,36.62,0,0,3,2,3,1,Yes,0
STU00560,5.98,45.76,43.24,0,0,3,0,1,0,No,0
STU00561,6.92,60.33,55.8,1,3,3,1,3,0,No,0
STU00562,7.38,65.61,72.23,2,4,7,3,2,0,Yes,1
STU00563,7.06,67.91,67.93,1,1,3,3,2,0,Yes,1
STU00564,6.12,56.44,66.75,1,1,2,4,1,0,Yes,0
STU00565,8.04,73.18,78.33,3,11,5,2,1,0,Yes,1
STU00566,7.85,80.28,81.48,0,0,2,0,1,0,No,0
STU00567,6.82,59.73,62.95,1,3,5,4,1,0,Yes,1
STU00568,6.25,50.21,57.76,0,0,2,1,2,0,Yes,0
STU00569,7.63,73.43,75.04,1,3,3,0,1,0,No,1
STU00570,7.22,64.51,74.83,1,3,3,2,2,2,Yes,1
STU00571,5.33,52.05,39.1,2,4,4,2,2,2,Yes,0
STU00572,6.92,65.53,48.86,1,2,2,2,1,0,No,0
STU00573,7.3,77.43,72.04,0,0,2,4,2,0,Yes,1
STU00574,5.97,50.74,39.57,2,5,4,3,2,0,No,1
STU00575,7.22,68.83,76.14,0,0,1,1,3,0,No,0
STU00576,5.33,59.6,42.07,0,0,4,5,5,0,Yes,1
STU00577,8.54,76.11,76.62,2,3,2,1,4,0,Yes,1
STU00578,8.44,92.91,98.41,1,2,2,2,3,1,No,1
STU00579,6.71,73.08,60.05,2,4,7,4,2,0,Yes,1
STU00580,7.42,78.77,69.91,0,0,0,1,2,0,Yes,1
STU00581,4.23,43.4,46.87,0,0,3,8,2,0,Yes,0
STU00582,5.67,59.2,52.54,1,1,2,2,5,0,No,1
STU00583,6.66,60.51,66.27,0,0,1,2,1,1,Yes,0
STU00584,5.77,47.25,40.49,1,2,1,1,2,0,Yes,0
STU00585,7.82,77.2,79.75,0,0,2,5,2,0,Yes,1
STU00586,9.3,85.53,84.19,0,0,2,1,3,0,Yes,1
STU00587,5.65,44.82,41.97,1,1,0,3,1,0,Yes,0
STU00588,6.04,60.74,51.37,0,0,3,2,1,0,No,0
STU00589,7.27,67.42,58.19,0,0,0,2,4,1,No,0
STU00590,8.85,87.34,90.06,0,0,1,3,2,1,Yes,0
STU00591,5.59,41.42,45.34,0,0,2,0,3,1,No,0
STU00592,7.29,72.52,66.47,1,1,1,0,1,0,No,0
STU00593,9.09,81.46,84.57,1,2,1,0,1,0,No,1
STU00594,5.1,40.18,43.26,1,3,3,0,2,2,Yes,0
STU00595,5.53,48.99,53.49,1,3,2,1,1,0,No,0
STU00596,6.51,66.57,50.65,0,0,4,4,5,0,Yes,0
STU00597,6.4,61.34,53.41,0,0,0,5,2,0,Yes,1
STU00598,7.93,83.91,76.56,2,4,5,5,2,0,Yes,1
STU00599,7.28,71.39,62.78,0,0,2,3,3,0,No,1
STU00600,4.96,44.71,44.68,2,3,6,1,1,1,No,1
STU00601,7.59,81.39,69.3,0,0,2,0,1,2,No,0
STU00602,6.34,54.33,46.29,1,2,1,1,2,0,No,0
STU00603,8.47,90.4,85.56,1,1,3,2,2,1,Yes,1
STU00604,6.28,64.39,63.26,1,1,1,2,1,0,Yes,1
STU00605,6.27,51.78,54.12,0,0,1,0,2,0,No,0
STU00606,7.62,72.88,73.42,2,3,3,7,2,0,Yes,1
STU00607,7.88,76.91,76.44,1,1,3,4,2,0,Yes,1
STU00608,7.52,66.79,69.5,1,3,6,2,1,0,No,0
STU00609,5.06,44.31,51.14,2,3,5,1,1,0,No,0
STU00610,7.62,84.81,74.56,0,0,6,2,2,0,Yes,1
STU00611,5.81,45.61,35.81,1,3,0,0,1,0,Yes,0
STU00612,7.27,80.0,76.24,3,10,5,2,1,0,Yes,1
STU00613,5.36,45.95,51.28,3,11,6,1,1,1,No,0
STU00614,7.51,88.26,76.18,0,0,0,1,0,0,No,0
STU00615,6.07,50.4,35.0,2,5,3,0,1,0,No,1
STU00616,5.52,48.77,46.61,0,0,0,2,4,0,No,0
STU00617,7.82,74.06,81.88,1,3,1,1,0,0,Yes,0
STU00618,7.28,68.04,71.44,1,1,2,2,4,1,No,1
STU00619,6.29,65.23,55.43,1,1,5,0,2,1,Yes,0
STU00620,8.67,89.47,88.99,0,0,2,1,1,0,No,1
STU00621,6.49,66.15,57.82,0,0,3,1,1,1,Yes,0
STU00622,7.04,60.61,72.72,0,0,0,0,1,1,Yes,0
STU00623,7.31,76.55,70.59,0,0,3,0,2,0,Yes,0
STU00624,6.29,51.3,54.62,0,0,1,2,1,0,No,0
STU00625,7.54,67.98,78.36,1,2,3,3,2,0,Yes,1
STU00626,6.39,59.91,53.09,1,2,4,1,1,0,Yes,1
STU00627,6.53,61.8,50.84,1,1,4,3,3,0,No,1
STU00628,8.57,86.34,83.04,1,2,1,3,4,0,Yes,1
STU00629,5.8,56.11,52.35,0,0,2,4,4,0,Yes,0
STU00630,4.23,50.62,47.93,2,5,5,1,2,0,Yes,0
STU00631,8.85,96.33,90.1,0,0,2,3,3,0,Yes,1
STU00632,9.93,82.59,86.32,0,0,0,2,1,0,Yes,1
STU00633,6.53,69.57,56.53,0,0,1,4,2,1,Yes,0
STU00634,4.77,57.45,39.6,2,5,3,3,1,0,Yes,1
STU00635,6.64,59.96,60.66,1,2,2,2,3,0,No,0
STU00636,6.67,52.55,49.72,0,0,0,3,3,0,Yes,0
STU00637,6.78,56.03,61.47,2,3,4,1,1,0,No,1
STU00638,5.72,48.3,65.17,1,2,1,5,5,0,Yes,0
STU00639,7.67,89.82,65.71,1,2,6,3,3,0,No,1
STU00640,7.6,76.88,74.71,0,0,3,1,2,0,No,0
STU00641,5.28,44.4,47.38,0,0,2,2,3,0,Yes,0
STU00642,7.8,75.22,79.37,0,0,1,3,1,0,Yes,0
STU00643,9.36,81.15,80.29,0,0,1,1,3,1,No,1
STU00644,7.2,76.16,71.0,2,5,1,3,3,0,No,0
STU00645,6.61,61.1,55.45,0,0,1,1,3,0,Yes,0
STU00646,6.84,77.84,53.68,0,0,1,0,2,0,No,0
STU00647,7.71,82.0,80.94,0,0,4,3,3,1,No,0
STU00648,5.01,51.89,47.9,1,3,3,3,3,0,Yes,1
STU00649,7.19,69.34,61.99,0,0,2,1,1,1,No,0
STU00650,6.55,54.22,54.51,0,0,1,2,2,2,Yes,0
STU00651,9.12,83.26,82.02,0,0,1,2,2,0,No,1
STU00652,6.8,56.48,51.83,2,3,1,0,4,0,No,1
STU00653,8.92,93.25,89.36,1,1,2,2,4,0,No,1
STU00654,5.73,48.85,52.96,1,3,0,1,1,0,No,1
STU00655,7.68,83.57,72.86,1,3,4,1,4,0,Yes,1
STU00656,7.37,74.27,70.29,2,6,4,2,3,1,Yes,1
STU00657,6.0,51.96,51.4,0,0,1,5,2,0,Yes,0
STU00658,7.2,63.99,69.48,2,3,6,3,4,0,No,1
STU00659,8.39,86.72,73.82,0,0,0,0,2,0,Yes,1
STU00660,6.63,60.62,61.86,2,4,5,2,1,0,No,1
STU00661,5.05,52.51,37.04,1,3,2,1,2,0,No,0
STU00662,6.98,63.22,68.6,2,5,1,2,2,1,No,1
STU00663,5.96,57.06,43.98,1,1,0,3,4,0,Yes,1
STU00664,6.61,71.43,50.79,1,2,1,4,2,0,Yes,1
STU00665,6.91,67.97,63.17,1,2,3,3,1,0,No,0
STU00666,5.04,51.75,43.74,0,0,2,7,1,0,Yes,0
STU00667,5.14,50.9,45.09,1,3,3,0,2,0,No,0
STU00668,7.55,87.58,67.83,0,0,3,4,1,0,Yes,1
STU00669,6.4,60.89,56.87,2,3,7,4,3,0,Yes,1
STU00670,4.05,49.46,44.05,0,0,1,3,0,0,Yes,0
STU00671,7.9,80.29,84.5,1,1,3,1,4,0,Yes,1
STU00672,7.31,68.03,70.79,2,3,1,2,2,0,No,1
STU00673,6.18,48.53,49.18,1,1,0,2,1,0,No,0
STU00674,5.49,56.99,38.3,1,1,0,4,2,0,No,0
STU00675,7.96,75.07,68.94,1,1,1,1,0,0,No,1
STU00676,7.4,78.42,72.88,1,3,3,2,4,0,No,1
STU00677,9.74,92.08,91.34,0,0,2,0,1,0,No,0
STU00678,7.48,80.66,66.81,2,6,3,2,2,0,Yes,1
STU00679,7.45,71.5,73.12,3,8,10,1,3,0,No,1
STU00680,6.81,60.09,60.78,1,2,3,2,2,0,No,1
STU00681,7.94,83.18,82.22,2,4,2,2,4,0,No,1
STU00682,7.72,76.61,80.56,2,4,2,0,3,0,No,1
STU00683,8.44,77.86,68.65,0,0,1,0,2,0,No,0
STU00684,6.4,70.32,61.88,0,0,0,2,3,0,Yes,0
STU00685,6.5,55.3,58.56,1,3,3,3,2,0,Yes,1
STU00686,6.45,53.33,53.1,0,0,0,0,5,0,No,0
STU00687,7.91,79.15,74.58,0,0,4,3,4,0,No,0
STU00688,8.72,94.44,84.12,0,0,3,1,1,0,No,1
STU00689,6.47,46.64,53.61,1,2,2,3,2,0,Yes,1
STU00690,6.51,67.23,51.59,1,3,3,1,1,0,Yes,1
STU00691,7.36,67.91,66.13,0,0,2,5,2,1,Yes,1
STU00692,6.72,64.83,54.0,0,0,0,3,2,0,Yes,1
STU00693,8.09,78.29,87.43,1,1,2,0,3,0,No,0
STU00694,4.41,57.5,42.88,1,1,2,1,3,0,Yes,1
STU00695,6.05,54.95,64.72,2,5,4,3,4,0,No,1
STU00696,6.1,50.59,54.07,0,0,0,3,1,0,Yes,0
STU00697,4.33,43.69,46.03,1,2,0,2,2,0,Yes,0
STU00698,5.89,53.24,43.34,0,0,1,2,3,0,No,0
STU00699,5.95,54.26,48.89,3,8,6,3,1,1,No,1
STU00700,6.77,66.78,61.58,2,4,1,4,1,0,Yes,1
STU00701,8.28,84.01,77.19,0,0,2,3,1,0,No,1
STU00702,6.72,55.0,57.47,0,0,1,4,1,0,Yes,0
STU00703,5.81,49.89,51.46,0,0,1,2,3,0,Yes,0
STU00704,6.93,70.44,66.44,0,0,0,1,1,0,No,0
STU00705,8.21,79.33,72.33,1,1,2,5,0,0,Yes,1
STU00706,5.88,56.61,51.28,0,0,2,2,3,0,No,0
STU00707,5.95,53.44,53.57,0,0,0,0,2,2,Yes,0
STU00708,7.64,76.09,70.85,1,1,3,0,1,0,Yes,1
STU00709,6.75,70.91,56.59,2,4,4,1,3,0,No,1
STU00710,7.74,68.24,78.32,0,0,1,1,1,0,No,0
STU00711,6.98,63.53,49.14,0,0,1,2,4,0,Yes,0
STU00712,7.81,86.75,76.37,0,0,0,1,0,1,No,1
STU00713,5.81,62.85,58.67,0,0,1,0,2,0,No,0
STU00714,6.99,81.32,49.02,0,0,1,1,3,0,Yes,1
STU00715,6.76,64.27,65.9,2,5,1,4,3,0,Yes,1
STU00716,5.6,52.88,50.4,3,12,4,3,3,0,Yes,0
STU00717,5.2,52.66,36.12,0,0,0,2,3,0,Yes,1
STU00718,7.79,86.82,79.29,0,0,3,3,3,1,No,1
STU00719,6.6,63.32,64.45,0,0,3,3,2,0,Yes,1
STU00720,5.82,57.59,41.98,0,0,0,2,3,0,Yes,0
STU00721,6.89,68.82,58.81,2,6,3,2,3,0,No,1
STU00722,8.3,87.3,81.33,1,3,1,4,1,1,Yes,1
STU00723,4.38,40.01,48.38,0,0,1,4,2,2,Yes,0
STU00724,5.28,46.12,41.85,0,0,1,5,1,2,Yes,0
STU00725,5.94,49.98,49.87,0,0,1,0,2,0,No,1
STU00726,8.68,79.53,79.67,0,0,2,1,1,0,No,1
STU00727,7.32,62.95,70.01,1,1,5,1,3,0,No,0
STU00728,7.88,77.72,83.55,1,3,2,4,4,0,No,1
STU00729,5.69,49.22,48.44,0,0,1,1,1,0,No,0
STU00730,5.71,51.65,45.88,0,0,0,0,3,0,No,1
STU00731,7.51,78.93,72.39,2,3,4,1,2,0,No,1
STU00732,7.07,70.08,61.15,1,1,2,4,2,0,Yes,0
STU00733,7.63,75.64,68.21,0,0,0,0,2,0,Yes,0
STU00734,6.78,58.92,68.63,1,2,1,1,1,0,Yes,1
STU00735,7.32,78.05,79.61,2,6,2,5,2,0,No,1
STU00736,7.18,70.04,56.9,0,0,0,3,3,0,Yes,0
STU00737,7.89,77.81,80.9,2,6,4,2,1,0,No,1
STU00738,7.93,79.68,82.95,2,5,10,2,5,0,Yes,1
STU00739,5.14,43.05,37.17,0,0,1,1,3,0,No,0
STU00740,4.42,42.37,39.72,2,6,4,1,3,0,No,0
STU00741,8.15,79.49,76.41,1,3,2,2,1,0,Yes,1
STU00742,8.37,82.97,93.1,0,0,1,0,4,0,Yes,1
STU00743,5.83,55.99,58.97,2,5,4,2,2,0,Yes,1
STU00744,4.86,48.83,37.86,0,0,1,1,2,0,Yes,0
STU00745,7.11,78.95,57.92,0,0,3,3,1,0,Yes,0
STU00746,8.07,89.44,83.8,1,2,2,3,2,0,Yes,1
STU00747,9.07,100.0,88.58,1,1,2,0,2,0,No,1
STU00748,7.59,80.01,81.12,0,0,2,3,2,0,No,1
STU00749,6.57,64.34,51.72,2,6,1,1,3,0,Yes,1
STU00750,5.97,50.56,54.83,0,0,1,2,1,2,No,0
STU00751,7.01,73.06,60.71,0,0,0,3,0,0,No,1
STU00752,6.66,58.42,63.1,1,2,3,1,1,0,Yes,1
STU00753,5.83,43.3,48.9,2,3,1,5,2,0,Yes,1
STU00754,9.36,98.23,97.48,1,2,0,4,1,0,No,0
STU00755,9.05,80.77,87.95,1,2,4,1,5,0,No,1
STU00756,8.31,86.91,79.4,2,4,7,2,2,0,No,1
STU00757,5.94,47.85,50.96,0,0,1,3,0,1,Yes,1
STU00758,7.98,88.15,77.79,1,2,2,4,2,0,Yes,1
STU00759,7.74,86.15,68.65,1,3,3,1,2,2,No,0
STU00760,7.51,78.7,84.07,2,6,5,1,2,0,No,1
STU00761,8.44,92.71,91.83,2,4,5,3,0,2,No,1
STU00762,7.73,78.55,74.45,0,0,3,2,1,1,No,1
STU00763,7.85,93.27,81.06,2,6,5,1,1,0,Yes,1
STU00764,7.73,83.02,87.85,1,1,4,1,2,0,Yes,1
STU00765,7.39,68.42,78.25,2,3,3,0,2,1,No,0
STU00766,4.95,47.11,41.85,0,0,2,2,3,0,No,0
STU00767,7.1,68.49,65.88,2,3,2,1,1,0,No,1
STU00768,6.36,56.59,44.79,2,5,3,3,1,0,Yes,1
STU00769,5.53,39.72,51.31,2,6,5,3,2,0,Yes,1
STU00770,8.93,90.15,92.29,2,3,6,1,2,0,Yes,1
STU00771,8.99,79.72,92.53,0,0,3,2,1,0,No,1
STU00772,8.56,70.85,87.2,2,6,4,2,1,0,Yes,1
STU00773,7.29,70.36,71.54,1,1,6,1,0,0,No,1
STU00774,8.55,81.4,76.95,1,1,5,2,3,0,Yes,1
STU00775,7.01,62.94,67.03,0,0,4,1,3,0,No,0
STU00776,7.23,52.84,64.67,0,0,5,1,0,0,No,0
STU00777,5.74,46.17,51.43,1,1,3,1,0,0,No,0
STU00778,7.46,73.71,67.17,0,0,0,0,2,0,No,0
STU00779,7.07,65.17,69.09,2,4,4,0,2,2,No,0
STU00780,5.5,51.81,54.42,1,1,3,2,5,0,Yes,1
STU00781,6.94,75.28,66.18,0,0,3,4,2,0,No,0
STU00782,6.91,69.46,65.33,0,0,1,3,1,0,Yes,0
STU00783,9.07,94.48,90.8,0,0,3,3,4,0,No,1
STU00784,8.03,88.46,89.42,0,0,3,2,3,0,No,0
STU00785,7.01,61.98,64.45,0,0,1,1,0,3,No,0
STU00786,7.29,74.96,72.45,1,2,2,1,1,0,Yes,1
STU00787,7.05,74.69,74.79,1,3,1,1,1,1,No,1
STU00788,6.77,61.49,65.13,2,6,3,2,1,1,No,0
STU00789,5.76,46.65,36.38,1,1,3,3,1,1,No,0
STU00790,6.83,68.32,57.84,1,1,2,0,5,0,Yes,1
STU00791,6.14,46.45,56.85,0,0,0,3,2,0,No,0
STU00792,5.56,43.36,44.49,2,3,5,5,0,0,Yes,1
STU00793,7.59,72.6,82.24,0,0,2,2,1,2,No,0
STU00794,7.45,77.35,82.79,1,1,1,7,1,2,Yes,1
STU00795,4.95,47.99,40.14,1,2,4,7,1,2,Yes,1
STU00796,6.86,71.76,56.37,0,0,0,3,3,0,Yes,0
STU00797,8.15,77.28,77.64,1,2,4,2,2,1,Yes,1
STU00798,8.22,77.6,77.94,2,5,5,1,1,0,No,1
STU00799,8.18,86.26,89.34,1,1,4,1,1,0,No,0
STU00800,7.04,63.82,59.4,1,1,1,2,2,0,Yes,0
STU00801,6.03,50.38,55.45,1,3,2,4,1,0,Yes,0
STU00802,5.75,40.23,56.7,0,0,1,5,2,0,No,1
STU00803,7.4,75.62,75.79,0,0,2,1,1,0,No,1
STU00804,7.44,83.67,74.05,2,6,2,4,2,0,No,1
STU00805,8.48,79.35,81.55,0,0,3,4,1,0,Yes,1
STU00806,8.26,90.04,92.0,0,0,1,1,1,0,No,1
STU00807,6.85,65.05,60.93,0,0,2,0,3,0,No,0
STU00808,5.57,39.35,52.63,1,3,1,1,5,0,Yes,0
STU00809,6.63,56.63,58.05,0,0,3,2,3,0,Yes,0
STU00810,7.25,66.01,57.7,0,0,1,3,1,0,Yes,1
STU00811,6.77,62.23,59.51,0,0,2,3,2,0,Yes,1
STU00812,6.34,60.22,53.77,2,5,1,3,1,1,No,0
STU00813,7.29,83.49,68.54,0,0,0,1,2,0,Yes,1
STU00814,6.42,50.33,51.96,0,0,1,4,1,0,Yes,0
STU00815,6.28,54.05,57.72,1,3,2,2,2,0,No,0
STU00816,7.36,67.95,74.75,0,0,1,1,2,0,No,0
STU00817,6.54,53.0,55.77,2,6,4,2,2,1,Yes,1
STU00818,7.28,72.78,67.32,1,1,5,2,1,0,No,1
STU00819,7.31,72.71,63.39,1,3,4,4,2,0,Yes,0
STU00820,5.69,39.93,49.34,0,0,1,5,4,1,Yes,1
STU00821,6.45,59.38,64.54,0,0,1,0,1,0,Yes,0
STU00822,8.65,79.31,91.82,2,3,2,3,3,2,Yes,1
STU00823,5.66,50.66,44.0,0,0,1,3,4,1,No,0
STU00824,4.57,53.4,54.73,1,3,6,0,1,0,Yes,1
STU00825,4.86,49.16,41.21,1,3,4,2,1,2,Yes,0
STU00826,7.03,69.49,59.33,0,0,1,2,3,0,No,0
STU00827,7.04,65.3,57.3,1,2,1,1,1,0,No,0
STU00828,6.86,66.06,56.2,1,3,3,2,3,0,Yes,0
STU00829,8.4,88.3,83.92,2,5,1,3,2,1,No,0
STU00830,4.0,47.91,40.58,0,0,3,1,1,0,No,0
STU00831,7.46,74.14,67.94,0,0,1,0,3,0,No,0
STU00832,8.8,88.56,79.17,0,0,2,3,2,0,No,1
STU00833,5.7,43.04,41.43,0,0,0,1,2,0,No,0
STU00834,6.56,56.54,52.6,2,3,2,5,1,0,No,0
STU00835,6.13,59.48,58.32,1,1,4,5,2,0,Yes,1
STU00836,5.97,58.51,61.28,0,0,1,5,1,0,No,0
STU00837,6.62,62.44,70.07,0,0,2,2,2,0,No,0
STU00838,8.64,95.34,87.59,1,1,6,1,1,0,Yes,0
STU00839,9.11,91.49,82.49,0,0,3,2,1,0,Yes,1
STU00840,6.61,60.28,54.68,0,0,1,0,2,1,No,0
STU00841,9.19,81.36,90.21,1,3,2,3,2,0,Yes,1
STU00842,7.04,77.19,64.08,1,2,1,2,2,0,No,0
STU00843,9.02,92.75,87.6,0,0,2,0,1,0,No,1
STU00844,6.89,76.91,74.7,1,2,3,2,2,0,Yes,0
STU00845,7.15,83.2,68.5,1,3,3,3,1,0,Yes,1
STU00846,7.42,66.49,84.88,1,3,5,0,2,1,Yes,0
STU00847,10.0,82.19,80.13,0,0,0,3,2,0,Yes,0
STU00848,7.98,64.16,81.02,2,6,4,2,2,0,Yes,1
STU00849,6.19,61.37,54.74,1,1,2,6,0,0,Yes,1
STU00850,8.11,86.47,73.63,1,1,4,6,1,1,Yes,1
STU00851,6.58,61.83,63.06,1,1,1,3,3,0,Yes,1
STU00852,6.44,51.76,65.3,1,1,6,1,1,0,No,0
STU00853,8.04,81.43,92.18,2,3,5,3,3,1,No,1
STU00854,7.04,69.59,67.95,1,2,4,6,2,1,Yes,0
STU00855,7.32,77.49,58.39,0,0,1,1,1,0,Yes,0
STU00856,7.02,69.8,68.03,0,0,3,6,3,0,Yes,1
STU00857,7.39,77.74,75.21,0,0,1,6,3,0,Yes,1
STU00858,7.49,74.5,70.83,0,0,3,4,2,2,Yes,1
STU00859,4.77,53.24,44.44,1,2,2,1,1,0,No,1
STU00860,7.77,82.71,73.02,1,3,3,0,2,2,No,0
STU00861,5.87,45.37,48.69,0,0,2,2,5,0,No,1
STU00862,5.34,56.79,51.56,2,6,4,1,2,0,No,1
STU00863,6.93,74.12,72.11,3,10,4,1,3,0,No,0
STU00864,7.1,72.2,58.79,1,1,2,3,1,1,Yes,0
STU00865,6.2,57.72,49.97,1,3,2,5,1,0,Yes,0
STU00866,7.96,91.03,68.55,0,0,3,3,2,0,Yes,0
STU00867,5.46,39.38,57.21,2,5,3,3,2,0,Yes,0
STU00868,6.53,67.98,62.75,0,0,1,1,0,0,No,1
STU00869,6.33,54.73,42.58,1,2,0,2,2,0,Yes,0
STU00870,6.95,73.59,63.63,1,3,2,2,1,0,No,1
STU00871,7.32,73.53,68.1,0,0,2,2,1,2,No,1
STU00872,5.84,44.74,44.66,0,0,3,0,2,0,No,0
STU00873,7.83,76.68,82.87,1,3,2,8,2,0,Yes,0
STU00874,7.07,75.15,72.1,0,0,5,1,1,0,No,0
STU00875,4.82,45.0,44.88,0,0,3,1,3,0,Yes,0
STU00876,4.75,42.38,39.26,2,3,4,1,4,0,No,0
STU00877,6.99,63.83,60.8,1,1,4,2,3,0,Yes,0
STU00878,6.75,67.6,61.01,1,3,7,1,2,0,No,1
STU00879,6.88,76.4,60.15,0,0,1,0,2,0,No,0
STU00880,6.97,54.51,64.32,0,0,1,2,2,0,Yes,0
STU00881,7.26,88.67,72.21,0,0,1,2,3,1,No,0
STU00882,8.09,83.55,70.12,0,0,2,6,1,0,Yes,1
STU00883,5.72,54.57,43.54,0,0,1,1,3,2,No,0
STU00884,5.65,47.9,47.32,3,8,5,1,2,1,Yes,1
STU00885,5.74,51.26,57.67,0,0,0,0,1,0,No,0
STU00886,7.33,74.12,75.04,0,0,1,0,1,0,No,0
STU00887,8.43,78.89,82.16,2,6,5,3,1,2,Yes,1
STU00888,6.5,55.28,59.53,2,4,5,0,5,0,Yes,1
STU00889,4.12,52.42,41.7,3,8,2,4,2,0,Yes,1
STU00890,5.04,37.74,50.52,0,0,1,1,2,0,No,0
STU00891,6.04,56.76,53.72,0,0,4,1,4,0,No,1
STU00892,6.36,55.84,62.74,1,3,1,1,2,1,No,0
STU00893,6.53,54.73,49.37,2,6,5,1,3,0,No,1
STU00894,7.04,80.44,60.78,0,0,0,1,4,0,No,0
STU00895,6.64,56.41,60.78,2,4,4,4,1,0,Yes,1
STU00896,8.21,76.58,83.32,2,4,1,1,1,1,Yes,1
STU00897,6.22,55.17,67.69,1,2,2,2,1,2,Yes,0
STU00898,6.01,49.19,39.96,1,1,2,3,3,0,No,0
STU00899,7.55,76.17,72.94,0,0,2,0,3,0,No,1
STU00900,5.23,48.85,44.45,0,0,2,2,1,0,Yes,0
STU00901,7.45,76.02,73.04,0,0,1,0,1,0,No,1
STU00902,7.12,69.04,77.18,0,0,1,1,2,0,Yes,1
STU00903,6.83,60.96,67.43,0,0,1,4,1,1,Yes,1
STU00904,8.83,91.25,74.77,1,3,3,1,0,1,No,1
STU00905,6.28,56.4,63.27,2,3,4,4,2,0,Yes,1
STU00906,9.37,86.13,95.14,0,0,2,4,3,0,Yes,1
STU00907,6.74,72.56,62.26,1,3,3,5,1,2,Yes,1
STU00908,5.53,48.97,36.99,1,2,2,0,3,0,No,0
STU00909,7.08,75.7,65.23,0,0,0,0,1,0,No,0
STU00910,5.76,58.81,51.26,0,0,0,3,2,0,Yes,1
STU00911,6.14,62.98,58.23,0,0,6,4,4,0,Yes,1
STU00912,7.46,78.9,61.13,1,2,2,1,1,0,Yes,1
STU00913,7.64,77.33,69.72,2,3,3,2,1,0,Yes,1
STU00914,6.28,56.69,60.66,1,2,3,2,3,0,No,0
STU00915,8.14,81.25,88.72,1,3,3,2,3,0,Yes,1
STU00916,8.33,71.45,84.04,1,1,1,2,3,0,Yes,1
STU00917,8.65,90.85,90.43,3,10,4,0,1,0,No,1
STU00918,7.61,78.32,76.59,1,3,5,2,4,0,Yes,1
STU00919,8.57,90.97,88.8,0,0,3,0,2,0,No,1
STU00920,4.84,45.6,44.17,0,0,0,2,1,0,No,0
STU00921,6.63,66.0,61.9,0,0,2,0,5,0,No,0
STU00922,6.0,45.47,43.41,0,0,1,1,3,2,No,0
STU00923,7.14,63.02,71.37,1,1,2,1,3,0,No,0
STU00924,6.34,42.95,47.29,1,2,2,4,3,0,Yes,1
STU00925,6.81,64.04,66.18,1,2,1,1,5,1,No,0
STU00926,9.16,83.96,82.97,0,0,1,1,3,0,No,1
STU00927,6.8,59.36,64.0,2,5,5,0,1,0,No,1
STU00928,7.48,77.05,66.32,0,0,1,3,2,0,Yes,1
STU00929,6.73,61.01,57.55,1,1,2,5,2,1,Yes,1
STU00930,7.09,60.67,68.48,1,2,1,2,2,0,No,0
STU00931,7.01,83.22,69.48,1,1,7,3,1,0,No,0
STU00932,7.52,75.38,79.17,0,0,3,0,1,0,No,0
STU00933,8.34,78.04,74.63,1,2,4,0,1,0,No,1
STU00934,8.89,83.7,75.71,2,4,0,0,3,0,Yes,1
STU00935,7.36,72.26,64.45,2,3,2,2,2,0,No,0
STU00936,7.68,76.84,68.5,0,0,4,2,1,0,Yes,0
STU00937,5.68,58.51,57.1,0,0,0,0,1,0,Yes,0
STU00938,6.9,65.76,71.28,2,3,1,0,2,1,Yes,1
STU00939,8.08,93.41,73.3,0,0,0,3,2,1,Yes,1
STU00940,8.0,78.9,88.76,1,1,4,0,2,0,No,0
STU00941,7.24,74.22,76.35,2,5,2,1,1,0,Yes,1
STU00942,8.02,87.84,68.93,0,0,1,3,2,1,Yes,1
STU00943,7.56,83.49,67.14,0,0,2,2,2,0,No,1
STU00944,8.38,92.69,71.86,1,2,2,2,1,0,Yes,1
STU00945,7.33,71.34,69.45,0,0,2,1,1,0,Yes,0
STU00946,6.59,61.32,58.46,1,3,2,2,1,0,Yes,0
STU00947,7.39,58.86,70.83,0,0,1,1,1,0,No,1
STU00948,4.0,43.95,35.0,1,3,4,2,3,1,No,1
STU00949,7.44,81.04,62.93,0,0,1,1,3,1,Yes,0
STU00950,4.0,50.5,43.68,0,0,0,1,2,0,No,0
STU00951,5.02,46.43,47.69,0,0,0,1,2,1,Yes,0
STU00952,7.52,85.85,60.53,0,0,1,1,2,2,No,1
STU00953,7.55,73.81,65.43,3,9,4,3,2,0,Yes,1
STU00954,5.66,46.29,53.72,0,0,2,4,1,1,Yes,0
STU00955,6.18,53.0,45.46,0,0,3,1,1,1,No,0
STU00956,8.58,79.32,82.97,1,3,1,1,4,0,No,0
STU00957,6.44,62.97,48.31,1,3,3,2,2,2,Yes,0
STU00958,9.58,91.16,91.42,3,6,6,2,3,3,Yes,1
STU00959,7.0,71.46,52.7,0,0,1,2,2,0,Yes,0
STU00960,7.47,72.46,70.12,1,3,0,4,2,0,Yes,1
STU00961,8.86,87.2,90.19,0,0,3,2,2,0,No,1
STU00962,7.15,57.13,70.86,1,2,2,3,5,0,No,0
STU00963,5.85,54.51,46.47,1,3,3,4,3,0,Yes,1
STU00964,6.87,66.39,58.6,0,0,1,5,1,0,Yes,1
STU00965,6.96,60.63,62.83,1,3,2,1,2,0,Yes,1
STU00966,5.43,48.38,38.27,2,4,4,7,1,0,Yes,0
STU00967,6.71,61.54,59.49,3,6,3,2,2,0,No,1
STU00968,6.15,65.97,51.89,0,0,1,1,2,0,No,0
STU00969,8.06,75.73,76.59,0,0,2,6,1,2,Yes,0
STU00970,7.04,70.53,71.54,1,1,4,1,2,0,No,1
STU00971,6.67,56.07,53.19,0,0,2,5,2,0,Yes,1
STU00972,6.88,62.51,52.63,1,3,4,0,2,0,No,1
STU00973,7.26,73.49,65.68,2,5,4,2,2,0,Yes,1
STU00974,7.71,76.99,76.0,0,0,1,2,2,0,Yes,0
STU00975,5.85,52.25,48.65,1,1,2,3,0,0,Yes,0
STU00976,5.8,53.78,47.88,0,0,2,1,2,0,Yes,0
STU00977,8.27,80.99,74.2,1,1,2,2,1,0,No,1
STU00978,6.53,65.7,51.5,1,1,1,3,1,0,No,0
STU00979,5.37,46.78,42.68,3,10,4,3,2,0,Yes,0
STU00980,7.51,74.95,69.13,0,0,2,2,1,1,Yes,0
STU00981,7.53,78.05,79.47,1,3,3,3,2,0,Yes,1
STU00982,5.24,49.29,46.51,1,2,3,5,2,0,Yes,1
STU00983,7.26,75.81,65.75,1,1,3,5,1,0,Yes,1
STU00984,7.85,81.7,83.37,1,3,0,1,1,0,No,0
STU00985,7.43,77.17,74.03,0,0,1,4,4,1,No,0
STU00986,7.73,76.5,67.31,0,0,4,3,1,0,No,0
STU00987,5.39,42.3,35.0,1,1,1,0,0,0,Yes,0
STU00988,7.38,65.1,62.7,1,3,4,1,2,0,Yes,1
STU00989,6.65,52.27,62.87,1,3,3,4,2,0,Yes,0
STU00990,6.44,69.83,61.6,3,7,3,1,2,0,Yes,1
STU00991,8.0,68.29,68.6,0,0,2,1,2,0,Yes,0
STU00992,8.7,93.97,87.76,0,0,3,0,2,1,No,1
STU00993,9.06,83.37,89.02,0,0,2,1,2,1,No,1
STU00994,8.51,92.85,91.1,0,0,1,1,1,0,Yes,1
STU00995,6.87,52.58,68.5,0,0,2,3,5,0,No,1
STU00996,7.41,72.62,79.14,0,0,2,2,2,0,Yes,1
STU00997,7.88,88.98,80.19,2,6,5,1,1,0,No,0
STU00998,7.14,74.34,69.79,0,0,1,5,2,0,Yes,1
STU00999,7.15,68.17,65.17,2,3,4,4,1,0,Yes,1
STU01000,7.95,69.34,82.92,0,0,3,1,4,0,No,1
STU01001,6.93,58.81,55.75,1,1,3,4,3,0,Yes,0
STU01002,6.16,63.9,51.74,1,3,2,2,0,0,Yes,1
STU01003,6.52,58.27,60.6,0,0,0,4,2,0,Yes,0
STU01004,7.73,78.06,83.94,0,0,2,2,2,0,No,0
STU01005,7.0,69.6,62.03,1,2,5,1,3,0,No,1
STU01006,7.39,66.0,76.61,2,3,7,4,4,1,Yes,1
STU01007,7.77,81.41,74.78,1,1,4,1,0,0,No,1
STU01008,6.57,58.49,63.93,1,1,3,4,2,0,Yes,1
STU01009,7.87,81.84,72.27,2,3,6,1,3,1,No,0
STU01010,7.44,70.95,75.78,1,1,8,4,1,0,Yes,1
STU01011,5.58,40.55,46.42,1,1,5,1,3,1,No,0
STU01012,8.66,84.0,76.45,2,3,8,1,3,1,No,0
STU01013,6.42,62.8,55.04,1,1,2,0,4,0,No,1
STU01014,5.1,49.62,52.19,1,3,3,2,5,0,Yes,1
STU01015,5.8,51.94,42.64,1,1,3,2,3,0,Yes,1
STU01016,5.83,57.44,40.15,1,3,4,2,4,0,No,1
STU01017,7.06,67.62,68.23,0,0,1,1,1,0,No,0
STU01018,6.69,63.08,49.68,1,2,2,2,4,0,No,0
STU01019,6.61,58.79,68.05,2,6,4,6,2,0,Yes,1
STU01020,7.71,84.03,84.52,1,2,6,1,5,0,No,1
STU01021,7.39,75.56,77.04,3,11,3,3,1,0,Yes,1
STU01022,7.36,70.06,70.34,2,5,3,0,2,0,No,1
STU01023,7.47,66.04,81.96,1,3,2,3,1,0,No,1
STU01024,7.71,84.87,83.32,0,0,2,3,1,0,Yes,0
STU01025,4.58,41.33,39.6,1,1,2,7,1,1,Yes,0
STU01026,6.58,61.63,66.83,3,8,6,1,2,0,No,1
STU01027,4.49,59.78,37.19,1,2,1,1,1,2,No,0
STU01028,7.04,73.37,64.38,0,0,1,2,3,0,No,0
STU01029,6.99,77.41,53.99,0,0,3,4,2,0,No,1
STU01030,8.2,80.08,81.19,1,1,2,4,3,0,Yes,0
STU01031,8.37,91.11,79.92,1,3,2,3,2,0,Yes,1
STU01032,7.23,71.62,65.75,1,3,1,3,2,0,No,0
STU01033,6.42,61.16,54.97,1,3,3,3,5,0,Yes,1
STU01034,7.56,88.36,69.76,1,2,2,0,3,0,No,0
STU01035,6.39,56.91,55.83,0,0,1,4,2,0,Yes,0
STU01036,7.0,67.93,72.51,1,1,2,1,0,0,No,1
STU01037,8.13,77.28,73.33,1,3,0,4,0,0,Yes,0
STU01038,6.36,63.4,60.24,1,2,2,2,1,0,No,1
STU01039,7.93,77.42,79.08,1,2,4,0,1,0,No,1
STU01040,7.78,85.22,78.33,1,2,1,1,2,0,Yes,1
STU01041,5.9,42.92,49.63,1,2,2,4,3,0,No,1
STU01042,8.12,85.88,75.29,1,3,1,3,2,0,Yes,1
STU01043,7.8,75.47,79.0,1,2,3,3,1,0,Yes,1
STU01044,7.12,74.14,69.87,2,5,2,2,1,0,Yes,1
STU01045,6.12,55.01,47.29,2,6,4,2,2,0,No,1
STU01046,6.01,50.62,42.8,2,6,4,1,0,0,No,1
STU01047,6.38,56.08,55.91,1,3,2,5,0,0,Yes,0
STU01048,7.62,71.97,78.6,0,0,3,3,5,1,Yes,1
STU01049,5.9,57.83,55.84,3,11,4,0,5,1,Yes,0
STU01050,7.5,69.14,79.65,0,0,1,4,3,3,No,0
STU01051,5.57,48.35,49.18,0,0,3,3,3,0,Yes,1
STU01052,6.77,66.15,59.5,0,0,1,2,2,2,Yes,0
STU01053,7.13,79.56,66.87,1,3,3,1,1,0,Yes,0
STU01054,9.81,89.59,79.19,1,1,3,5,1,0,Yes,1
STU01055,5.42,47.45,41.81,0,0,0,1,4,0,Yes,0
STU01056,8.69,88.4,83.43,3,11,2,1,1,0,Yes,1
STU01057,7.17,58.1,65.94,1,3,5,3,1,0,No,0
STU01058,7.47,67.81,72.56,2,6,4,1,2,0,Yes,1
STU01059,7.14,67.76,58.77,1,2,2,3,4,0,No,1
STU01060,7.51,71.27,65.64,1,2,2,4,1,0,Yes,1
STU01061,6.82,55.49,66.75,3,12,4,3,4,1,Yes,1
STU01062,8.67,91.78,78.63,2,3,3,1,3,0,No,1
STU01063,6.48,61.24,52.62,1,3,3,2,3,0,No,1
STU01064,8.3,85.07,81.8,0,0,2,4,3,0,Yes,0
STU01065,6.26,52.58,48.16,0,0,1,0,0,0,No,0
STU01066,6.93,67.18,70.35,0,0,1,1,1,0,No,0
STU01067,5.77,54.58,40.95,0,0,3,2,1,0,Yes,1
STU01068,7.52,74.12,72.72,1,3,2,2,0,0,No,0
STU01069,8.66,89.25,79.09,1,1,2,0,3,2,No,1
STU01070,6.91,61.62,64.33,1,3,2,2,2,0,No,0
STU01071,6.77,64.79,58.22,2,6,2,1,3,0,Yes,1
STU01072,5.72,57.91,47.92,0,0,4,2,2,0,Yes,0
STU01073,6.74,71.0,67.94,2,5,6,3,2,1,Yes,1
STU01074,5.17,55.56,40.47,2,3,4,2,2,0,No,1
STU01075,5.95,54.94,46.05,1,2,1,3,3,0,Yes,0
STU01076,7.26,72.09,67.0,2,3,4,3,2,0,Yes,1
STU01077,8.52,83.05,91.59,2,5,3,1,1,0,No,1
STU01078,10.0,79.05,86.35,1,3,2,1,4,0,No,1
STU01079,6.33,49.48,61.95,1,3,3,1,3,0,No,0
STU01080,8.65,85.52,82.46,1,3,3,0,2,1,No,1
STU01081,7.28,71.55,76.34,1,1,2,0,3,0,Yes,0
STU01082,6.83,73.6,64.57,2,4,2,5,2,0,Yes,1
STU01083,7.5,83.26,75.7,0,0,0,0,1,1,Yes,0
STU01084,7.07,64.88,57.39,0,0,2,2,3,0,Yes,1
STU01085,7.13,74.8,57.39,2,4,3,3,4,0,Yes,1
STU01086,6.53,57.64,63.92,2,3,5,0,1,0,Yes,1
STU01087,5.39,52.85,52.1,0,0,1,1,0,0,Yes,0
STU01088,5.22,52.7,59.39,1,1,1,0,1,0,No,1
STU01089,7.75,86.19,66.83,0,0,1,1,2,0,Yes,0
STU01090,6.68,59.75,62.62,1,2,3,3,2,0,No,0
STU01091,6.31,63.51,48.28,2,4,5,1,2,0,No,0
STU01092,7.01,56.78,60.57,1,1,1,2,2,0,Yes,0
STU01093,7.91,88.44,74.65,2,4,2,2,1,0,Yes,1
STU01094,7.21,70.92,70.36,0,0,0,4,2,0,Yes,1
STU01095,6.25,56.55,49.59,1,2,0,3,3,0,Yes,1
STU01096,8.41,72.8,82.22,1,1,2,1,0,0,Yes,1
STU01097,8.82,85.02,89.35,0,0,3,1,3,0,No,1
STU01098,7.57,84.51,80.14,2,4,4,4,1,1,Yes,1
STU01099,8.12,80.02,83.74,0,0,1,2,1,0,Yes,1
STU01100,8.43,89.45,84.88,2,6,6,1,2,0,No,1
STU01101,8.3,84.41,80.35,0,0,0,4,0,0,Yes,1
STU01102,7.71,84.58,71.79,3,10,2,5,1,0,Yes,1
STU01103,7.69,79.15,78.24,2,3,4,3,2,0,No,1
STU01104,7.6,71.11,67.39,2,5,4,3,2,0,Yes,1
STU01105,5.74,51.58,48.96,1,3,3,4,1,0,No,0
STU01106,7.81,88.95,69.89,1,2,1,1,5,0,No,1
STU01107,5.44,52.06,45.83,1,3,1,3,2,0,Yes,1
STU01108,6.09,53.95,45.33,1,3,2,1,2,0,Yes,0
STU01109,8.5,99.17,80.23,0,0,0,7,2,0,No,1
STU01110,7.97,88.14,74.13,0,0,1,1,1,0,No,0
STU01111,8.71,91.76,79.08,1,1,0,3,2,3,No,0
STU01112,6.69,64.68,59.25,1,1,2,3,2,0,Yes,1
STU01113,5.67,55.06,35.0,2,5,2,0,5,0,Yes,0
STU01114,6.72,67.96,49.57,1,2,2,3,2,0,Yes,0
STU01115,7.12,56.66,71.58,1,2,3,1,3,0,Yes,1
STU01116,7.09,71.71,67.23,1,2,3,1,2,0,No,0
STU01117,8.3,83.29,76.92,2,3,4,1,3,0,Yes,1
STU01118,6.58,58.26,64.1,0,0,3,3,3,0,Yes,0
STU01119,7.4,72.84,67.18,1,2,2,4,0,2,No,0
STU01120,5.86,43.06,45.92,0,0,4,1,3,0,No,0
STU01121,7.52,64.81,67.94,0,0,2,1,1,2,Yes,0
STU01122,7.0,75.38,76.34,1,3,0,0,1,0,Yes,0
STU01123,6.14,58.05,53.69,0,0,2,2,3,0,No,0
STU01124,6.73,49.0,61.65,1,2,3,7,2,2,Yes,0
STU01125,6.79,61.02,64.27,2,3,6,1,2,1,Yes,1
STU01126,6.69,68.09,48.69,2,6,6,1,2,0,Yes,0
STU01127,9.04,86.51,81.63,1,3,3,0,0,0,Yes,0
STU01128,6.89,73.46,65.72,0,0,0,3,2,0,No,1
STU01129,6.72,69.59,60.27,0,0,2,1,2,2,No,0
STU01130,4.59,37.69,56.06,0,0,0,3,3,0,Yes,0
STU01131,5.97,52.61,47.26,0,0,4,3,0,0,Yes,0
STU01132,6.7,60.25,65.6,1,1,5,2,2,2,Yes,0
STU01133,6.21,47.8,57.98,0,0,1,2,2,0,No,0
STU01134,8.59,77.41,83.99,0,0,2,1,3,0,Yes,1
STU01135,6.81,60.05,63.84,0,0,0,2,1,0,No,0
STU01136,8.48,81.69,80.8,0,0,1,3,1,0,Yes,0
STU01137,7.07,70.7,54.16,0,0,1,0,3,0,No,0
STU01138,7.04,74.86,67.69,0,0,1,0,1,0,No,1
STU01139,6.9,69.3,65.79,0,0,2,0,2,0,No,0
STU01140,7.0,72.42,68.43,1,2,0,3,1,2,No,1
STU01141,8.98,86.37,85.35,1,1,0,2,2,0,Yes,1
STU01142,4.33,49.11,48.32,1,3,2,3,3,0,No,0
STU01143,4.7,45.11,37.81,0,0,2,0,1,0,No,0
STU01144,6.38,55.64,64.1,1,1,3,1,1,0,No,0
STU01145,7.02,79.56,59.25,1,2,5,4,2,0,No,1
STU01146,7.79,65.24,75.58,1,1,5,1,2,2,No,1
STU01147,7.54,64.81,77.13,0,0,3,0,4,0,No,1
STU01148,6.56,63.17,54.78,3,9,6,1,1,0,No,1
STU01149,8.17,81.45,84.53,0,0,5,3,3,0,No,0
STU01150,8.18,74.56,78.12,3,10,8,3,4,0,No,1
STU01151,7.21,64.81,68.85,1,1,1,0,3,0,No,0
STU01152,8.11,76.91,78.37,0,0,2,2,4,0,Yes,1
STU01153,7.31,78.04,66.22,0,0,0,3,2,0,Yes,0
STU01154,6.35,65.26,68.49,0,0,1,2,4,0,No,1
STU01155,7.8,89.16,71.28,1,1,5,0,2,0,No,1
STU01156,7.13,60.36,53.18,3,10,6,0,2,0,No,1
STU01157,7.0,59.66,60.04,2,5,0,2,2,0,Yes,1
STU01158,8.69,78.14,84.54,3,12,8,2,3,0,No,1
STU01159,4.18,53.07,40.07,0,0,2,1,2,0,No,0
STU01160,5.37,51.11,51.71,0,0,0,2,1,0,Yes,0
STU01161,5.63,50.88,53.29,1,2,0,0,5,0,No,1
STU01162,6.58,62.6,56.32,0,0,0,3,3,0,Yes,1
STU01163,6.71,62.77,50.01,0,0,0,2,3,0,No,1
STU01164,5.27,41.29,37.32,0,0,3,3,4,0,Yes,0
STU01165,5.87,55.53,49.25,1,2,5,5,0,0,Yes,0
STU01166,6.01,52.71,41.44,2,4,3,2,3,0,Yes,1
STU01167,9.83,82.46,84.45,0,0,2,3,1,0,No,0
STU01168,9.07,91.79,93.87,0,0,0,1,1,1,No,1
STU01169,6.53,57.86,59.47,0,0,2,3,1,0,No,1
STU01170,6.58,62.59,58.5,1,2,3,3,2,0,Yes,1
STU01171,5.68,49.96,41.46,0,0,2,5,3,0,Yes,1
STU01172,4.81,51.58,44.32,1,2,3,6,2,1,Yes,0
STU01173,6.87,67.0,61.13,1,1,5,1,3,0,Yes,1
STU01174,5.85,47.0,50.73,0,0,1,5,1,0,Yes,1
STU01175,6.9,68.23,67.66,2,4,3,2,1,1,No,1
STU01176,5.16,49.69,49.95,0,0,1,2,5,3,Yes,1
STU01177,6.12,58.17,52.88,1,2,0,1,0,1,Yes,0
STU01178,7.17,76.73,70.59,1,2,4,0,1,0,No,1
STU01179,7.42,70.53,68.15,0,0,1,0,4,0,Yes,1
STU01180,7.48,79.11,78.89,1,3,0,2,2,0,Yes,1
STU01181,5.48,39.01,41.04,0,0,1,1,3,0,Yes,0
STU01182,7.98,80.66,77.14,1,2,1,7,2,0,Yes,1
STU01183,6.08,52.93,59.0,1,1,0,1,3,0,No,0
STU01184,7.73,87.16,72.58,0,0,2,0,2,0,No,1
STU01185,6.99,66.69,56.59,1,1,4,2,5,0,Yes,1
STU01186,5.42,52.56,43.45,0,0,3,1,1,1,No,0
STU01187,6.64,51.48,67.4,0,0,1,1,1,0,No,1
STU01188,7.42,72.09,57.58,0,0,1,1,3,0,No,0
STU01189,7.7,73.11,75.8,0,0,3,2,3,0,Yes,1
STU01190,6.84,80.12,58.46,0,0,1,2,0,0,No,1
STU01191,8.76,83.1,83.09,0,0,3,1,2,0,Yes,1
STU01192,8.16,83.37,77.83,2,4,8,1,1,0,Yes,1
STU01193,6.7,63.83,65.83,2,6,2,0,0,1,No,0
STU01194,7.86,70.47,77.33,2,3,7,0,2,0,No,1
STU01195,9.22,85.61,91.83,3,8,9,2,2,0,No,1
STU01196,9.25,91.28,93.55,1,2,3,5,1,0,Yes,1
STU01197,5.59,50.55,47.21,1,1,1,2,1,0,Yes,0
STU01198,5.93,39.28,47.93,0,0,2,1,2,0,Yes,0
STU01199,8.71,83.43,86.1,2,3,3,3,2,0,Yes,1
STU01200,5.78,57.74,52.03,0,0,2,0,1,0,No,0
STU01201,5.48,52.86,39.41,1,1,0,2,5,0,No,0
STU01202,6.44,66.5,57.6,2,4,5,1,2,0,No,0
STU01203,7.48,69.25,70.64,3,6,4,0,1,3,No,0
STU01204,6.88,73.61,60.4,0,0,3,3,2,0,No,1
STU01205,6.25,56.4,49.52,0,0,0,2,4,0,No,0
STU01206,6.22,65.87,49.56,1,3,3,2,2,0,No,0
STU01207,6.18,55.83,60.34,2,3,3,2,1,0,Yes,0
STU01208,5.99,41.32,48.42,1,2,2,3,3,0,Yes,1
STU01209,9.62,94.58,93.34,0,0,0,4,1,0,Yes,1
STU01210,7.34,70.42,70.87,2,4,5,0,1,2,No,1
STU01211,8.02,79.46,71.92,1,3,0,2,1,0,Yes,1
STU01212,6.44,50.41,57.27,2,5,8,3,1,0,Yes,0
STU01213,6.79,74.17,54.31,2,6,8,1,2,0,No,1
STU01214,6.18,52.66,56.43,2,3,6,0,1,0,No,1
STU01215,4.0,54.57,40.87,2,5,5,0,2,3,No,0
STU01216,5.42,46.32,51.03,2,3,5,2,4,0,No,0
STU01217,4.92,41.02,52.19,1,3,2,0,4,0,Yes,0
STU01218,4.41,53.47,35.0,1,3,2,3,2,0,Yes,1
STU01219,5.63,49.88,44.55,1,2,1,0,3,0,No,0
STU01220,8.52,85.39,75.52,1,2,2,2,3,0,No,1
STU01221,6.95,59.36,77.0,0,0,1,2,5,0,Yes,0
STU01222,8.48,82.82,79.92,0,0,3,2,5,0,Yes,1
STU01223,7.47,77.57,64.11,0,0,0,4,1,0,Yes,1
STU01224,7.9,72.69,90.93,1,2,2,0,2,0,No,0
STU01225,5.96,50.15,46.03,1,3,2,2,2,0,Yes,0
STU01226,7.6,74.24,64.03,0,0,1,0,1,0,No,0
STU01227,7.84,80.11,69.76,2,6,2,4,2,0,No,1
STU01228,6.34,66.62,55.6,2,5,4,5,5,0,Yes,1
STU01229,7.64,75.61,74.68,0,0,2,4,3,0,Yes,0
STU01230,7.65,73.36,69.49,2,3,1,1,1,0,No,1
STU01231,6.37,74.66,52.27,0,0,1,0,2,0,No,0
STU01232,5.71,48.39,48.31,1,2,2,0,1,0,No,0
STU01233,5.64,49.29,55.38,2,5,2,3,1,0,Yes,1
STU01234,7.1,67.31,68.46,0,0,1,3,2,0,No,0
STU01235,7.38,71.92,67.2,2,3,7,1,1,0,No,1
STU01236,6.09,55.16,50.32,1,2,1,4,2,0,Yes,1
STU01237,7.03,73.9,70.0,3,12,2,3,2,1,No,1
STU01238,7.66,80.01,84.66,0,0,0,0,1,0,Yes,0
STU01239,7.71,84.73,68.64,0,0,0,0,1,1,Yes,0
STU01240,8.78,93.47,90.89,1,2,2,1,2,0,Yes,1
STU01241,8.47,86.68,80.55,1,1,2,1,4,2,No,0
STU01242,5.85,54.53,39.53,2,4,6,1,3,1,No,1
STU01243,8.94,94.49,73.91,1,3,2,0,1,0,Yes,1
STU01244,6.39,51.86,63.53,0,0,1,2,4,0,No,0
STU01245,8.2,98.28,89.01,1,3,2,3,1,0,Yes,1
STU01246,7.08,66.04,62.71,1,2,4,2,3,1,Yes,1
STU01247,6.53,58.3,56.13,0,0,0,2,2,0,No,0
STU01248,4.92,39.34,35.0,1,2,1,1,2,0,No,0
STU01249,6.8,57.65,66.32,1,1,3,3,1,0,Yes,0
STU01250,5.21,53.63,44.61,1,3,1,2,4,1,No,0
STU01251,8.11,96.13,70.19,0,0,0,2,3,2,No,0
STU01252,8.74,83.61,85.25,0,0,2,4,2,0,Yes,1
STU01253,6.08,56.71,43.29,1,3,1,2,1,0,No,0
STU01254,7.35,74.48,73.51,0,0,0,6,2,0,Yes,1
STU01255,6.17,61.64,46.14,2,5,5,1,1,0,Yes,1
STU01256,6.28,70.26,55.97,0,0,1,4,2,2,Yes,0
STU01257,7.89,89.49,73.45,2,6,4,2,1,0,Yes,1
STU01258,6.96,65.75,49.99,0,0,1,1,1,0,Yes,0
STU01259,9.0,91.25,91.05,1,2,0,3,3,0,Yes,1
STU01260,6.45,63.03,62.56,0,0,1,2,2,3,Yes,0
STU01261,8.15,82.73,76.72,1,1,0,2,1,0,No,1
STU01262,7.11,63.06,68.29,1,3,2,0,0,2,No,0
STU01263,7.92,75.9,80.32,1,2,4,0,1,0,Yes,1
STU01264,6.49,66.76,59.69,0,0,0,0,3,0,Yes,1
STU01265,6.94,74.47,74.32,2,5,4,2,5,0,No,1
STU01266,6.87,64.45,65.2,0,0,2,4,3,0,Yes,1
STU01267,6.04,55.66,48.95,1,1,5,4,5,0,No,1
STU01268,7.76,86.04,78.42,1,2,2,1,4,0,No,1
STU01269,7.75,68.49,73.14,2,6,3,5,3,0,Yes,1
STU01270,7.68,75.27,68.56,2,5,6,3,2,0,No,1
STU01271,8.77,99.22,91.44,0,0,1,4,2,0,Yes,1
STU01272,8.67,88.41,86.81,2,3,7,2,1,1,Yes,1
STU01273,6.57,54.23,46.84,0,0,1,1,2,0,No,0
STU01274,7.43,75.04,67.23,1,2,1,4,3,0,Yes,0
STU01275,6.28,63.18,58.6,0,0,3,2,1,0,Yes,1
STU01276,7.03,53.05,55.95,0,0,2,1,5,0,No,1
STU01277,6.31,58.43,49.85,2,5,2,1,1,1,No,0
STU01278,8.86,85.33,100.0,2,3,4,1,2,0,Yes,1
STU01279,7.42,64.33,69.19,0,0,2,0,4,3,Yes,0
STU01280,6.75,64.3,67.31,1,2,2,2,2,0,No,1
STU01281,8.37,83.94,90.76,2,3,3,4,2,0,Yes,1
STU01282,4.5,45.52,37.22,1,3,5,1,1,0,No,0
STU01283,4.68,43.89,44.58,2,6,2,2,5,0,No,1
STU01284,7.92,74.56,90.04,0,0,1,1,0,2,Yes,0
STU01285,7.07,60.25,68.73,0,0,0,3,1,0,No,1
STU01286,7.29,68.21,83.55,1,3,2,5,1,0,Yes,0
STU01287,5.47,54.45,42.47,1,1,1,3,1,2,No,0
STU01288,6.97,68.81,75.2,2,5,4,1,5,0,No,1
STU01289,9.3,88.56,86.07,0,0,2,1,2,0,Yes,0
STU01290,7.95,74.76,76.04,0,0,3,2,5,0,No,1
STU01291,7.2,68.62,71.7,0,0,3,3,2,0,Yes,1
STU01292,6.5,64.43,56.34,1,1,7,0,3,0,No,1
STU01293,6.55,63.73,57.2,0,0,6,2,3,0,Yes,0
STU01294,4.55,42.89,45.66,0,0,1,3,3,0,Yes,0
STU01295,7.3,56.81,58.64,2,3,5,1,5,0,No,1
STU01296,7.97,77.2,73.46,2,6,4,1,1,1,Yes,1
STU01297,5.19,44.78,49.01,2,6,10,2,2,0,No,1
STU01298,6.24,51.07,59.46,0,0,2,4,5,0,Yes,1
STU01299,5.67,48.15,49.77,0,0,0,4,0,1,Yes,0
STU01300,5.89,57.58,51.33,1,3,2,2,2,0,Yes,1
STU01301,7.06,68.64,68.28,0,0,1,1,2,0,No,0
STU01302,4.6,51.79,48.6,3,11,2,2,2,1,Yes,1
STU01303,7.71,69.16,66.66,3,10,8,2,1,0,Yes,1
STU01304,7.87,78.23,74.01,1,2,2,0,3,0,No,1
STU01305,6.71,51.55,59.73,3,7,4,1,2,0,No,1
STU01306,4.15,42.76,43.49,2,5,5,1,3,0,No,0
STU01307,5.85,46.04,36.65,1,3,3,2,3,0,Yes,1
STU01308,8.42,92.77,74.54,0,0,1,1,2,1,No,0
STU01309,4.0,47.58,42.02,0,0,3,2,1,0,No,0
STU01310,6.6,67.59,64.58,0,0,1,4,2,0,Yes,1
STU01311,5.64,47.89,44.95,2,4,1,4,2,2,Yes,0
STU01312,7.93,74.64,73.76,1,2,2,1,3,0,Yes,1
STU01313,6.22,49.99,56.47,2,6,5,4,3,0,Yes,1
STU01314,7.46,76.48,69.92,1,1,3,7,1,2,Yes,0
STU01315,7.65,88.36,79.78,2,6,5,3,2,0,No,1
STU01316,9.11,90.9,84.1,0,0,1,0,2,0,No,0
STU01317,6.77,61.86,54.42,1,2,3,2,2,1,Yes,1
STU01318,7.43,73.23,79.89,0,0,0,1,2,0,No,0
STU01319,5.29,47.97,52.58,1,3,3,3,2,0,Yes,0
STU01320,8.37,96.88,75.99,1,1,1,1,2,1,No,0
STU01321,6.13,62.53,54.51,0,0,1,2,1,0,Yes,0
STU01322,6.36,59.55,53.03,1,1,2,1,3,1,No,0
STU01323,6.97,68.1,68.16,0,0,0,3,3,0,Yes,1
STU01324,5.2,49.55,39.5,2,4,2,1,2,1,No,0
STU01325,7.26,74.89,74.16,1,2,5,2,1,0,No,0
STU01326,8.11,80.03,86.68,1,3,5,4,2,0,Yes,1
STU01327,7.34,67.96,64.34,1,3,3,5,2,0,Yes,1
STU01328,5.17,53.81,45.02,0,0,1,1,3,0,Yes,0
STU01329,6.86,65.68,69.84,1,2,3,2,2,0,No,1
STU01330,7.85,85.58,70.88,0,0,2,3,2,0,Yes,0
STU01331,4.84,56.19,39.3,2,4,4,1,1,1,No,0
STU01332,5.76,54.59,52.44,2,3,2,3,2,0,Yes,0
STU01333,8.01,83.78,77.67,2,4,2,3,1,0,Yes,1
STU01334,7.31,91.83,60.18,1,1,2,0,3,0,No,0
STU01335,7.47,76.25,70.09,0,0,3,4,1,0,No,0
STU01336,9.14,81.99,96.01,1,2,1,3,2,0,Yes,1
STU01337,7.54,74.27,85.33,1,3,4,2,3,0,No,1
STU01338,7.76,88.1,71.97,1,3,3,2,2,0,No,0
STU01339,10.0,82.13,81.41,1,3,0,0,4,0,No,0
STU01340,6.75,59.4,58.16,1,2,3,5,4,0,Yes,1
STU01341,6.08,61.25,62.42,1,3,3,3,3,0,Yes,0
STU01342,7.49,73.67,77.36,1,3,2,0,3,0,Yes,1
STU01343,7.5,74.81,81.26,0,0,3,2,1,0,No,1
STU01344,6.39,65.04,61.59,1,1,2,3,4,0,Yes,1
STU01345,5.81,47.62,41.0,1,3,4,0,2,0,Yes,0
STU01346,9.66,80.69,80.81,1,3,3,3,1,0,Yes,1
STU01347,7.38,65.23,66.39,0,0,1,1,3,0,Yes,1
STU01348,6.16,59.02,49.4,2,6,7,4,0,2,No,1
STU01349,8.05,83.58,74.96,2,5,2,2,2,0,Yes,1
STU01350,6.87,61.66,59.44,0,0,2,3,2,0,No,0
STU01351,6.71,56.19,63.98,2,6,4,1,1,0,No,1
STU01352,7.65,75.83,75.27,2,3,1,2,2,0,No,1
STU01353,5.51,56.28,53.9,2,5,4,2,2,0,Yes,0
STU01354,7.41,69.01,72.54,2,4,7,1,2,0,No,1
STU01355,9.2,84.72,81.64,1,3,4,6,3,0,Yes,1
STU01356,7.54,68.78,74.05,0,0,1,2,1,1,No,1
STU01357,6.57,58.79,48.92,0,0,2,1,2,0,No,0
STU01358,6.42,60.9,42.0,0,0,1,1,4,0,No,0
STU01359,6.53,73.15,61.32,1,1,2,1,1,0,No,0
STU01360,6.71,64.42,66.23,0,0,2,1,2,1,No,1
STU01361,6.57,60.65,58.4,0,0,2,3,4,0,No,1
STU01362,8.05,87.21,76.68,1,2,3,1,3,0,No,1
STU01363,5.01,51.09,35.86,0,0,1,3,2,0,Yes,0
STU01364,7.99,77.98,85.45,0,0,3,2,3,0,No,0
STU01365,6.56,74.76,60.9,1,2,6,0,1,1,No,1
STU01366,7.43,74.24,73.14,1,2,1,3,2,0,No,0
STU01367,5.7,52.37,47.92,1,2,3,1,2,0,No,0
STU01368,8.53,89.12,79.99,0,0,1,0,3,0,No,1
STU01369,8.43,87.26,75.51,2,3,2,0,3,0,No,1
STU01370,8.1,91.58,80.95,0,0,2,0,1,0,No,1
STU01371,5.26,44.45,41.76,1,3,2,2,5,0,Yes,1
STU01372,7.95,85.76,75.51,0,0,0,3,4,0,Yes,1
STU01373,7.47,75.9,82.22,2,5,3,5,3,0,Yes,1
STU01374,5.15,53.41,44.23,0,0,1,2,2,0,No,0
STU01375,6.97,66.11,49.68,3,7,3,0,3,1,No,1
STU01376,7.42,72.1,67.99,0,0,1,3,2,2,Yes,0
STU01377,7.64,81.74,68.34,1,3,3,1,5,1,No,0
STU01378,7.2,73.15,67.17,1,2,1,0,2,0,No,0
STU01379,7.33,68.09,61.46,1,1,4,1,3,0,No,1
STU01380,8.69,94.84,86.37,2,3,3,1,3,0,Yes,1
STU01381,8.41,89.41,80.24,1,1,3,1,5,0,No,1
STU01382,4.0,44.68,39.27,1,2,5,1,2,1,Yes,0
STU01383,6.63,59.22,59.92,2,6,4,5,1,0,Yes,1
STU01384,6.81,67.08,61.44,0,0,2,0,2,2,No,0
STU01385,4.99,50.79,43.02,1,3,3,1,1,1,No,0
STU01386,7.11,60.01,65.23,1,3,5,1,0,0,Yes,0
STU01387,8.44,87.47,82.09,2,3,3,2,2,0,Yes,1
STU01388,5.75,55.25,50.39,2,5,5,2,1,1,Yes,0
STU01389,7.39,59.63,72.06,1,3,2,3,3,0,Yes,0
STU01390,5.95,54.36,56.95,0,0,1,2,2,1,No,0
STU01391,6.23,60.51,50.07,2,3,2,0,2,0,No,0
STU01392,8.7,90.27,85.21,2,4,1,1,3,0,No,1
STU01393,6.38,63.11,69.98,0,0,3,3,4,0,No,1
STU01394,7.53,73.89,72.61,0,0,1,2,1,0,No,0
STU01395,4.85,40.1,43.33,0,0,0,6,1,0,Yes,1
STU01396,9.14,77.74,77.96,0,0,1,2,3,0,No,1
STU01397,7.69,84.63,70.79,0,0,2,3,5,0,No,0
STU01398,6.79,68.72,60.86,1,2,7,3,3,0,No,1
STU01399,7.66,84.67,77.86,0,0,2,2,2,0,No,1
STU01400,5.38,44.33,49.57,2,6,1,0,2,0,No,0
STU01401,8.36,89.48,83.61,0,0,1,2,2,0,Yes,1
STU01402,6.63,52.91,63.75,1,1,5,0,1,0,No,1
STU01403,6.77,58.86,55.08,0,0,1,1,3,0,No,0
STU01404,6.43,59.84,59.02,0,0,0,2,2,0,No,0
STU01405,6.33,61.65,54.75,0,0,1,1,2,0,Yes,1
STU01406,7.8,89.34,77.02,1,2,3,0,1,0,No,1
STU01407,7.29,71.0,67.26,1,1,3,2,2,0,No,1
STU01408,7.75,73.54,70.02,1,1,2,1,2,0,No,0
STU01409,6.99,62.17,57.38,1,1,2,3,1,0,No,0
STU01410,7.59,72.5,75.55,1,3,1,5,2,0,Yes,1
STU01411,6.52,73.63,60.29,2,6,5,1,2,0,No,1
STU01412,9.56,93.94,85.62,0,0,1,4,1,0,Yes,1
STU01413,5.2,54.39,44.63,0,0,1,2,1,0,No,0
STU01414,8.45,83.88,77.99,1,2,5,1,2,0,No,1
STU01415,8.57,86.03,86.06,2,4,4,2,2,1,No,0
STU01416,6.02,58.11,51.28,2,3,5,5,1,0,Yes,1
STU01417,9.56,86.36,84.2,1,3,2,3,2,0,Yes,1
STU01418,8.14,81.06,85.0,0,0,2,5,3,0,Yes,1
STU01419,8.12,78.52,83.44,2,4,2,4,1,0,Yes,1
STU01420,7.03,65.72,56.19,0,0,1,1,4,0,No,0
STU01421,6.75,64.12,61.13,0,0,2,2,3,0,Yes,1
STU01422,6.76,59.05,55.23,0,0,1,1,2,3,No,0
STU01423,7.45,76.35,72.47,3,8,2,6,2,0,Yes,1
STU01424,8.61,87.99,64.37,1,3,2,6,1,0,Yes,1
STU01425,7.21,70.02,69.27,0,0,2,1,3,0,No,0
STU01426,5.95,48.28,54.51,0,0,1,0,0,0,Yes,0
STU01427,7.95,81.63,77.34,2,5,2,0,1,0,No,0
STU01428,8.06,79.04,72.09,1,3,3,1,0,0,Yes,1
STU01429,7.75,79.05,87.51,0,0,1,7,4,0,Yes,1
STU01430,7.86,86.51,83.86,3,12,3,0,3,0,No,1
STU01431,6.69,55.26,56.59,1,3,4,6,5,0,Yes,1
STU01432,5.93,66.1,48.49,1,2,4,2,3,0,No,1
STU01433,6.0,53.29,38.84,1,3,2,0,1,1,No,0
STU01434,5.12,49.84,47.21,1,1,2,2,1,0,Yes,0
STU01435,7.27,67.56,60.87,0,0,0,0,2,0,Yes,1
STU01436,6.9,73.16,67.3,0,0,0,1,4,0,No,1
STU01437,6.49,59.24,63.15,1,2,3,0,3,1,Yes,0
STU01438,4.0,42.76,41.7,1,3,3,1,1,0,No,1
STU01439,5.57,46.46,40.53,2,4,4,2,4,0,No,1
STU01440,8.29,82.46,88.57,2,6,0,3,3,1,Yes,1
STU01441,6.24,58.96,53.47,1,3,3,2,2,0,Yes,1
STU01442,7.41,75.16,71.68,1,3,3,1,3,0,Yes,1
STU01443,5.4,48.56,40.21,1,3,5,2,3,0,No,0
STU01444,8.65,82.28,84.71,0,0,2,3,3,0,No,1
STU01445,6.83,60.6,61.0,0,0,0,4,2,0,Yes,0
STU01446,7.33,70.22,62.02,1,3,6,1,1,0,No,1
STU01447,9.67,92.28,94.56,1,2,1,2,1,0,No,1
STU01448,8.74,90.99,94.57,2,4,1,3,2,2,Yes,1
STU01449,6.65,67.0,65.32,0,0,1,1,3,1,Yes,0
STU01450,6.32,57.45,59.67,1,1,4,0,2,0,No,0
STU01451,6.63,64.2,69.49,2,4,4,1,2,0,No,0
STU01452,7.59,75.57,67.3,1,1,0,0,3,0,No,1
STU01453,6.88,55.41,56.51,0,0,3,0,3,0,Yes,0
STU01454,6.55,59.39,55.2,1,2,4,3,3,1,Yes,0
STU01455,8.69,84.46,85.5,2,5,2,2,1,2,No,1
STU01456,6.87,59.5,60.97,0,0,2,3,3,0,No,0
STU01457,9.64,86.09,80.38,1,3,2,3,1,0,Yes,1
STU01458,7.1,70.33,66.55,1,1,2,4,3,1,Yes,0
STU01459,9.05,81.47,84.71,0,0,1,1,0,0,Yes,1
STU01460,7.41,69.82,76.13,1,1,0,2,2,0,Yes,1
STU01461,8.11,91.75,79.73,1,2,2,3,1,0,Yes,1
STU01462,6.17,46.02,41.21,1,3,1,3,2,0,Yes,1
STU01463,6.02,52.78,53.2,1,3,8,3,1,0,Yes,0
STU01464,7.53,68.81,82.29,0,0,0,1,1,0,No,1
STU01465,8.14,78.22,79.9,0,0,1,1,2,0,No,0
STU01466,7.05,67.46,71.56,1,1,4,3,5,0,Yes,1
STU01467,5.52,43.69,43.58,0,0,3,1,1,0,Yes,0
STU01468,5.44,52.48,49.44,1,3,1,2,4,0,Yes,0
STU01469,5.36,56.64,41.07,1,3,0,1,2,0,Yes,1
STU01470,4.97,51.81,42.28,0,0,0,1,3,2,No,0
STU01471,7.13,76.02,65.44,3,8,1,0,2,2,No,0
STU01472,8.29,75.85,83.99,1,1,0,2,1,0,No,0
STU01473,6.98,66.12,59.64,3,10,5,1,2,2,No,1
STU01474,4.4,48.34,35.0,0,0,1,3,3,0,Yes,0
STU01475,6.78,69.53,64.13,2,4,4,1,5,0,Yes,0
STU01476,6.81,75.45,64.52,1,3,2,8,1,0,Yes,1
STU01477,9.41,95.59,86.85,3,12,4,2,3,1,No,1
STU01478,5.32,53.72,50.94,1,2,0,1,1,0,Yes,0
STU01479,6.55,76.57,56.55,2,4,5,5,4,0,Yes,1
STU01480,8.96,88.47,86.59,0,0,1,1,1,0,No,1
STU01481,7.52,73.89,70.52,1,3,2,2,2,0,Yes,1
STU01482,7.65,78.52,72.91,0,0,2,1,1,0,Yes,1
STU01483,7.13,64.46,68.99,1,2,4,1,2,0,No,1
STU01484,7.38,74.03,84.23,0,0,2,2,1,0,No,1
STU01485,7.89,70.05,81.86,2,4,4,4,1,0,Yes,1
STU01486,6.07,51.28,54.75,1,1,4,3,1,0,No,0
STU01487,8.01,80.95,83.29,1,2,4,0,3,0,No,1
STU01488,5.42,54.65,35.0,3,10,7,1,2,1,No,0
STU01489,7.38,80.27,72.52,2,6,1,2,3,0,Yes,1
STU01490,7.21,65.26,73.5,2,4,1,1,1,0,Yes,1
STU01491,6.29,69.63,54.68,0,0,3,4,1,0,Yes,1
STU01492,6.97,68.32,64.17,2,3,3,2,1,0,Yes,0
STU01493,6.28,58.51,48.43,1,2,0,0,2,0,No,0
STU01494,5.77,41.79,45.9,2,3,4,0,1,0,No,0
STU01495,6.59,57.67,53.39,1,1,2,2,1,0,Yes,1
STU01496,5.73,57.46,54.16,1,1,3,5,1,0,Yes,1
STU01497,7.37,74.52,79.51,0,0,3,3,3,0,Yes,1
STU01498,5.68,51.35,59.31,0,0,2,1,3,0,No,0
STU01499,7.82,80.86,71.4,1,2,2,3,1,0,Yes,1
STU01500,5.64,41.8,43.45,0,0,2,2,0,1,No,0
STU01501,6.35,57.3,50.38,1,2,3,0,1,0,No,0
STU01502,6.28,65.48,47.92,0,0,1,3,0,0,Yes,0
STU01503,8.52,92.3,76.76,0,0,4,1,0,0,No,1
STU01504,7.38,72.89,67.55,0,0,2,0,2,0,No,1
STU01505,6.76,73.32,66.19,0,0,1,2,2,0,No,1
STU01506,7.57,68.87,69.12,0,0,1,3,4,0,No,0
STU01507,4.58,39.97,49.12,2,6,2,2,4,2,No,0
STU01508,6.95,78.26,72.28,1,2,1,0,2,3,No,0
STU01509,9.3,92.42,87.67,0,0,0,2,3,0,Yes,1
STU01510,7.15,68.5,74.61,0,0,3,4,1,0,Yes,0
STU01511,7.08,68.78,57.95,2,4,5,2,1,1,Yes,1
STU01512,7.63,72.34,70.83,0,0,0,3,4,2,No,1
STU01513,8.03,83.48,79.96,2,4,2,2,3,0,No,1
STU01514,4.7,47.19,44.35,1,1,3,0,1,0,No,1
STU01515,5.07,47.27,52.72,0,0,0,2,3,0,Yes,0
STU01516,7.24,64.67,62.63,2,4,5,1,2,0,Yes,1
STU01517,6.18,57.35,49.54,1,1,4,3,4,0,No,0
STU01518,8.51,82.55,82.22,2,6,3,3,2,0,Yes,1
STU01519,6.64,56.16,55.97,0,0,0,3,2,1,Yes,0
STU01520,4.78,53.76,36.91,1,3,5,1,1,0,No,0
STU01521,5.54,62.76,43.89,1,1,2,2,3,0,Yes,0
STU01522,4.0,56.78,40.65,0,0,2,1,4,0,Yes,0
STU01523,6.73,67.43,69.21,2,4,5,3,1,0,No,1
STU01524,6.78,62.78,55.25,2,5,4,1,3,0,No,0
STU01525,6.51,59.79,62.1,1,3,2,1,3,0,No,0
STU01526,8.24,86.09,88.29,2,4,2,0,5,0,Yes,1
STU01527,8.38,82.26,78.71,0,0,3,1,2,0,Yes,1
STU01528,6.8,72.69,63.33,1,2,2,1,5,0,No,0
STU01529,4.55,35.0,46.19,0,0,2,2,1,0,No,1
STU01530,7.71,76.49,77.73,2,6,2,0,3,1,No,1
STU01531,7.64,82.13,74.82,1,2,5,4,2,0,Yes,1
STU01532,7.36,68.22,66.22,2,5,6,3,2,0,Yes,1
STU01533,8.13,81.23,83.65,0,0,1,4,2,0,Yes,1
STU01534,5.66,54.14,45.33,0,0,2,5,0,0,Yes,1
STU01535,9.31,98.09,86.15,2,6,6,0,3,0,No,1
STU01536,5.9,44.99,50.81,0,0,0,1,1,0,Yes,0
STU01537,7.86,71.78,82.12,0,0,3,1,2,0,No,1
STU01538,5.06,41.43,55.68,1,2,3,1,3,0,Yes,0
STU01539,5.93,43.81,45.61,0,0,0,0,4,0,No,0
STU01540,8.74,78.21,84.33,1,3,4,2,2,0,Yes,1
STU01541,6.7,57.15,51.08,2,4,4,1,3,3,Yes,0
STU01542,7.97,88.58,87.07,1,1,5,1,3,0,Yes,1
STU01543,7.27,70.21,69.35,1,1,2,1,2,0,Yes,0
STU01544,6.88,66.06,61.08,0,0,2,0,2,0,No,0
STU01545,8.57,80.29,83.34,0,0,3,2,2,0,Yes,1
STU01546,6.73,67.25,61.07,0,0,3,2,1,0,No,1
STU01547,4.95,57.96,39.32,2,4,5,1,3,0,Yes,1
STU01548,6.08,49.21,58.66,0,0,2,2,1,3,Yes,1
STU01549,7.63,87.59,78.11,2,4,3,4,5,0,Yes,1
STU01550,7.45,76.92,76.44,0,0,2,3,1,1,No,0
STU01551,5.2,47.82,40.64,2,4,4,1,2,2,No,0
STU01552,6.17,58.05,48.25,0,0,4,2,3,2,Yes,0
STU01553,6.33,59.99,53.97,2,4,3,4,3,0,Yes,0
STU01554,6.58,72.32,62.98,2,3,4,0,4,1,No,1
STU01555,5.42,52.05,48.93,1,3,2,2,1,0,Yes,0
STU01556,6.28,60.2,49.29,3,9,5,0,1,0,No,1
STU01557,6.16,53.05,56.58,0,0,1,2,0,0,No,0
STU01558,7.89,85.37,71.5,0,0,1,1,2,0,No,0
STU01559,7.93,75.08,73.85,3,6,3,0,0,0,No,1
STU01560,6.83,65.84,63.14,0,0,1,3,3,0,Yes,0
STU01561,6.55,78.05,50.72,0,0,1,4,0,0,Yes,1
STU01562,7.16,55.35,61.6,0,0,3,1,1,0,No,0
STU01563,6.06,55.76,60.67,3,7,3,0,2,0,No,0
STU01564,5.68,52.38,55.95,2,4,3,4,2,0,Yes,1
STU01565,5.92,51.58,63.69,0,0,1,1,2,0,Yes,0
STU01566,6.27,55.63,56.56,0,0,3,1,5,0,No,0
STU01567,5.66,51.13,51.45,1,1,1,7,2,0,Yes,0
STU01568,7.19,69.23,66.81,2,4,6,0,3,0,No,1
STU01569,7.84,81.06,74.63,0,0,3,4,1,0,Yes,1
STU01570,5.17,44.7,49.86,0,0,1,1,2,1,Yes,0
STU01571,7.03,80.5,73.53,1,3,1,3,1,1,No,0
STU01572,6.75,62.26,65.49,0,0,1,3,1,0,Yes,0
STU01573,7.39,77.25,65.79,1,1,1,3,2,0,Yes,1
STU01574,6.99,63.58,66.94,1,1,3,2,1,2,Yes,1
STU01575,5.33,53.97,40.75,1,2,3,4,2,0,Yes,0
STU01576,5.55,54.2,44.85,1,3,4,1,1,0,Yes,0
STU01577,7.03,70.95,75.25,2,5,3,2,2,0,No,1
STU01578,8.18,77.0,72.97,1,1,4,1,3,0,Yes,1
STU01579,4.45,41.08,55.61,2,4,1,2,2,3,Yes,1
STU01580,7.4,84.01,74.19,1,2,1,2,4,1,No,0
STU01581,8.37,80.13,78.91,1,1,2,2,4,2,No,1
STU01582,6.82,68.95,62.52,1,1,5,1,4,0,Yes,0
STU01583,7.63,71.54,70.1,1,3,3,1,1,2,No,1
STU01584,6.19,61.95,49.62,0,0,3,3,4,0,Yes,0
STU01585,6.86,61.51,63.06,1,3,2,1,2,0,No,0
STU01586,5.14,41.66,42.47,2,3,3,0,1,0,No,0
STU01587,4.3,41.18,36.85,1,2,3,6,2,1,Yes,0
STU01588,8.08,78.97,77.97,1,2,0,0,4,0,No,0
STU01589,5.87,54.88,41.56,1,1,4,1,3,0,Yes,0
STU01590,6.48,60.12,49.07,1,2,7,3,0,0,Yes,1
STU01591,5.41,42.25,38.13,1,1,4,1,2,0,No,0
STU01592,5.38,48.5,55.7,0,0,1,3,0,0,Yes,1
STU01593,6.8,57.84,64.14,0,0,1,1,4,0,Yes,0
STU01594,6.16,59.43,56.14,2,4,3,1,2,0,No,1
STU01595,7.43,79.37,71.47,0,0,1,1,1,0,No,0
STU01596,7.52,75.53,75.71,1,1,0,0,3,0,No,1
STU01597,7.37,75.11,77.53,1,1,3,0,1,0,Yes,1
STU01598,7.27,82.63,71.56,0,0,2,4,2,0,Yes,1
STU01599,8.81,86.39,94.18,0,0,1,0,5,1,No,0
STU01600,5.77,45.86,48.3,2,5,3,0,1,1,No,0
STU01601,6.94,70.32,67.44,0,0,1,3,2,0,No,0
STU01602,8.3,77.44,85.46,0,0,2,0,0,0,Yes,1
STU01603,8.45,84.06,76.73,0,0,0,2,1,0,Yes,1
STU01604,5.36,44.98,45.83,0,0,1,6,3,0,No,0
STU01605,6.64,57.9,48.07,1,3,3,2,1,0,Yes,0
STU01606,8.56,84.49,82.21,2,3,3,2,0,0,No,1
STU01607,7.58,81.95,71.88,0,0,1,0,3,0,No,0
STU01608,7.22,77.96,66.29,1,2,3,1,2,0,No,0
STU01609,6.75,69.38,58.37,1,1,4,3,5,0,Yes,1
STU01610,6.56,62.9,60.95,0,0,2,1,2,0,Yes,0
STU01611,7.33,71.41,64.64,0,0,0,3,1,0,Yes,1
STU01612,6.71,49.01,71.32,1,1,4,3,2,0,No,1
STU01613,6.95,69.29,67.49,1,1,5,3,1,0,Yes,1
STU01614,7.09,55.65,61.51,3,6,5,1,2,0,Yes,0
STU01615,6.22,44.7,57.13,1,2,5,3,1,0,Yes,0
STU01616,7.61,75.95,79.89,0,0,1,2,1,0,Yes,1
STU01617,10.0,91.48,89.11,1,3,2,1,2,0,No,1
STU01618,4.96,44.01,37.68,0,0,0,1,2,0,No,0
STU01619,7.37,82.75,83.96,0,0,1,1,3,0,Yes,1
STU01620,6.13,57.91,55.97,0,0,3,0,2,2,No,0
STU01621,7.66,76.2,67.21,0,0,1,3,1,0,No,0
STU01622,7.05,77.08,67.01,1,1,2,1,1,0,No,1
STU01623,7.88,89.56,75.85,0,0,1,4,2,0,No,1
STU01624,8.35,87.69,81.65,2,4,5,2,4,0,No,1
STU01625,7.22,66.63,61.12,0,0,0,5,3,0,Yes,1
STU01626,8.3,80.92,81.55,1,1,2,3,4,0,Yes,1
STU01627,4.3,36.77,37.47,1,1,0,1,5,0,No,0
STU01628,8.83,87.15,82.31,3,7,6,0,2,0,No,1
STU01629,7.43,68.05,73.68,1,3,2,3,3,0,Yes,1
STU01630,8.24,81.67,77.79,2,3,4,4,2,0,Yes,1
STU01631,5.6,51.66,45.35,0,0,1,4,0,1,No,0
STU01632,6.04,42.24,56.07,0,0,2,1,2,0,No,0
STU01633,7.17,62.88,62.13,1,3,4,1,1,0,Yes,1
STU01634,6.98,64.49,60.64,1,1,1,1,1,0,Yes,0
STU01635,7.33,72.55,62.34,0,0,1,1,2,2,No,0
STU01636,8.25,80.77,75.8,0,0,3,2,2,0,No,1
STU01637,4.97,45.14,44.54,0,0,3,3,1,0,Yes,0
STU01638,8.12,78.35,83.43,1,1,4,0,3,0,No,0
STU01639,7.01,59.31,60.17,0,0,0,2,4,0,No,0
STU01640,6.77,60.89,64.75,2,5,2,0,2,2,No,0
STU01641,5.31,46.95,45.87,1,2,3,1,2,0,No,0
STU01642,7.58,74.62,65.19,2,6,4,4,1,0,Yes,1
STU01643,4.22,46.04,43.42,3,10,7,1,1,0,No,1
STU01644,7.75,81.21,82.86,0,0,1,1,0,0,No,1
STU01645,5.28,52.21,35.0,0,0,0,3,3,0,Yes,0
STU01646,7.06,65.06,77.9,0,0,2,4,0,0,Yes,1
STU01647,6.86,56.17,58.96,2,6,3,2,1,0,Yes,1
STU01648,8.34,92.2,71.68,0,0,0,2,2,0,Yes,1
STU01649,6.79,66.91,62.42,1,1,4,0,1,0,No,0
STU01650,6.2,50.3,58.01,0,0,2,1,3,0,No,0
STU01651,6.42,60.54,54.2,1,3,5,4,5,0,Yes,1
STU01652,8.46,91.8,84.26,0,0,1,2,2,2,Yes,1
STU01653,7.62,87.33,86.68,1,3,5,0,2,1,No,1
STU01654,6.56,62.36,59.09,1,2,2,2,2,0,Yes,0
STU01655,6.73,69.81,78.35,3,10,7,0,2,0,No,0
STU01656,5.2,40.46,52.31,3,7,2,1,3,0,No,1
STU01657,7.45,74.38,71.9,2,6,4,5,0,0,Yes,1
STU01658,4.98,44.78,45.54,0,0,1,3,5,1,Yes,0
STU01659,7.86,82.09,75.12,0,0,2,0,3,0,No,1
STU01660,7.15,79.83,68.66,0,0,1,5,3,0,Yes,1
STU01661,9.74,91.09,89.96,1,1,5,3,2,0,Yes,1
STU01662,5.73,45.58,45.78,0,0,1,0,1,2,Yes,0
STU01663,6.88,58.34,54.64,0,0,2,1,2,0,No,0
STU01664,9.07,98.21,93.26,0,0,4,0,2,1,No,0
STU01665,8.37,87.82,87.58,0,0,1,3,1,1,Yes,1
STU01666,6.2,58.69,44.5,0,0,0,1,2,0,Yes,0
STU01667,7.26,69.78,69.87,1,1,6,0,2,0,No,1
STU01668,7.0,69.48,71.04,0,0,6,4,3,0,Yes,1
STU01669,7.32,66.92,75.39,2,3,2,1,1,0,No,0
STU01670,6.2,58.29,48.8,1,1,2,3,2,0,Yes,0
STU01671,6.9,59.16,69.1,0,0,0,1,4,2,Yes,0
STU01672,5.16,45.42,44.66,2,6,4,2,2,0,No,0
STU01673,7.16,66.44,69.63,1,1,2,1,4,0,No,1
STU01674,7.52,56.08,67.11,1,3,0,1,2,0,No,0
STU01675,6.74,61.57,35.11,2,6,4,2,5,0,No,1
STU01676,5.14,42.08,39.81,0,0,0,1,1,0,No,1
STU01677,8.14,81.47,82.95,2,3,6,3,0,0,No,1
STU01678,7.42,74.21,69.96,0,0,2,5,4,0,Yes,0
STU01679,6.17,66.22,56.52,0,0,4,0,3,0,No,1
STU01680,6.68,64.47,66.27,1,1,2,0,3,0,No,1
STU01681,5.27,50.06,43.07,2,4,2,2,3,0,Yes,0
STU01682,5.82,54.98,46.43,1,2,5,0,1,0,Yes,1
STU01683,6.38,63.63,42.28,2,6,5,1,3,1,Yes,1
STU01684,8.41,87.77,72.75,0,0,0,1,2,0,No,0
STU01685,6.26,58.5,45.77,2,5,1,1,1,0,No,0
STU01686,7.74,82.85,78.92,0,0,1,1,1,2,Yes,0
STU01687,6.38,43.82,53.46,0,0,2,1,2,0,No,0
STU01688,7.29,84.83,66.09,1,3,0,3,2,0,Yes,1
STU01689,6.84,74.8,58.37,0,0,0,2,2,0,No,0
STU01690,8.0,82.9,73.92,0,0,2,4,0,0,Yes,0
STU01691,6.38,49.98,61.0,1,2,5,4,3,0,Yes,0
STU01692,5.19,54.94,45.24,1,1,5,4,1,1,Yes,0
STU01693,5.41,44.7,51.81,2,4,9,1,2,0,Yes,1
STU01694,6.39,61.71,42.35,3,8,6,1,1,0,No,1
STU01695,5.56,42.2,50.09,2,5,7,3,3,0,Yes,1
STU01696,7.47,88.34,69.08,1,1,4,2,1,0,Yes,1
STU01697,6.46,50.84,54.81,0,0,0,1,1,0,No,0
STU01698,9.73,89.99,94.69,3,10,3,2,1,1,Yes,1
STU01699,5.0,35.0,41.54,0,0,1,3,5,0,Yes,0
STU01700,7.23,71.25,71.44,0,0,3,2,0,0,Yes,1
STU01701,5.7,48.39,41.83,1,3,1,3,3,0,Yes,1
STU01702,6.43,65.87,56.27,1,3,4,3,1,0,Yes,0
STU01703,7.16,67.84,57.85,0,0,1,2,1,0,No,0
STU01704,4.33,52.32,42.14,0,0,2,2,1,0,Yes,1
STU01705,7.27,65.93,71.39,0,0,1,4,0,0,Yes,1
STU01706,9.19,86.98,92.31,0,0,2,0,2,0,No,1
STU01707,6.48,58.17,51.83,0,0,2,1,3,0,No,0
STU01708,7.3,75.48,66.34,2,3,7,1,5,0,Yes,1
STU01709,8.18,85.32,76.24,2,4,2,2,0,0,No,1
STU01710,6.81,69.24,60.39,0,0,2,1,2,0,Yes,1
STU01711,6.33,59.27,48.88,0,0,3,5,1,0,Yes,0
STU01712,4.38,49.49,35.0,3,6,2,0,4,0,No,0
STU01713,7.74,73.21,69.34,1,2,2,1,1,0,No,1
STU01714,6.87,68.08,62.46,1,1,1,1,2,2,No,0
STU01715,5.84,61.78,48.24,3,10,1,0,2,0,Yes,1
STU01716,7.15,60.05,70.44,3,9,5,4,1,2,Yes,1
STU01717,6.33,60.55,59.67,0,0,2,1,1,0,Yes,1
STU01718,6.39,62.64,52.88,1,3,4,2,3,0,Yes,1
STU01719,7.7,86.88,65.6,1,1,4,1,1,0,No,0
STU01720,5.46,53.56,48.62,2,3,4,4,5,0,Yes,0
STU01721,8.2,83.93,80.27,1,3,2,2,2,0,Yes,1
STU01722,5.39,51.34,44.21,1,2,4,2,3,2,No,1
STU01723,6.24,52.06,60.8,0,0,1,3,2,0,No,1
STU01724,9.21,86.4,88.43,1,1,3,2,3,0,Yes,1
STU01725,8.3,76.15,81.9,1,3,2,3,3,0,Yes,1
STU01726,7.11,78.57,67.63,0,0,1,0,3,0,No,1
STU01727,5.92,55.64,55.04,2,6,5,0,4,0,No,1
STU01728,6.39,53.05,51.41,1,3,4,0,2,0,No,1
STU01729,7.08,70.85,60.94,2,3,6,5,4,0,Yes,1
STU01730,7.04,75.56,64.2,2,3,8,3,3,0,No,1
STU01731,6.9,72.12,56.09,1,3,1,2,4,0,Yes,1
STU01732,6.96,61.74,64.04,1,3,4,4,1,0,Yes,0
STU01733,6.75,45.09,61.47,2,4,1,0,2,0,Yes,1
STU01734,5.34,50.83,45.05,0,0,3,3,2,0,No,0
STU01735,6.41,53.42,53.57,1,2,1,1,2,0,No,0
STU01736,8.05,85.74,88.92,2,4,1,0,1,0,No,1
STU01737,5.43,54.68,51.62,0,0,5,0,3,0,No,1
STU01738,6.78,71.02,60.76,1,3,2,0,3,0,No,1
STU01739,6.06,64.77,51.86,0,0,2,0,1,0,Yes,1
STU01740,7.13,77.32,75.16,0,0,0,1,3,0,No,1
STU01741,6.55,71.29,54.29,2,6,4,3,3,0,Yes,1
STU01742,8.7,95.06,77.99,0,0,3,5,3,0,Yes,0
STU01743,7.58,85.33,74.89,0,0,1,1,1,0,Yes,1
STU01744,5.49,49.19,48.92,0,0,2,1,2,0,Yes,0
STU01745,7.77,71.25,78.92,2,5,3,2,4,1,No,1
STU01746,6.11,69.82,56.89,0,0,1,0,2,3,No,0
STU01747,6.34,58.1,50.33,1,1,1,1,1,3,No,0
STU01748,7.36,80.74,61.92,1,2,0,2,1,0,Yes,0
STU01749,6.43,55.78,52.57,1,3,4,3,2,0,Yes,1
STU01750,8.03,87.56,82.27,2,5,4,0,1,1,Yes,0
STU01751,6.11,40.26,46.4,2,5,4,3,2,0,Yes,0
STU01752,6.29,54.68,42.54,0,0,2,7,3,3,Yes,0
STU01753,6.25,55.98,54.44,2,5,2,2,1,0,No,0
STU01754,6.35,60.66,51.48,1,2,0,1,3,0,No,0
STU01755,8.26,90.33,70.54,3,8,4,6,1,0,Yes,1
STU01756,7.72,71.84,75.85,3,9,7,2,1,0,No,1
STU01757,8.97,91.89,82.61,0,0,1,2,2,0,Yes,0
STU01758,9.61,96.81,96.5,0,0,1,1,3,3,Yes,1
STU01759,5.81,66.01,49.47,1,2,2,1,1,0,No,0
STU01760,7.08,73.4,69.67,0,0,1,2,1,0,No,1
STU01761,5.65,47.74,47.4,1,2,2,3,2,0,No,1
STU01762,6.11,47.26,48.31,3,9,6,1,2,0,Yes,0
STU01763,6.28,67.9,51.0,1,1,1,1,2,2,No,0
STU01764,5.78,56.06,55.12,0,0,1,1,2,0,No,0
STU01765,5.79,51.55,53.17,0,0,2,5,1,0,No,0
STU01766,6.83,55.49,53.28,2,3,3,0,1,0,No,0
STU01767,5.6,44.54,39.63,2,4,6,2,2,0,Yes,1
STU01768,7.97,85.0,71.05,2,5,1,2,2,0,Yes,1
STU01769,5.94,55.29,56.53,0,0,0,5,3,0,Yes,0
STU01770,10.0,78.21,76.5,0,0,2,1,2,1,Yes,1
STU01771,6.48,63.57,61.49,3,12,4,4,2,0,Yes,1
STU01772,7.08,59.77,68.57,3,11,6,5,1,0,Yes,1
STU01773,5.51,57.67,47.43,0,0,2,3,3,0,Yes,0
STU01774,8.96,89.15,82.07,0,0,0,5,2,0,Yes,1
STU01775,8.29,81.29,88.2,1,1,1,0,3,0,No,1
STU01776,7.34,79.02,70.76,0,0,1,7,2,0,Yes,1
STU01777,5.45,51.25,37.46,1,1,6,5,4,0,Yes,0
STU01778,7.24,79.59,61.37,0,0,0,2,2,0,No,1
STU01779,5.71,51.5,38.15,2,5,5,2,2,0,Yes,1
STU01780,8.68,87.51,90.88,0,0,0,1,5,0,No,1
STU01781,7.93,79.11,86.37,0,0,0,3,1,0,No,1
STU01782,7.11,71.18,73.12,0,0,1,3,3,0,No,0
STU01783,4.2,55.53,41.49,0,0,4,4,1,0,Yes,0
STU01784,5.87,49.46,40.92,1,1,2,2,1,2,Yes,1
STU01785,7.79,83.08,69.87,0,0,1,2,3,0,No,0
STU01786,8.39,79.63,75.98,0,0,1,4,2,0,Yes,1
STU01787,8.28,71.59,80.72,2,4,6,0,2,0,No,1
STU01788,5.17,48.85,52.93,1,1,1,3,2,0,Yes,0
STU01789,7.35,75.38,78.46,1,3,2,1,1,0,No,1
STU01790,8.17,82.34,77.07,0,0,3,0,2,2,No,0
STU01791,5.09,38.27,35.0,3,12,2,2,2,0,Yes,0
STU01792,6.99,69.52,57.69,3,10,3,0,1,0,No,0
STU01793,7.31,74.31,76.85,0,0,0,1,2,2,Yes,0
STU01794,6.65,57.0,60.72,2,4,2,5,1,0,Yes,1
STU01795,4.87,38.31,41.3,2,3,4,1,5,1,Yes,0
STU01796,6.63,60.38,56.34,2,6,3,1,3,3,No,1
STU01797,6.62,65.77,54.35,2,4,2,3,3,0,Yes,1
STU01798,6.83,67.66,54.94,1,2,2,2,0,1,No,1
STU01799,6.35,52.66,67.37,0,0,1,0,1,1,No,0
STU01800,6.49,60.74,67.23,2,4,2,0,1,0,Yes,1
STU01801,6.95,72.47,59.22,1,2,6,0,1,0,No,0
STU01802,7.51,68.49,62.0,1,2,2,2,2,0,No,1
STU01803,6.65,62.64,60.27,0,0,2,3,1,0,Yes,0
STU01804,6.53,68.51,56.59,0,0,1,3,3,0,Yes,0
STU01805,7.11,61.9,70.32,0,0,2,0,2,0,Yes,0
STU01806,4.79,53.12,48.32,0,0,0,3,4,0,Yes,0
STU01807,7.55,85.82,66.08,0,0,5,1,3,0,No,1
STU01808,7.0,66.5,72.51,1,1,7,5,2,0,Yes,1
STU01809,7.05,66.58,63.52,2,4,4,5,1,0,Yes,1
STU01810,8.1,88.64,83.09,1,3,3,1,4,0,No,1
STU01811,4.75,45.01,41.55,2,3,4,4,4,2,No,0
STU01812,4.73,35.0,48.6,0,0,2,2,4,0,No,0
STU01813,7.31,72.12,55.54,2,4,5,1,2,2,No,1
STU01814,6.99,70.54,69.14,0,0,0,1,2,0,Yes,1
STU01815,7.2,75.32,62.88,0,0,2,5,1,0,Yes,1
STU01816,6.47,54.31,57.03,1,3,3,0,1,0,No,1
STU01817,7.76,77.27,83.36,3,9,7,2,2,3,Yes,1
STU01818,8.07,88.05,74.37,0,0,0,1,5,0,No,1
STU01819,7.56,75.86,67.45,0,0,3,0,2,1,No,1
STU01820,6.7,53.82,57.76,0,0,0,3,3,0,No,1
STU01821,4.58,53.23,40.19,1,2,0,3,1,0,Yes,0
STU01822,7.88,79.01,70.99,0,0,1,1,2,1,Yes,0
STU01823,8.4,91.53,82.62,0,0,1,3,2,0,Yes,1
STU01824,7.74,70.27,76.59,1,1,2,2,1,0,No,1
STU01825,5.99,52.87,53.37,1,2,3,4,2,0,Yes,1
STU01826,7.77,82.09,71.11,1,3,3,0,1,0,No,0
STU01827,7.99,80.91,72.76,2,4,5,0,3,0,Yes,1
STU01828,8.79,80.14,83.53,3,8,2,3,4,0,Yes,1
STU01829,5.99,39.3,49.15,0,0,3,4,4,0,Yes,0
STU01830,6.74,72.8,59.3,0,0,2,0,3,0,Yes,1
STU01831,7.86,81.44,72.71,3,10,3,1,2,0,No,0
STU01832,7.07,75.93,67.91,1,3,4,2,1,0,Yes,1
STU01833,5.72,56.61,42.38,0,0,3,1,2,0,Yes,1
STU01834,7.48,78.65,71.33,1,3,2,0,0,0,No,1
STU01835,7.67,75.79,72.88,2,5,2,5,2,0,Yes,1
STU01836,7.1,72.41,66.27,2,5,3,2,1,0,Yes,1
STU01837,7.25,80.38,75.89,0,0,2,0,1,0,Yes,1
STU01838,6.7,63.54,52.15,0,0,2,3,1,0,No,0
STU01839,8.7,98.21,69.45,1,1,8,1,2,0,Yes,1
STU01840,5.96,44.39,46.82,0,0,2,3,3,0,Yes,1
STU01841,6.32,47.9,47.63,2,3,6,2,2,0,Yes,0
STU01842,7.01,74.01,47.0,0,0,2,2,3,0,No,0
STU01843,8.01,76.74,89.13,1,3,3,4,4,0,No,1
STU01844,5.28,60.34,48.44,2,5,2,1,2,0,Yes,1
STU01845,5.49,57.47,50.45,2,3,4,1,3,0,Yes,1
STU01846,4.66,55.46,41.22,1,3,1,0,3,0,Yes,0
STU01847,7.04,73.82,68.04,1,2,3,4,3,0,Yes,1
STU01848,5.71,45.49,45.49,1,3,6,2,1,0,Yes,0
STU01849,6.56,50.91,62.76,2,5,4,5,3,0,No,1
STU01850,7.76,87.81,76.97,0,0,0,2,2,0,No,1
STU01851,6.26,47.79,53.57,1,2,4,0,1,0,No,0
STU01852,7.27,81.48,69.21,2,4,1,1,1,0,Yes,0
STU01853,6.66,66.37,68.15,2,4,2,0,1,0,No,1
STU01854,7.77,78.54,77.01,0,0,1,0,2,2,No,0
STU01855,7.55,78.74,66.91,2,4,0,1,3,0,No,0
STU01856,6.2,58.87,55.09,1,1,2,2,3,0,No,1
STU01857,6.81,63.59,64.74,0,0,2,1,2,0,No,0
STU01858,8.2,91.83,79.41,3,9,3,4,3,0,Yes,1
STU01859,7.45,83.05,71.38,0,0,1,3,1,0,Yes,1
STU01860,5.39,49.7,39.37,2,4,1,1,2,0,Yes,1
STU01861,7.75,75.18,76.36,1,1,4,2,3,0,No,0
STU01862,5.75,59.2,41.07,1,1,4,1,3,1,No,0
STU01863,8.62,74.23,81.86,2,4,4,5,1,0,Yes,1
STU01864,8.18,85.76,76.08,2,4,3,1,2,0,No,1
STU01865,7.33,77.42,75.88,2,6,4,2,3,0,Yes,1
STU01866,7.18,65.67,76.94,1,3,7,3,3,0,Yes,0
STU01867,6.76,69.83,54.12,1,2,1,4,2,0,Yes,0
STU01868,7.78,78.94,76.07,2,6,2,5,1,0,Yes,1
STU01869,6.57,57.82,56.23,0,0,3,5,1,1,Yes,0
STU01870,7.27,77.84,71.85,0,0,4,9,1,0,Yes,0
STU01871,8.0,75.07,79.16,2,4,3,2,1,0,No,1
STU01872,6.35,63.19,52.65,1,2,3,4,1,0,Yes,1
STU01873,6.29,45.28,54.74,0,0,2,0,3,0,Yes,0
STU01874,5.63,52.04,46.04,2,4,8,2,3,1,Yes,1
STU01875,5.78,51.82,58.09,1,1,5,1,1,0,No,0
STU01876,4.9,43.29,38.77,2,5,6,2,2,0,No,0
STU01877,7.84,82.07,78.28,0,0,2,3,3,0,Yes,0
STU01878,9.08,87.88,88.42,2,3,5,0,1,0,No,1
STU01879,8.64,92.77,86.07,1,2,3,3,1,0,Yes,1
STU01880,5.13,50.78,42.63,0,0,1,0,1,0,No,0
STU01881,7.83,82.38,84.87,0,0,2,0,1,0,No,1
STU01882,8.64,88.17,70.89,1,3,0,0,1,0,Yes,1
STU01883,6.47,56.84,50.11,0,0,2,7,2,1,Yes,0
STU01884,7.12,67.94,70.73,1,1,3,2,3,0,Yes,1
STU01885,4.69,47.48,37.71,1,3,2,2,2,0,Yes,0
STU01886,7.31,71.55,63.96,1,1,4,4,3,0,No,1
STU01887,5.78,58.23,45.75,0,0,2,2,2,0,No,0
STU01888,7.23,71.97,63.69,0,0,1,0,2,0,No,0
STU01889,5.2,50.03,48.59,1,2,3,2,2,0,Yes,0
STU01890,7.62,68.66,79.51,1,3,0,1,3,0,No,1
STU01891,8.18,88.76,80.63,0,0,0,2,1,0,No,0
STU01892,6.1,51.34,58.15,1,3,2,1,5,0,No,0
STU01893,5.69,44.59,39.52,0,0,0,2,5,0,No,0
STU01894,4.52,55.56,43.14,0,0,2,3,3,0,No,0
STU01895,6.69,67.07,67.97,2,3,3,1,1,0,No,1
STU01896,6.33,63.52,60.52,0,0,1,2,2,0,Yes,0
STU01897,5.22,50.54,53.43,1,2,0,0,2,0,No,0
STU01898,7.52,75.12,69.13,0,0,0,3,5,0,No,0
STU01899,6.48,58.13,62.31,1,3,3,3,1,0,Yes,1
STU01900,5.76,56.12,45.89,2,4,2,0,2,0,Yes,0
STU01901,6.36,64.92,58.7,1,2,1,2,2,0,No,0
STU01902,8.23,83.16,88.43,2,3,3,2,1,1,Yes,1
STU01903,7.69,90.51,70.31,1,1,4,1,3,2,Yes,0
STU01904,6.85,64.25,51.3,0,0,1,2,2,1,Yes,0
STU01905,7.71,69.91,86.36,1,1,1,0,1,0,Yes,1
STU01906,5.66,40.28,50.54,0,0,2,1,3,1,No,0
STU01907,7.04,58.38,64.87,1,3,1,3,2,0,Yes,1
STU01908,7.17,68.01,66.52,0,0,2,1,5,1,Yes,1
STU01909,6.46,58.05,43.86,0,0,1,0,2,0,Yes,0
STU01910,7.5,79.52,73.67,0,0,1,2,3,0,Yes,0
STU01911,6.1,54.7,48.69,1,3,1,3,1,0,No,0
STU01912,7.59,81.64,73.9,2,3,4,2,2,0,Yes,1
STU01913,7.63,77.52,74.43,2,5,8,0,3,0,No,1
STU01914,4.0,45.2,35.0,0,0,0,2,1,0,No,1
STU01915,8.37,81.25,84.66,2,5,3,4,1,0,Yes,1
STU01916,4.0,53.66,43.26,0,0,2,1,1,1,No,1
STU01917,6.29,47.99,56.12,0,0,2,2,2,1,Yes,0
STU01918,8.18,84.92,79.01,2,5,3,3,1,0,Yes,1
STU01919,6.64,60.94,59.32,0,0,1,0,1,0,Yes,0
STU01920,5.31,52.97,46.32,0,0,2,4,1,0,Yes,0
STU01921,5.74,51.15,49.92,0,0,2,0,2,0,No,0
STU01922,8.18,83.19,83.0,1,1,4,4,3,1,Yes,1
STU01923,4.79,44.59,44.88,1,3,2,1,3,0,Yes,1
STU01924,8.3,92.54,92.28,1,2,3,2,1,1,No,1
STU01925,6.94,66.85,59.48,0,0,2,2,1,0,No,1
STU01926,5.63,62.15,45.09,0,0,1,6,1,1,Yes,1
STU01927,6.33,59.26,64.78,1,2,0,1,1,0,No,0
STU01928,5.83,52.23,48.17,2,4,3,2,2,0,No,1
STU01929,8.0,80.63,84.09,2,4,4,3,1,0,Yes,1
STU01930,7.84,83.15,77.58,0,0,0,3,2,0,Yes,1
STU01931,5.02,43.44,42.61,0,0,2,0,3,0,No,0
STU01932,6.54,61.44,63.49,0,0,1,2,1,0,Yes,1
STU01933,6.01,53.84,53.9,2,4,4,0,0,0,No,0
STU01934,8.49,87.53,73.37,3,11,4,6,3,0,Yes,1
STU01935,5.45,51.21,47.15,0,0,3,2,1,0,No,0
STU01936,8.84,89.89,78.51,1,2,1,4,2,0,Yes,1
STU01937,6.96,67.84,71.89,0,0,2,1,1,0,Yes,1
STU01938,5.66,60.01,58.12,0,0,4,1,1,0,Yes,0
STU01939,6.22,58.81,64.52,1,3,1,1,2,0,No,0
STU01940,6.08,70.19,53.7,1,3,0,2,4,0,No,1
STU01941,5.53,50.01,43.94,1,2,0,2,1,0,Yes,0
STU01942,7.11,75.35,68.52,1,2,1,3,2,0,Yes,1
STU01943,5.59,45.68,41.4,1,3,5,1,1,0,No,1
STU01944,4.49,54.06,56.73,1,1,0,1,1,1,Yes,0
STU01945,6.56,56.73,65.12,1,1,2,5,2,0,Yes,1
STU01946,4.93,49.36,45.45,0,0,1,2,2,0,Yes,0
STU01947,6.14,53.65,58.22,0,0,3,2,2,0,No,0
STU01948,5.95,55.98,47.31,1,3,3,1,0,0,Yes,1
STU01949,6.0,52.28,44.04,2,6,1,2,2,0,No,0
STU01950,9.3,84.23,72.69,0,0,1,1,3,0,No,0
STU01951,7.06,67.28,66.41,1,2,1,1,3,0,Yes,1
STU01952,7.28,81.5,68.0,1,1,4,1,3,0,No,1
STU01953,4.96,49.52,46.83,1,2,2,4,2,1,Yes,0
STU01954,6.25,48.88,53.69,0,0,1,1,1,1,No,0
STU01955,7.25,78.29,71.56,1,3,4,1,2,0,Yes,1
STU01956,5.82,46.66,53.87,1,1,2,0,1,0,Yes,0
STU01957,8.04,86.41,70.19,0,0,2,2,1,0,Yes,0
STU01958,5.62,53.57,52.47,0,0,0,4,3,0,No,0
STU01959,6.67,66.25,57.11,1,3,1,5,2,0,No,1
STU01960,6.33,68.68,57.67,0,0,3,1,3,0,No,0
STU01961,7.19,65.82,73.92,2,4,1,2,1,0,No,0
STU01962,6.26,60.47,59.98,2,6,5,3,2,0,No,0
STU01963,6.69,70.34,60.56,0,0,1,5,1,0,Yes,1
STU01964,6.73,59.61,61.54,0,0,1,0,3,0,No,0
STU01965,6.16,51.02,57.84,0,0,4,1,2,3,No,0
STU01966,7.56,74.51,64.23,1,2,4,1,1,0,Yes,1
STU01967,7.27,74.06,63.4,1,3,4,3,2,0,Yes,1
STU01968,6.9,57.76,61.55,0,0,4,4,2,0,Yes,1
STU01969,6.5,63.44,49.14,0,0,0,1,3,0,No,0
STU01970,7.92,72.25,76.07,1,3,1,1,2,1,No,0
STU01971,6.73,71.24,58.52,0,0,2,2,3,0,No,1
STU01972,6.65,65.29,59.73,0,0,0,3,2,0,Yes,0
STU01973,7.12,81.28,66.46,2,3,3,2,0,0,No,1
STU01974,8.95,91.89,91.3,3,9,10,1,3,0,No,1
STU01975,5.46,47.36,49.63,2,5,3,1,5,0,No,1
STU01976,7.89,75.51,76.88,0,0,0,2,2,2,No,0
STU01977,4.82,47.69,41.26,2,3,1,2,0,1,Yes,0
STU01978,7.25,71.57,68.47,1,3,2,0,1,0,No,0
STU01979,8.81,94.44,84.14,0,0,2,4,5,0,Yes,1
STU01980,7.56,70.72,88.41,2,6,7,4,1,0,Yes,1
STU01981,7.2,83.01,59.14,0,0,3,3,4,0,Yes,1
STU01982,6.36,65.64,49.44,0,0,2,2,1,1,No,0
STU01983,7.04,67.25,59.04,2,4,7,0,3,1,No,0
STU01984,6.71,73.96,61.79,0,0,2,1,1,0,No,0
STU01985,6.1,50.08,53.16,1,1,2,2,5,0,Yes,0
STU01986,6.67,63.72,56.05,1,2,1,5,4,0,Yes,0
STU01987,7.23,63.73,73.76,3,10,8,0,2,0,No,1
STU01988,6.12,66.1,54.24,0,0,4,1,1,3,Yes,0
STU01989,6.07,44.62,57.13,0,0,0,2,1,0,Yes,0
STU01990,5.44,40.4,53.26,1,2,2,0,2,0,No,0
STU01991,7.45,70.83,58.85,1,2,3,1,2,0,Yes,1
STU01992,7.63,85.05,78.23,1,3,3,0,5,0,No,1
STU01993,7.27,77.71,61.24,2,4,4,4,2,2,No,1
STU01994,8.11,83.22,80.98,1,2,2,2,0,0,Yes,1
STU01995,7.1,75.58,66.03,2,5,4,2,3,0,Yes,1
STU01996,7.45,73.97,71.48,0,0,1,7,1,0,No,0
STU01997,7.35,75.74,62.98,2,4,3,3,2,0,No,1
STU01998,6.89,76.06,69.33,3,6,1,0,1,0,No,1
STU01999,6.39,57.05,47.79,0,0,0,3,1,0,No,0
STU02000,9.55,84.78,90.88,1,2,1,0,2,0,Yes,1
STU02001,6.48,62.59,48.18,1,3,4,2,2,3,Yes,1
STU02002,6.23,60.88,53.33,1,3,2,4,1,0,Yes,1
STU02003,7.5,76.05,83.21,1,1,2,3,1,1,No,1
STU02004,7.29,78.39,83.54,2,3,1,4,3,2,Yes,1
STU02005,5.38,47.5,36.0,0,0,2,5,1,0,No,0
STU02006,8.29,84.87,76.87,3,9,5,3,2,0,Yes,1
STU02007,6.89,68.35,59.96,2,5,2,3,2,1,Yes,0
STU02008,5.72,52.82,61.63,0,0,2,0,4,0,No,0
STU02009,8.37,94.38,81.29,0,0,3,1,1,0,Yes,1
STU02010,7.72,80.6,81.83,1,3,4,1,0,0,No,1
STU02011,5.55,47.95,48.57,0,0,0,0,0,0,No,0
STU02012,9.04,91.39,78.03,1,2,1,1,2,0,Yes,1
STU02013,7.76,84.86,64.65,1,1,3,3,1,0,Yes,1
STU02014,6.99,72.29,60.96,3,8,5,1,3,2,No,1
STU02015,8.83,91.72,98.31,0,0,0,1,1,0,No,1
STU02016,7.18,61.7,69.23,1,1,2,1,3,0,No,1
STU02017,6.97,52.39,70.67,3,10,10,3,3,0,Yes,1
STU02018,6.24,64.18,45.02,1,3,2,1,5,0,Yes,1
STU02019,7.67,80.41,72.82,0,0,0,0,2,0,No,1
STU02020,7.55,75.97,77.77,0,0,1,3,5,0,Yes,1
STU02021,7.02,72.35,58.64,0,0,0,0,1,0,Yes,0
STU02022,6.09,66.29,51.35,0,0,2,1,1,0,Yes,0
STU02023,7.15,78.66,61.9,0,0,2,0,2,0,No,0
STU02024,6.92,72.29,68.48,1,3,4,2,2,0,Yes,0
STU02025,5.47,43.92,48.63,1,3,0,1,2,1,No,0
STU02026,5.31,43.69,49.33,0,0,0,3,2,0,Yes,0
STU02027,7.65,63.17,79.72,1,1,1,3,5,1,Yes,1
STU02028,4.01,49.05,40.88,1,3,3,0,1,1,No,0
STU02029,7.24,78.19,74.56,1,1,5,4,0,1,Yes,0
STU02030,6.45,66.45,52.77,2,3,3,4,1,0,No,0
STU02031,8.5,89.74,86.44,0,0,2,1,2,0,Yes,1
STU02032,6.43,58.12,44.22,0,0,3,4,2,0,Yes,1
STU02033,7.76,75.42,71.33,1,1,2,0,2,0,No,1
STU02034,6.54,55.71,71.56,2,6,3,4,2,0,Yes,0
STU02035,7.13,68.95,70.59,1,1,2,2,0,0,Yes,1
STU02036,7.85,73.96,80.5,0,0,5,1,2,0,No,1
STU02037,6.47,70.11,51.63,0,0,0,0,2,0,Yes,1
STU02038,8.15,75.01,73.26,1,1,1,2,1,0,No,1
STU02039,5.86,51.15,47.75,3,6,5,1,3,0,No,1
STU02040,7.34,61.43,69.64,1,1,4,1,3,0,Yes,0
STU02041,8.06,83.87,90.58,1,1,2,2,5,0,No,1
STU02042,7.76,78.8,81.93,0,0,2,3,2,0,Yes,0
STU02043,9.2,86.57,86.37,0,0,1,3,2,1,Yes,0
STU02044,6.12,49.48,52.47,1,1,5,0,3,0,No,0
STU02045,5.41,48.9,50.43,0,0,1,7,3,0,Yes,0
STU02046,5.86,49.07,41.42,0,0,3,2,5,0,Yes,0
STU02047,7.76,78.0,64.29,0,0,0,2,2,0,No,1
STU02048,7.57,88.16,77.88,2,3,4,5,2,0,Yes,1
STU02049,7.12,70.8,67.2,0,0,2,1,0,1,No,0
STU02050,5.71,54.19,40.12,0,0,2,3,1,0,Yes,0
STU02051,7.88,77.47,64.69,0,0,1,4,5,0,No,1
STU02052,5.59,45.37,52.44,1,2,5,2,2,0,Yes,0
STU02053,8.33,84.34,78.35,1,1,1,8,3,0,Yes,1
STU02054,10.0,100.0,89.29,2,6,3,2,1,0,No,1
STU02055,7.42,72.51,69.65,1,1,2,1,2,0,Yes,1
STU02056,7.67,79.96,74.58,0,0,0,1,2,0,No,0
STU02057,6.43,54.1,52.51,2,5,2,1,1,0,No,1
STU02058,4.92,35.0,43.13,0,0,2,2,2,0,No,1
STU02059,6.31,52.61,57.81,1,2,2,3,1,0,Yes,0
STU02060,5.74,65.57,46.63,1,2,3,1,1,0,No,0
STU02061,5.34,51.99,43.42,0,0,0,2,2,0,Yes,0
STU02062,8.98,97.84,88.64,1,1,1,2,3,0,No,1
STU02063,7.31,70.6,73.73,1,1,1,3,2,0,Yes,1
STU02064,7.44,60.3,64.61,0,0,1,3,1,0,No,1
STU02065,6.64,55.52,59.0,1,3,6,0,2,0,No,1
STU02066,6.8,67.1,58.58,1,3,1,2,3,0,Yes,1
STU02067,8.11,83.9,79.56,2,3,1,3,2,0,No,1
STU02068,6.96,67.22,72.89,0,0,1,2,3,1,Yes,0
STU02069,7.61,73.71,76.04,0,0,1,2,0,0,No,0
STU02070,6.77,69.87,74.22,1,2,1,1,3,0,No,1
STU02071,6.61,58.58,59.91,1,3,0,2,3,0,No,0
STU02072,5.38,50.54,44.69,0,0,1,0,5,0,Yes,0
STU02073,4.73,47.22,42.93,0,0,2,2,0,0,Yes,0
STU02074,6.7,60.75,60.82,2,4,6,1,0,0,No,1
STU02075,7.06,63.63,67.86,0,0,2,1,2,0,No,1
STU02076,5.52,47.05,40.67,1,2,1,1,4,0,No,1
STU02077,6.96,78.49,62.85,2,3,2,3,2,0,Yes,1
STU02078,7.06,75.55,61.52,0,0,0,2,1,0,Yes,0
STU02079,4.52,51.81,48.87,1,1,3,2,2,2,No,0
STU02080,5.95,48.48,38.64,1,1,1,1,2,0,Yes,0
STU02081,7.47,66.31,72.88,2,4,5,1,2,0,Yes,0
STU02082,7.45,81.14,62.46,2,6,4,0,2,0,No,1
STU02083,5.67,56.1,50.26,0,0,4,1,0,0,No,1
STU02084,7.18,71.49,65.27,0,0,0,2,1,2,No,0
STU02085,8.18,80.86,69.18,0,0,3,4,1,0,Yes,1
STU02086,7.89,71.61,83.05,0,0,2,0,1,0,No,1
STU02087,6.89,71.29,47.99,0,0,0,2,2,0,No,0
STU02088,6.46,66.59,56.28,2,4,0,1,1,0,No,0
STU02089,6.28,52.86,58.08,0,0,0,0,3,0,No,0
STU02090,7.54,71.38,81.21,0,0,1,2,2,3,No,1
STU02091,7.22,78.77,58.66,0,0,1,1,2,1,No,0
STU02092,7.72,74.56,72.31,2,5,3,3,1,0,Yes,1
STU02093,7.15,80.9,73.73,0,0,0,2,4,0,No,0
STU02094,7.94,80.27,84.84,1,1,0,1,2,0,Yes,1
STU02095,7.11,67.27,74.28,2,5,2,0,1,0,No,0
STU02096,7.9,80.77,92.87,1,1,3,2,2,3,Yes,1
STU02097,8.0,79.25,75.52,0,0,4,3,3,0,No,1
STU02098,6.07,61.28,53.76,1,1,6,2,4,1,Yes,0
STU02099,4.92,51.93,41.54,0,0,2,3,5,0,Yes,0
STU02100,8.78,93.67,72.29,1,3,3,3,3,0,Yes,1
STU02101,7.3,73.57,68.92,2,6,5,1,1,2,Yes,1
STU02102,5.03,44.26,35.0,1,3,3,1,4,0,No,0
STU02103,6.18,55.72,49.65,1,2,3,2,3,0,No,1
STU02104,7.89,77.78,68.53,1,2,4,3,2,0,No,1
STU02105,6.68,71.45,62.28,1,3,2,2,2,0,Yes,0
STU02106,6.41,64.83,51.14,2,4,3,2,1,0,Yes,1
STU02107,8.61,85.73,72.57,2,3,3,1,1,0,No,0
STU02108,5.8,46.17,53.92,1,1,3,1,3,0,No,1
STU02109,6.08,63.85,47.98,0,0,0,1,1,0,No,0
STU02110,7.24,72.47,66.06,1,2,6,1,2,0,No,1
STU02111,7.45,73.84,65.76,1,2,3,2,1,0,Yes,1
STU02112,7.57,85.69,80.29,1,3,1,0,3,1,No,0
STU02113,8.05,78.93,80.61,1,3,1,2,1,2,No,1
STU02114,7.23,69.48,64.72,0,0,3,0,4,0,No,0
STU02115,7.56,74.92,61.82,2,3,5,0,5,0,Yes,1
STU02116,6.7,55.13,75.09,1,2,2,2,1,0,Yes,1
STU02117,7.07,70.9,77.89,2,5,4,3,2,2,No,1
STU02118,7.12,65.27,75.5,0,0,3,3,1,0,Yes,1
STU02119,7.25,68.28,64.49,2,6,2,1,3,2,No,1
STU02120,7.89,76.12,74.34,1,3,4,1,1,1,Yes,1
STU02121,7.64,73.8,76.73,1,3,1,4,4,0,Yes,1
STU02122,7.05,63.69,60.36,0,0,1,2,2,0,Yes,1
STU02123,6.07,55.95,45.53,2,5,1,0,4,0,Yes,1
STU02124,7.08,68.18,74.86,0,0,2,1,1,0,No,1
STU02125,6.97,67.64,64.02,0,0,0,4,0,3,Yes,1
STU02126,7.22,85.41,61.57,2,6,5,3,3,0,Yes,0
STU02127,9.54,88.43,92.08,1,2,3,4,2,0,Yes,1
STU02128,6.4,62.27,52.2,2,5,2,1,2,0,No,0
STU02129,7.49,79.52,60.33,3,6,6,3,5,0,Yes,1
STU02130,8.23,83.18,73.74,0,0,0,1,3,0,No,1
STU02131,7.11,71.3,63.56,2,5,1,2,3,0,Yes,1
STU02132,9.69,89.67,87.86,0,0,0,3,2,0,Yes,1
STU02133,6.57,62.18,59.0,2,3,8,1,3,0,No,0
STU02134,7.37,70.02,77.9,1,2,3,1,2,2,Yes,1
STU02135,6.08,51.63,50.17,2,3,1,0,1,0,No,1
STU02136,6.6,61.53,55.64,1,1,2,2,3,0,No,0
STU02137,7.29,60.5,76.8,1,1,2,2,2,0,No,1
STU02138,7.97,90.25,84.14,2,6,2,0,4,0,No,1
STU02139,7.37,86.42,69.17,0,0,1,3,1,0,Yes,1
STU02140,8.45,86.32,84.05,0,0,3,0,2,0,No,0
STU02141,6.89,70.08,60.24,2,6,2,1,1,0,No,1
STU02142,6.62,68.24,51.79,3,7,5,1,3,1,No,1
STU02143,10.0,81.94,100.0,1,3,4,1,2,3,No,1
STU02144,7.45,80.28,68.45,1,1,3,2,3,0,No,1
STU02145,6.17,53.16,54.49,0,0,1,1,4,0,No,0
STU02146,6.2,69.77,43.93,1,3,2,2,0,0,Yes,0
STU02147,5.92,51.78,54.33,2,6,7,1,1,0,Yes,1
STU02148,8.08,87.69,72.01,0,0,0,2,4,0,No,1
STU02149,6.58,60.14,68.27,0,0,2,2,2,0,No,0
STU02150,7.15,83.33,77.93,0,0,1,4,2,0,Yes,0
STU02151,6.93,63.55,67.02,0,0,0,1,3,0,No,0
STU02152,7.84,86.74,77.44,1,2,0,1,2,0,No,1
STU02153,6.03,57.73,49.84,0,0,1,0,2,1,Yes,0
STU02154,5.76,53.88,48.16,1,1,3,0,2,0,No,0
STU02155,7.26,73.23,71.31,0,0,1,1,1,0,Yes,1
STU02156,7.69,74.04,75.58,2,4,4,1,5,0,Yes,0
STU02157,7.38,58.18,76.59,1,3,1,0,2,0,No,1
STU02158,6.07,60.91,45.95,1,2,4,0,2,0,Yes,0
STU02159,7.78,76.15,85.25,2,3,4,0,3,0,No,0
STU02160,6.14,62.38,49.82,0,0,0,2,2,0,Yes,0
STU02161,6.4,60.79,51.2,3,9,2,2,2,0,No,1
STU02162,5.91,60.1,52.07,0,0,0,0,2,0,No,0
STU02163,8.5,90.44,85.19,1,1,0,6,3,0,Yes,1
STU02164,7.73,63.7,65.07,0,0,1,5,1,0,Yes,0
STU02165,7.7,81.78,72.21,2,5,4,6,2,0,Yes,1
STU02166,8.43,83.13,69.16,1,1,2,3,3,0,Yes,1
STU02167,10.0,96.88,82.84,0,0,1,0,0,0,No,0
STU02168,5.03,50.56,40.22,1,3,1,2,2,0,Yes,0
STU02169,6.15,59.05,54.22,3,8,2,1,1,1,No,0
STU02170,6.29,55.55,49.45,0,0,2,3,2,0,Yes,1
STU02171,6.02,48.45,47.62,0,0,3,0,4,0,Yes,1
STU02172,5.76,48.84,56.26,0,0,4,1,0,0,Yes,0
STU02173,6.66,51.55,71.73,0,0,2,4,4,1,Yes,1
STU02174,5.6,46.58,41.6,2,3,3,2,4,0,No,0
STU02175,7.39,64.94,76.84,1,2,2,1,2,0,No,1
STU02176,7.06,60.19,68.15,0,0,2,1,1,3,No,0
STU02177,7.55,76.88,62.75,2,5,2,5,2,1,Yes,1
STU02178,7.58,79.75,68.8,2,4,0,4,2,0,Yes,1
STU02179,7.69,77.89,56.91,3,6,8,3,5,0,Yes,0
STU02180,6.57,58.06,60.0,0,0,4,0,2,0,No,0
STU02181,9.44,83.55,79.77,1,2,1,1,3,1,Yes,1
STU02182,7.27,70.13,69.83,2,5,3,2,2,0,Yes,1
STU02183,4.86,41.44,58.8,0,0,2,1,4,0,No,0
STU02184,5.85,51.88,58.81,0,0,1,3,5,0,Yes,0
STU02185,5.0,37.74,39.26,2,3,4,1,2,0,No,1
STU02186,7.02,72.43,59.17,0,0,4,6,1,0,Yes,1
STU02187,6.86,62.17,70.33,1,3,1,3,2,0,Yes,1
STU02188,6.46,61.71,50.43,2,4,1,4,3,0,No,0
STU02189,9.31,94.31,91.93,1,3,4,2,3,0,No,1
STU02190,7.63,79.15,90.6,2,4,3,1,5,0,Yes,0
STU02191,7.84,84.47,80.73,2,3,2,0,3,0,No,1
STU02192,5.93,40.63,57.13,2,5,5,3,3,0,No,1
STU02193,5.85,49.33,55.7,1,1,1,1,2,2,No,0
STU02194,7.04,75.21,62.25,0,0,1,0,2,0,No,0
STU02195,7.2,73.99,69.68,0,0,2,0,1,0,No,0
STU02196,4.87,57.5,37.67,2,4,1,3,4,0,Yes,1
STU02197,6.79,74.78,69.29,0,0,1,2,1,0,No,1
STU02198,7.02,69.97,58.66,0,0,1,3,2,0,No,0
STU02199,6.75,62.36,65.08,1,1,5,1,2,0,Yes,1
STU02200,6.06,48.67,58.21,1,1,6,3,3,0,Yes,0
STU02201,6.38,55.5,52.41,2,4,2,2,2,0,Yes,0
STU02202,6.8,62.2,57.32,3,12,5,3,1,0,Yes,0
STU02203,7.1,65.96,65.5,0,0,2,1,1,0,Yes,0
STU02204,7.7,72.58,69.74,0,0,1,1,2,0,Yes,0
STU02205,8.24,86.09,81.62,2,3,7,1,5,2,No,1
STU02206,6.66,72.61,53.93,0,0,1,2,2,0,No,0
STU02207,6.48,65.29,51.62,0,0,2,3,3,0,No,1
STU02208,7.5,73.5,75.72,0,0,0,5,1,0,Yes,0
STU02209,7.7,84.25,78.87,0,0,1,7,3,0,Yes,1
STU02210,6.5,62.15,55.31,1,2,2,3,2,0,No,1
STU02211,7.91,80.35,67.71,0,0,0,3,2,0,Yes,1
STU02212,8.13,82.03,86.68,1,2,1,4,1,0,Yes,1
STU02213,8.49,84.37,79.88,1,3,2,1,4,0,No,1
STU02214,9.05,92.14,97.61,0,0,2,1,1,2,No,0
STU02215,6.0,54.58,49.95,0,0,2,2,2,0,No,1
STU02216,7.02,63.79,65.98,0,0,3,1,2,0,No,1
STU02217,7.01,63.42,62.49,2,3,3,2,1,0,No,0
STU02218,6.89,67.83,64.45,0,0,1,2,1,0,No,0
STU02219,6.25,59.26,74.54,2,5,5,0,1,0,No,1
STU02220,5.29,46.27,43.05,2,5,0,3,3,0,No,1
STU02221,7.11,62.76,74.21,1,1,3,1,4,1,Yes,1
STU02222,6.12,62.51,52.55,2,3,3,0,2,2,No,0
STU02223,7.1,75.68,73.49,0,0,1,1,1,0,No,1
STU02224,6.09,42.74,40.08,0,0,0,4,2,0,Yes,0
STU02225,5.74,59.26,59.89,0,0,4,0,5,0,No,0
STU02226,7.27,70.77,71.07,1,1,6,1,2,1,Yes,0
STU02227,7.17,71.69,65.95,1,1,2,3,0,0,Yes,0
STU02228,7.67,84.55,80.14,3,10,4,2,1,2,Yes,1
STU02229,9.51,99.25,87.2,2,4,1,6,1,0,Yes,1
STU02230,7.32,78.79,62.89,1,1,0,0,2,0,No,0
STU02231,7.56,77.68,58.69,1,1,1,2,2,0,Yes,0
STU02232,5.76,43.18,59.39,0,0,2,4,2,0,Yes,0
STU02233,5.52,37.45,45.27,0,0,3,7,3,0,Yes,0
STU02234,8.82,92.63,80.69,0,0,3,1,3,0,Yes,1
STU02235,5.94,61.16,46.89,1,2,0,0,2,0,No,0
STU02236,5.8,46.88,57.56,0,0,1,0,1,0,No,0
STU02237,6.96,65.54,61.22,2,5,5,2,1,1,No,0
STU02238,6.9,62.85,67.06,3,10,7,1,5,0,No,1
STU02239,5.96,49.86,48.36,0,0,1,2,2,0,Yes,0
STU02240,6.65,68.7,51.72,1,2,1,0,3,0,Yes,0
STU02241,8.41,86.36,87.46,1,1,3,3,2,0,Yes,1
STU02242,6.07,53.14,58.13,1,1,5,1,2,0,Yes,0
STU02243,5.4,64.74,41.72,2,3,3,4,2,0,Yes,1
STU02244,8.08,73.69,79.07,1,3,3,0,2,0,No,0
STU02245,7.57,79.63,73.92,1,3,2,0,2,1,No,1
STU02246,6.29,50.82,56.78,0,0,2,4,2,0,Yes,0
STU02247,5.18,46.7,56.48,0,0,2,1,1,0,Yes,0
STU02248,6.14,56.24,50.41,2,6,3,2,5,0,Yes,1
STU02249,6.94,71.91,61.87,3,10,2,2,2,0,Yes,1
STU02250,8.34,82.97,80.49,1,2,1,5,2,0,Yes,0
STU02251,5.81,49.65,43.2,0,0,1,3,2,0,Yes,1
STU02252,6.9,64.63,52.97,1,3,3,0,1,0,No,1
STU02253,7.78,72.56,76.85,1,3,1,2,2,0,Yes,1
STU02254,4.26,49.19,45.56,1,2,3,1,2,0,No,0
STU02255,8.19,84.88,80.21,0,0,1,3,1,0,Yes,1
STU02256,5.64,53.06,47.07,2,6,5,3,2,0,No,1
STU02257,7.38,73.27,65.29,3,8,5,1,3,0,Yes,1
STU02258,7.28,71.11,70.78,2,5,3,2,1,0,Yes,1
STU02259,8.25,90.79,81.76,3,6,5,4,3,0,Yes,1
STU02260,7.63,83.36,77.08,0,0,0,2,3,0,No,1
STU02261,4.27,53.89,44.35,0,0,1,3,5,0,No,1
STU02262,6.1,57.04,54.17,2,4,5,3,2,0,No,1
STU02263,7.16,78.46,75.26,1,3,3,2,2,0,No,1
STU02264,6.78,61.77,64.7,3,7,4,5,1,2,No,1
STU02265,7.55,74.92,76.01,0,0,1,1,3,0,Yes,1
STU02266,7.91,87.74,67.11,0,0,2,2,1,0,No,0
STU02267,7.7,83.2,81.46,1,1,4,3,3,0,No,1
STU02268,6.75,62.15,59.11,1,1,3,1,3,0,No,0
STU02269,4.88,40.17,43.92,0,0,3,2,2,0,Yes,0
STU02270,6.48,58.48,49.07,1,1,5,1,2,0,Yes,1
STU02271,7.48,70.98,84.63,2,6,5,7,5,0,Yes,1
STU02272,5.75,61.65,35.0,1,3,2,3,2,0,No,0
STU02273,7.73,83.0,84.36,0,0,1,1,2,1,No,1
STU02274,8.04,77.36,81.51,2,5,0,4,2,0,Yes,1
STU02275,7.15,63.86,55.7,1,3,2,3,1,0,Yes,1
STU02276,4.0,40.45,54.34,1,2,4,4,3,0,Yes,0
STU02277,5.53,46.33,49.77,1,3,2,3,1,3,Yes,1
STU02278,9.17,87.62,71.47,0,0,0,2,1,0,Yes,1
STU02279,6.37,64.92,52.7,0,0,3,0,2,0,No,0
STU02280,4.72,40.24,46.25,2,4,2,2,1,0,Yes,0
STU02281,8.42,98.84,92.39,0,0,2,2,2,0,Yes,1
STU02282,7.02,62.49,62.69,3,11,6,0,0,0,No,1
STU02283,8.27,75.5,65.08,3,8,5,1,2,2,No,1
STU02284,7.32,82.9,78.53,0,0,3,4,3,0,No,0
STU02285,7.53,83.71,75.77,0,0,1,1,2,0,Yes,0
STU02286,7.42,73.07,57.77,2,6,5,2,3,0,Yes,1
STU02287,7.8,81.6,78.37,2,4,4,5,1,0,Yes,1
STU02288,9.62,91.91,89.16,0,0,0,1,1,2,No,1
STU02289,8.12,83.38,77.61,1,3,3,2,2,0,No,0
STU02290,5.18,39.88,39.7,0,0,1,1,2,1,No,0
STU02291,7.51,60.69,68.92,0,0,0,2,2,1,No,0
STU02292,8.31,79.25,79.36,1,1,1,0,3,0,Yes,1
STU02293,8.38,95.75,83.98,0,0,1,2,2,2,No,0
STU02294,6.51,71.32,61.91,0,0,2,1,2,3,No,1
STU02295,8.34,82.95,68.64,1,3,3,1,2,1,No,1
STU02296,8.07,76.41,80.69,0,0,2,2,4,0,Yes,1
STU02297,9.96,91.43,89.68,0,0,2,2,2,0,Yes,1
STU02298,6.14,57.91,53.29,1,3,0,2,1,0,Yes,0
STU02299,6.42,62.47,53.43,2,4,4,3,2,2,No,1
STU02300,6.65,47.06,67.74,1,3,4,4,2,0,Yes,1
STU02301,6.44,78.05,64.17,1,3,2,0,1,0,Yes,1
STU02302,5.98,60.31,48.32,0,0,1,3,3,1,Yes,0
STU02303,4.0,43.93,41.62,2,5,4,1,2,2,No,0
STU02304,6.5,55.76,61.7,0,0,1,1,5,1,No,0
STU02305,7.42,80.21,78.98,0,0,0,3,2,1,Yes,0
STU02306,6.43,62.03,51.16,0,0,0,1,1,0,No,0
STU02307,9.23,89.33,79.5,0,0,3,3,2,0,Yes,1
STU02308,7.02,70.9,66.8,1,3,5,1,5,0,No,0
STU02309,8.48,84.89,75.83,3,12,2,0,1,2,Yes,0
STU02310,7.3,74.94,57.86,1,1,3,4,1,0,Yes,1
STU02311,7.95,85.38,73.1,0,0,1,0,2,0,No,1
STU02312,7.32,74.87,72.31,2,6,5,1,1,0,Yes,1
STU02313,8.57,87.79,92.37,0,0,0,1,4,0,Yes,1
STU02314,7.06,77.25,61.64,1,1,3,1,3,0,Yes,1
STU02315,7.57,66.81,72.65,1,3,1,1,4,3,No,1
STU02316,7.42,69.44,72.16,1,1,3,1,1,0,No,1
STU02317,6.67,62.69,55.63,0,0,3,4,4,0,Yes,1
STU02318,7.47,70.54,67.55,2,5,3,0,1,0,No,1
STU02319,9.57,87.03,88.42,0,0,2,2,3,0,No,1
STU02320,6.69,70.53,52.61,1,3,3,3,2,0,Yes,1
STU02321,7.48,74.24,67.53,0,0,2,0,2,0,Yes,0
STU02322,8.45,74.32,81.08,1,2,2,6,0,0,Yes,1
STU02323,8.31,81.76,83.24,2,6,6,1,2,1,No,1
STU02324,7.01,68.45,56.01,1,3,4,1,1,1,Yes,1
STU02325,4.26,45.63,41.61,0,0,2,0,2,0,No,0
STU02326,7.59,80.0,65.92,1,1,1,1,2,0,No,0
STU02327,4.45,48.43,38.48,2,4,6,2,0,0,Yes,1
STU02328,8.69,85.9,88.46,0,0,0,2,3,0,No,1
STU02329,7.19,63.7,67.42,0,0,0,2,3,0,Yes,1
STU02330,8.15,80.21,89.87,1,3,2,1,2,0,Yes,1
STU02331,5.96,49.63,49.94,1,3,4,2,3,0,No,1
STU02332,5.21,46.09,50.61,0,0,3,0,4,0,No,0
STU02333,7.3,76.67,74.29,1,1,7,5,2,1,No,0
STU02334,6.96,69.68,64.18,1,2,0,1,3,0,No,1
STU02335,6.43,64.04,48.2,0,0,3,1,1,0,No,0
STU02336,7.1,67.12,65.79,0,0,1,3,4,1,Yes,0
STU02337,10.0,98.94,83.7,0,0,1,1,1,0,No,0
STU02338,7.96,85.15,74.68,0,0,1,1,1,0,No,1
STU02339,8.21,84.03,81.3,2,4,2,1,1,0,Yes,1
STU02340,7.97,84.85,69.53,0,0,0,0,3,0,No,1
STU02341,8.7,82.76,78.57,0,0,2,2,4,0,Yes,0
STU02342,6.78,51.67,55.25,2,3,7,4,2,0,Yes,1
STU02343,4.64,42.26,41.37,1,2,2,1,1,0,No,0
STU02344,6.78,68.85,56.76,2,6,7,2,1,0,No,1
STU02345,7.93,81.32,73.63,1,2,3,4,1,0,Yes,1
STU02346,5.88,51.8,50.44,2,5,3,3,3,0,Yes,1
STU02347,6.8,59.57,58.98,0,0,2,4,3,0,Yes,1
STU02348,6.2,44.35,53.11,1,1,2,1,1,0,No,1
STU02349,8.73,95.5,77.25,0,0,5,1,1,3,No,0
STU02350,7.86,78.75,72.02,1,2,2,3,1,0,No,1
STU02351,7.75,76.15,87.98,0,0,1,2,1,2,Yes,0
STU02352,7.71,74.3,71.14,1,2,1,2,1,0,No,1
STU02353,6.96,74.73,51.56,1,2,2,1,1,1,No,0
STU02354,7.23,76.66,70.43,0,0,2,2,2,0,Yes,1
STU02355,5.64,44.61,43.16,0,0,2,3,1,0,No,0
STU02356,4.49,52.63,44.11,1,1,2,0,1,0,No,0
STU02357,7.17,69.68,67.01,1,3,0,3,1,0,Yes,1
STU02358,7.37,69.87,73.83,1,2,1,1,2,2,Yes,0
STU02359,8.39,83.13,81.3,1,2,1,3,2,0,No,1
STU02360,8.81,82.6,82.94,1,3,1,4,4,0,No,1
STU02361,8.81,79.36,91.18,0,0,0,3,2,0,Yes,0
STU02362,5.85,56.95,35.99,1,1,3,1,1,0,No,1
STU02363,6.59,60.09,50.46,0,0,2,2,1,2,No,0
STU02364,7.55,79.87,68.22,1,1,5,5,2,0,Yes,1
STU02365,9.91,91.44,76.56,0,0,3,2,5,0,Yes,1
STU02366,8.7,90.11,80.94,1,1,2,2,2,0,No,1
STU02367,8.29,71.79,77.6,1,2,3,3,1,0,Yes,1
STU02368,6.55,55.61,63.66,0,0,0,2,1,0,No,1
STU02369,5.98,56.98,50.04,2,4,1,0,1,0,Yes,0
STU02370,7.91,72.91,76.28,0,0,0,6,4,1,Yes,1
STU02371,5.73,53.44,45.92,0,0,2,0,2,2,Yes,0
STU02372,6.73,55.07,54.11,1,1,2,2,2,0,Yes,0
STU02373,6.87,65.81,68.05,2,3,4,0,3,0,Yes,1
STU02374,8.83,97.1,91.7,0,0,3,1,3,1,No,1
STU02375,6.59,66.01,51.09,0,0,2,1,4,0,No,0
STU02376,4.19,35.0,52.06,1,3,0,4,1,0,Yes,1
STU02377,7.58,81.6,69.48,0,0,1,1,2,0,No,0
STU02378,6.2,66.89,48.44,1,3,4,1,1,0,No,1
STU02379,7.05,85.48,68.53,2,5,5,1,2,0,No,0
STU02380,6.9,69.12,66.64,0,0,1,2,2,2,Yes,0
STU02381,6.69,54.56,59.32,0,0,1,3,2,0,No,1
STU02382,7.91,83.2,75.51,1,2,1,5,2,0,Yes,1
STU02383,5.24,57.5,51.96,1,2,1,2,1,0,No,1
STU02384,6.41,57.61,51.99,1,1,1,2,2,2,No,0
STU02385,7.79,85.4,75.73,2,4,5,2,2,0,Yes,1
STU02386,6.29,52.16,64.36,2,4,3,5,4,0,Yes,0
STU02387,5.15,49.73,36.47,0,0,1,3,1,0,Yes,0
STU02388,7.77,64.01,73.2,2,3,6,2,1,1,Yes,1
STU02389,8.29,78.4,87.26,1,3,1,6,4,0,Yes,1
STU02390,6.95,67.0,67.2,2,5,4,4,1,3,Yes,1
STU02391,4.75,43.92,48.47,1,2,1,0,4,0,No,0
STU02392,7.81,71.61,68.48,2,4,4,5,0,0,Yes,1
STU02393,5.09,44.23,46.16,2,6,4,0,0,0,No,0
STU02394,7.36,75.26,68.57,0,0,2,0,3,0,Yes,0
STU02395,5.98,53.03,64.18,1,2,2,3,3,2,Yes,0
STU02396,5.67,50.98,52.48,1,1,5,5,2,0,Yes,0
STU02397,6.49,64.34,56.82,1,1,2,1,3,1,Yes,1
STU02398,6.79,62.43,63.2,0,0,1,1,0,0,No,1
STU02399,6.26,64.91,54.08,0,0,3,3,1,0,Yes,0
STU02400,7.68,71.94,79.07,0,0,1,0,2,0,No,0
STU02401,6.49,71.46,51.76,1,2,3,1,2,1,No,0
STU02402,8.13,89.33,87.85,1,2,1,2,3,0,Yes,1
STU02403,7.32,70.69,61.88,1,2,1,1,1,0,No,1
STU02404,6.2,54.25,54.21,0,0,1,7,3,1,Yes,1
STU02405,6.0,54.99,45.81,2,4,2,0,3,0,No,0
STU02406,5.11,50.9,44.56,1,1,4,3,2,3,Yes,0
STU02407,7.33,79.57,75.93,2,3,3,3,2,0,Yes,1
STU02408,6.59,53.33,48.1,2,5,4,4,4,0,Yes,1
STU02409,4.27,48.04,41.39,2,5,2,1,2,0,Yes,0
STU02410,6.38,45.74,46.8,1,1,1,1,1,1,Yes,0
STU02411,5.96,52.32,48.7,1,2,3,5,3,3,Yes,1
STU02412,8.81,96.05,75.68,1,1,2,1,4,0,Yes,1
STU02413,5.04,38.56,45.03,0,0,4,0,2,0,No,0
STU02414,5.34,38.87,42.9,2,5,2,0,1,0,No,0
STU02415,8.28,85.32,85.48,1,1,2,3,2,0,Yes,1
STU02416,8.56,94.3,90.35,1,1,4,0,3,0,Yes,0
STU02417,6.14,57.3,52.41,1,3,4,2,3,0,Yes,0
STU02418,6.27,45.47,59.26,1,3,2,1,5,0,No,1
STU02419,7.71,68.15,83.54,1,3,2,2,1,0,No,0
STU02420,4.32,46.07,36.95,0,0,0,2,3,2,Yes,0
STU02421,4.86,39.31,52.0,1,1,3,0,5,0,No,0
STU02422,6.68,63.45,59.41,3,7,5,2,1,0,No,1
STU02423,8.78,88.37,78.32,2,3,2,3,3,0,Yes,1
STU02424,6.5,57.11,58.84,0,0,5,0,4,0,No,0
STU02425,7.12,80.62,66.3,1,3,3,1,2,2,No,1
STU02426,8.3,87.8,72.82,1,3,3,2,0,0,No,1
STU02427,9.42,96.47,79.59,3,9,4,1,4,1,No,1
STU02428,6.34,63.26,64.56,3,12,1,4,4,0,Yes,1
STU02429,6.98,66.63,66.2,0,0,3,2,3,0,Yes,0
STU02430,9.1,87.23,94.29,0,0,3,5,1,0,Yes,1
STU02431,5.25,46.18,42.47,0,0,2,0,3,0,Yes,0
STU02432,8.18,87.23,75.34,0,0,1,0,1,0,No,1
STU02433,5.83,48.18,38.98,1,1,2,1,4,0,No,1
STU02434,7.12,80.13,72.58,1,3,2,0,2,0,No,0
STU02435,6.72,58.84,62.78,2,6,2,7,3,1,Yes,0
STU02436,5.9,54.07,47.33,0,0,2,1,3,0,No,0
STU02437,5.87,51.1,44.72,0,0,1,2,2,0,No,0
STU02438,7.32,70.06,76.52,1,3,5,2,2,0,Yes,1
STU02439,8.14,95.84,78.74,1,2,3,0,2,0,Yes,1
STU02440,6.85,62.81,61.45,0,0,2,6,2,1,Yes,0
STU02441,7.08,67.32,62.55,0,0,1,1,1,1,Yes,0
STU02442,7.66,73.6,72.14,1,1,3,2,0,0,Yes,1
STU02443,5.88,52.85,52.9,0,0,0,3,2,2,Yes,0
STU02444,7.85,79.25,68.36,1,3,2,1,0,0,No,0
STU02445,7.94,74.22,78.42,2,5,4,2,2,3,No,1
STU02446,9.99,87.23,92.51,0,0,2,6,1,0,Yes,1
STU02447,6.57,64.65,57.49,1,3,3,1,1,0,No,1
STU02448,6.47,65.82,62.99,2,6,5,3,2,0,Yes,0
STU02449,7.88,80.43,85.33,1,2,5,3,1,0,Yes,1
STU02450,7.94,81.29,83.36,0,0,0,5,2,0,No,1
STU02451,6.38,56.29,52.23,0,0,2,0,2,0,No,1
STU02452,6.54,57.56,57.36,2,3,5,4,1,0,No,0
STU02453,7.62,71.52,76.11,0,0,1,2,2,0,No,1
STU02454,6.05,44.84,48.36,2,3,7,1,1,0,No,1
STU02455,6.53,56.24,54.43,2,3,4,3,1,2,Yes,1
STU02456,7.1,74.92,63.12,2,6,1,2,4,2,Yes,0
STU02457,8.15,80.27,95.08,2,5,5,1,1,0,Yes,1
STU02458,6.3,55.26,52.71,2,4,0,4,2,0,No,1
STU02459,4.88,44.27,49.88,2,3,3,7,2,0,Yes,1
STU02460,4.8,53.67,37.98,1,2,1,1,2,1,Yes,0
STU02461,5.55,44.26,57.04,0,0,1,1,1,0,Yes,0
STU02462,5.49,51.08,44.14,0,0,1,2,1,0,No,0
STU02463,6.82,64.66,62.39,0,0,0,2,1,0,No,0
STU02464,5.63,50.77,36.37,0,0,3,4,3,1,Yes,0
STU02465,6.19,57.37,59.6,2,3,4,3,1,0,Yes,0
STU02466,6.11,55.28,59.94,2,3,6,1,2,0,No,1
STU02467,6.49,64.75,49.86,1,1,3,0,1,0,No,0
STU02468,8.52,85.59,89.82,2,5,3,1,2,0,No,1
STU02469,7.76,89.31,67.82,1,1,1,2,2,0,No,1
STU02470,7.02,68.47,69.0,1,1,4,1,0,0,No,0
STU02471,6.47,49.4,54.89,2,4,2,3,2,0,Yes,0
STU02472,6.5,63.92,65.1,2,4,4,2,2,2,No,0
STU02473,7.38,75.95,72.09,2,6,4,2,3,2,No,1
STU02474,7.67,78.01,80.4,1,1,0,0,4,0,No,1
STU02475,5.96,51.73,57.71,0,0,1,2,1,0,No,0
STU02476,7.04,55.89,63.83,1,3,2,6,3,0,No,1
STU02477,4.66,35.0,42.77,1,2,1,1,1,2,No,0
STU02478,7.24,81.56,62.0,2,4,5,3,3,0,Yes,1
STU02479,7.88,76.66,75.37,1,3,3,2,2,0,Yes,1
STU02480,6.68,68.44,71.21,2,4,5,3,1,0,Yes,1
STU02481,9.09,78.76,89.92,0,0,0,2,1,0,No,0
STU02482,5.99,47.3,44.31,1,2,4,4,2,0,Yes,1
STU02483,7.25,75.83,78.55,1,3,3,3,4,1,No,0
STU02484,6.96,66.61,66.56,2,5,2,3,5,0,Yes,1
STU02485,6.88,69.18,67.94,1,2,0,0,1,0,No,0
STU02486,6.87,65.65,65.67,0,0,1,0,1,0,No,0
STU02487,7.12,68.58,69.35,2,5,1,1,1,0,No,1
STU02488,7.98,77.22,66.31,0,0,1,2,2,0,Yes,1
STU02489,8.58,78.94,89.74,1,2,2,1,2,0,No,1
STU02490,7.0,76.21,51.27,1,1,3,2,3,0,No,0
STU02491,7.94,90.29,83.98,3,11,2,0,1,0,No,0
STU02492,6.19,49.68,53.51,0,0,0,0,4,0,No,0
STU02493,7.88,73.62,82.26,1,1,2,3,2,0,No,1
STU02494,6.12,53.02,53.05,0,0,2,3,1,0,Yes,1
STU02495,8.25,85.85,87.07,1,1,3,1,1,0,No,0
STU02496,9.54,88.28,86.46,1,1,4,0,4,0,Yes,1
STU02497,6.86,68.57,64.26,0,0,2,1,2,0,No,0
STU02498,4.48,45.34,45.06,2,5,3,2,5,0,No,1
STU02499,6.37,57.53,66.49,1,1,2,0,5,0,No,1
STU02500,8.42,99.54,85.67,2,5,5,4,3,0,Yes,1
STU02501,7.64,74.12,66.37,2,4,3,3,1,2,Yes,1
STU02502,7.29,82.17,65.94,1,3,4,0,3,0,No,0
STU02503,8.16,91.62,83.52,0,0,5,0,3,0,Yes,0
STU02504,7.56,79.25,80.78,0,0,1,1,4,1,Yes,0
STU02505,8.4,73.39,77.62,0,0,3,3,1,1,Yes,1
STU02506,8.06,82.25,92.5,0,0,1,4,2,1,No,0
STU02507,8.75,83.97,85.11,0,0,2,3,2,0,Yes,1
STU02508,7.41,74.22,73.63,0,0,1,4,3,1,Yes,1
STU02509,8.04,75.55,71.41,1,3,4,0,2,0,Yes,1
STU02510,6.65,66.74,65.89,0,0,0,2,1,2,No,0
STU02511,6.31,63.26,51.68,0,0,2,2,0,0,Yes,0
STU02512,8.96,94.93,80.43,1,1,5,1,4,0,No,1
STU02513,7.25,69.44,66.83,0,0,1,4,1,0,Yes,1
STU02514,7.93,74.42,86.07,0,0,1,3,1,0,Yes,0
STU02515,7.14,72.2,69.88,2,4,4,2,1,0,No,1
STU02516,6.33,68.09,49.21,2,4,5,3,1,0,No,1
STU02517,7.01,68.49,61.89,0,0,2,2,1,0,Yes,0
STU02518,8.65,89.25,91.99,1,2,2,1,0,0,No,1
STU02519,7.64,75.92,72.91,0,0,1,1,2,1,No,0
STU02520,5.03,43.99,47.37,1,2,2,4,4,0,Yes,0
STU02521,6.75,67.82,65.7,0,0,0,2,5,0,Yes,0
STU02522,9.05,87.61,64.74,1,3,1,1,3,1,No,0
STU02523,6.75,66.34,68.5,1,3,2,3,2,0,No,0
STU02524,4.93,49.68,38.52,0,0,2,3,1,0,No,0
STU02525,9.18,90.74,83.49,2,3,3,3,1,0,Yes,1
STU02526,7.78,82.48,85.36,1,2,3,3,4,0,Yes,1
STU02527,6.92,61.4,72.2,0,0,3,2,2,0,No,0
STU02528,6.57,55.6,61.04,2,6,0,2,4,0,No,1
STU02529,8.24,83.44,85.07,0,0,1,6,1,0,Yes,1
STU02530,6.38,58.21,61.18,0,0,2,5,4,0,Yes,0
STU02531,8.32,81.24,89.95,0,0,3,1,2,0,No,0
STU02532,7.62,78.5,83.4,2,5,2,0,1,0,No,1
STU02533,7.28,77.68,69.87,3,9,2,1,3,0,No,1
STU02534,7.17,77.57,63.02,1,3,2,5,1,0,Yes,1
STU02535,6.8,73.15,60.15,2,5,2,1,3,0,Yes,1
STU02536,8.2,75.42,81.08,1,1,4,1,1,0,Yes,1
STU02537,6.0,46.79,50.44,0,0,2,3,0,0,No,0
STU02538,5.13,45.7,38.36,1,2,5,4,0,1,Yes,1
STU02539,7.71,78.7,77.84,1,1,1,2,1,0,Yes,0
STU02540,7.73,77.0,66.03,0,0,3,0,1,0,Yes,1
STU02541,7.55,72.85,73.67,1,2,1,0,1,0,No,1
STU02542,7.47,73.11,72.83,0,0,0,1,0,0,No,0
STU02543,6.63,64.88,59.67,0,0,0,2,2,0,No,0
STU02544,7.91,72.57,82.65,1,1,2,3,2,0,Yes,0
STU02545,6.95,81.09,68.34,1,2,1,4,2,0,Yes,0
STU02546,6.44,59.29,69.5,0,0,1,0,2,0,No,1
STU02547,6.64,68.43,56.02,0,0,2,0,2,1,No,0
STU02548,9.32,85.54,87.69,1,3,2,0,3,0,No,1
STU02549,5.0,50.34,45.18,0,0,1,3,3,0,Yes,0
STU02550,7.57,77.05,74.46,0,0,2,7,3,0,Yes,1
STU02551,5.07,52.3,36.57,1,2,0,3,5,0,Yes,0
STU02552,6.88,64.64,55.73,1,1,4,0,2,0,No,0
STU02553,6.5,69.39,57.12,1,1,6,3,1,0,Yes,1
STU02554,4.6,36.89,35.0,0,0,1,2,0,0,No,0
STU02555,7.45,80.31,69.6,2,6,6,1,2,1,Yes,1
STU02556,6.56,61.65,54.05,2,5,1,2,0,0,No,1
STU02557,4.59,39.71,41.03,2,3,1,2,1,0,No,0
STU02558,7.97,92.89,84.97,0,0,1,3,1,0,Yes,0
STU02559,8.65,97.62,77.05,0,0,1,3,1,0,Yes,0
STU02560,8.71,74.44,89.1,1,2,3,1,1,0,No,1
STU02561,7.41,75.17,67.68,0,0,1,3,2,0,Yes,1
STU02562,7.05,72.98,63.06,0,0,2,4,1,0,No,1
STU02563,8.53,88.45,85.6,1,1,4,2,2,1,No,1
STU02564,8.93,96.93,83.19,2,6,3,6,2,1,Yes,0
STU02565,8.3,92.1,75.9,1,1,0,4,2,3,Yes,1
STU02566,5.92,54.52,47.71,0,0,3,3,2,0,Yes,0
STU02567,7.23,85.1,57.78,0,0,0,3,1,0,Yes,0
STU02568,7.51,81.1,74.77,0,0,2,3,4,0,Yes,1
STU02569,4.92,44.49,35.0,0,0,1,1,1,0,No,0
STU02570,7.54,72.66,78.3,0,0,3,1,2,1,No,1
STU02571,9.61,96.92,90.15,0,0,0,1,2,0,No,0
STU02572,7.74,73.82,85.18,0,0,2,3,4,0,No,1
STU02573,8.69,84.3,96.86,0,0,3,4,3,1,Yes,1
STU02574,7.21,69.68,73.73,2,3,2,3,2,0,No,1
STU02575,6.92,68.58,59.69,1,1,5,4,2,0,Yes,1
STU02576,7.44,73.31,84.5,2,6,4,5,1,2,Yes,1
STU02577,6.06,46.48,44.22,1,2,2,3,2,0,No,0
STU02578,5.89,59.68,38.29,1,1,4,4,2,0,Yes,1
STU02579,8.46,82.92,93.46,1,3,4,1,2,2,No,0
STU02580,8.58,98.19,86.68,1,1,1,1,1,1,Yes,1
STU02581,5.86,54.19,38.11,0,0,2,5,2,0,Yes,0
STU02582,8.11,90.12,71.39,1,3,1,2,2,0,No,1
STU02583,6.9,70.05,66.57,0,0,0,4,2,0,Yes,1
STU02584,7.39,81.7,65.59,2,3,5,5,2,2,Yes,1
STU02585,7.53,79.24,68.46,0,0,1,3,2,0,No,1
STU02586,8.14,84.2,91.58,0,0,3,1,2,0,Yes,0
STU02587,7.1,75.96,79.29,1,3,7,0,2,1,No,0
STU02588,8.62,100.0,84.22,0,0,2,1,4,0,Yes,1
STU02589,7.36,71.68,69.4,3,10,5,2,1,0,Yes,1
STU02590,7.72,83.13,80.77,1,3,1,3,4,0,Yes,0
STU02591,6.04,54.08,47.74,1,2,4,2,1,0,Yes,1
STU02592,9.48,92.34,72.92,0,0,0,6,3,0,Yes,0
STU02593,7.54,76.24,56.41,1,3,3,3,3,0,Yes,1
STU02594,7.82,66.56,76.06,0,0,0,1,2,0,No,0
STU02595,5.15,46.3,49.79,0,0,2,0,2,0,No,0
STU02596,6.05,60.26,51.36,1,3,5,2,1,0,No,1
STU02597,8.42,80.54,86.99,0,0,1,1,1,0,No,1
STU02598,7.33,78.45,75.38,1,1,5,1,1,0,No,1
STU02599,4.8,47.31,51.53,1,3,2,4,3,0,Yes,0
STU02600,8.19,82.09,81.36,2,3,4,1,2,0,Yes,1
STU02601,6.37,63.72,56.94,1,1,2,1,1,0,No,1
STU02602,8.62,90.44,83.13,0,0,1,0,3,1,No,0
STU02603,6.9,68.77,61.69,2,6,5,1,2,0,No,1
STU02604,7.24,77.61,59.08,1,3,4,1,3,0,No,1
STU02605,8.36,85.85,88.66,0,0,2,0,3,0,No,1
STU02606,5.97,43.56,48.12,1,3,3,2,1,0,Yes,0
STU02607,5.86,50.09,46.71,1,2,7,3,4,0,Yes,1
STU02608,6.77,53.39,57.97,0,0,4,1,1,0,No,0
STU02609,7.95,84.97,69.98,2,4,6,1,3,2,Yes,1
STU02610,5.47,54.63,45.74,2,5,3,1,5,1,No,0
STU02611,5.08,52.84,47.29,1,1,2,0,1,0,No,0
STU02612,7.95,83.93,73.76,0,0,2,2,2,0,Yes,0
STU02613,6.31,63.15,60.57,0,0,0,3,3,0,Yes,1
STU02614,6.55,51.28,55.53,1,2,3,2,1,0,No,0
STU02615,4.86,45.76,35.0,0,0,1,1,3,0,No,0
STU02616,6.22,47.74,61.47,0,0,2,1,5,0,Yes,0
STU02617,6.99,65.55,65.89,1,1,2,1,1,0,Yes,1
STU02618,8.07,91.86,84.34,1,1,3,0,3,0,Yes,1
STU02619,6.11,61.53,57.29,0,0,4,2,1,0,Yes,1
STU02620,8.91,91.72,79.07,1,2,4,0,1,0,Yes,1
STU02621,6.21,55.08,50.04,0,0,0,1,1,1,No,0
STU02622,6.21,50.22,59.38,1,2,3,2,2,0,Yes,0
STU02623,8.77,88.24,95.13,1,2,2,2,5,1,Yes,1
STU02624,7.24,78.32,69.03,0,0,5,3,2,0,Yes,1
STU02625,6.37,60.61,51.39,2,6,3,0,2,0,No,0
STU02626,6.82,55.55,72.16,2,4,3,1,2,0,No,1
STU02627,8.56,86.59,79.21,2,3,3,0,2,0,No,1
STU02628,8.69,75.23,85.68,0,0,3,2,3,0,Yes,1
STU02629,6.06,59.18,48.78,2,4,2,4,2,0,Yes,1
STU02630,6.95,62.93,65.71,1,2,1,2,3,0,No,0
STU02631,7.1,62.17,60.83,0,0,0,2,2,0,No,0
STU02632,5.87,57.34,47.18,1,2,2,1,2,0,No,0
STU02633,6.94,70.18,60.06,2,3,5,4,2,0,Yes,1
STU02634,7.01,69.33,68.91,2,4,4,2,3,0,No,0
STU02635,8.31,97.45,82.28,0,0,0,3,1,0,Yes,1
STU02636,8.39,88.69,87.16,0,0,3,1,2,1,No,0
STU02637,6.62,57.92,53.84,1,2,2,1,1,0,No,1
STU02638,6.75,67.02,59.65,2,4,1,3,2,0,No,1
STU02639,7.76,77.17,79.64,3,12,7,0,2,0,No,1
STU02640,6.33,65.19,59.74,0,0,1,3,1,0,No,0
STU02641,7.68,79.56,66.2,0,0,0,0,1,1,No,0
STU02642,6.9,68.52,65.14,1,2,2,1,3,0,Yes,0
STU02643,5.89,43.98,44.75,0,0,1,1,1,1,Yes,0
STU02644,5.9,53.17,55.25,0,0,2,0,3,0,Yes,0
STU02645,8.66,86.25,94.76,1,2,2,1,0,1,Yes,1
STU02646,6.82,58.91,46.39,0,0,0,1,2,0,No,0
STU02647,8.89,86.35,80.74,2,5,5,5,3,0,Yes,1
STU02648,6.41,61.39,57.36,2,6,5,0,2,0,Yes,1
STU02649,7.33,72.98,69.98,0,0,1,1,4,0,No,1
STU02650,9.75,81.12,92.23,1,2,0,1,1,2,Yes,0
STU02651,5.78,49.99,49.1,1,3,5,0,1,0,No,0
STU02652,4.82,43.44,40.07,1,2,3,2,2,0,No,1
STU02653,8.48,86.67,76.39,2,6,4,3,2,0,No,1
STU02654,6.05,54.71,44.06,0,0,2,1,0,0,Yes,0
STU02655,6.98,64.99,60.0,3,9,5,0,3,1,No,1
STU02656,6.33,54.86,51.18,1,2,3,2,2,0,No,1
STU02657,7.31,73.02,71.92,0,0,2,2,1,0,Yes,1
STU02658,5.91,58.63,48.91,1,1,2,3,2,2,Yes,0
STU02659,6.79,66.23,57.66,1,1,2,2,2,2,Yes,0
STU02660,7.52,84.16,66.56,0,0,2,3,2,1,No,1
STU02661,5.84,58.99,44.97,2,4,2,1,3,0,Yes,0
STU02662,6.19,64.92,49.55,0,0,2,5,1,1,Yes,1
STU02663,6.6,69.72,54.02,0,0,3,7,1,0,Yes,1
STU02664,5.36,57.9,49.56,1,2,3,3,2,0,No,0
STU02665,6.51,53.33,65.45,2,4,3,2,1,2,No,0
STU02666,7.14,73.92,59.98,1,1,3,1,0,0,No,0
STU02667,6.54,67.95,64.35,1,1,2,2,2,0,Yes,1
STU02668,6.69,71.17,63.93,1,3,3,2,1,1,No,1
STU02669,6.98,62.85,65.56,1,3,3,1,4,0,Yes,1
STU02670,6.25,60.53,62.75,1,3,3,1,1,0,Yes,0
STU02671,7.79,79.7,75.22,0,0,1,0,2,0,No,1
STU02672,8.65,97.61,85.94,0,0,2,1,3,0,No,1
STU02673,6.47,51.19,57.26,2,3,2,3,1,0,Yes,1
STU02674,7.56,71.63,73.54,0,0,2,2,3,0,No,1
STU02675,6.72,52.53,63.15,2,5,5,7,2,1,Yes,0
STU02676,7.42,75.08,71.49,1,3,3,3,2,0,No,1
STU02677,8.8,100.0,87.07,0,0,1,2,1,0,No,1
STU02678,7.58,76.29,69.54,0,0,0,0,4,0,No,1
STU02679,4.96,47.34,39.91,0,0,0,3,1,1,Yes,0
STU02680,7.52,78.99,68.64,1,3,4,2,1,0,Yes,1
STU02681,8.42,84.38,79.89,0,0,1,2,1,2,No,1
STU02682,6.75,65.93,66.82,0,0,1,0,1,0,Yes,1
STU02683,8.14,85.16,77.04,2,3,3,1,1,1,No,0
STU02684,6.21,51.02,57.01,1,3,1,2,3,1,No,1
STU02685,5.29,47.59,46.74,0,0,3,1,3,0,Yes,0
STU02686,7.16,74.84,64.74,0,0,2,0,2,0,Yes,1
STU02687,4.98,52.39,51.67,1,3,1,7,2,0,Yes,0
STU02688,6.72,71.18,64.8,0,0,1,0,2,0,No,1
STU02689,8.48,87.53,82.53,0,0,3,3,1,0,Yes,0
STU02690,4.8,48.35,42.73,2,6,4,3,3,0,Yes,1
STU02691,5.53,54.17,47.23,1,3,7,1,1,0,No,1
STU02692,5.81,48.36,39.75,2,5,1,2,0,0,Yes,1
STU02693,6.93,62.81,58.68,1,3,1,1,3,0,No,0
STU02694,6.58,60.43,60.95,0,0,0,2,2,0,Yes,0
STU02695,8.61,78.61,73.76,1,2,1,4,2,0,Yes,0
STU02696,8.1,84.81,74.89,0,0,2,1,2,0,No,1
STU02697,7.57,82.68,71.03,0,0,2,4,2,0,Yes,1
STU02698,7.17,66.19,84.87,0,0,0,4,2,0,Yes,0
STU02699,7.45,77.3,75.74,2,6,7,2,0,0,No,1
STU02700,6.01,50.03,57.39,1,3,2,1,1,0,Yes,1
STU02701,7.99,75.31,73.57,2,4,3,0,3,0,Yes,1
STU02702,5.72,63.42,50.26,1,2,3,1,3,0,Yes,0
STU02703,7.96,75.1,67.56,0,0,0,2,2,0,No,1
STU02704,8.36,77.0,79.69,1,1,3,0,1,0,Yes,1
STU02705,7.24,72.93,71.68,0,0,2,1,1,1,No,1
STU02706,6.8,66.27,53.15,0,0,2,3,3,0,Yes,0
STU02707,7.46,78.83,74.19,0,0,4,0,2,0,No,0
STU02708,4.0,57.13,44.98,0,0,3,1,3,0,No,0
STU02709,7.35,68.51,66.55,1,1,3,2,3,0,No,0
STU02710,6.87,62.28,57.74,1,1,0,1,1,0,No,0
STU02711,6.94,76.59,59.65,1,3,3,1,2,0,No,1
STU02712,7.81,85.07,74.35,2,6,3,1,1,0,No,0
STU02713,6.91,71.23,61.53,0,0,1,6,2,0,Yes,0
STU02714,5.69,47.26,50.86,1,3,2,4,2,0,Yes,0
STU02715,6.84,72.01,59.05,0,0,0,1,2,0,No,0
STU02716,7.08,73.92,75.72,0,0,1,2,1,2,No,0
STU02717,7.13,71.09,76.53,2,5,5,2,2,1,No,0
STU02718,7.19,67.23,69.15,1,3,2,1,2,2,Yes,1
STU02719,8.2,83.89,78.19,1,3,0,0,1,0,No,0
STU02720,5.75,61.23,45.14,0,0,1,3,1,0,Yes,1
STU02721,7.2,64.4,69.87,2,4,3,2,1,0,Yes,0
STU02722,8.48,80.76,85.5,1,1,3,3,2,0,Yes,1
STU02723,5.01,43.13,42.69,0,0,0,2,2,0,Yes,1
STU02724,7.21,68.59,65.69,0,0,0,3,3,0,Yes,0
STU02725,6.33,57.48,56.7,1,1,5,3,2,0,No,1
STU02726,6.57,66.85,58.51,0,0,1,3,5,2,Yes,0
STU02727,5.96,56.09,46.89,0,0,2,0,2,0,No,1
STU02728,6.81,65.16,62.47,0,0,4,3,4,0,No,1
STU02729,9.12,90.13,81.84,0,0,1,2,2,2,No,1
STU02730,5.55,53.52,42.27,0,0,1,2,1,0,Yes,0
STU02731,5.65,40.45,47.51,1,2,1,1,3,1,Yes,0
STU02732,5.5,55.92,43.05,1,1,4,1,1,0,No,0
STU02733,8.99,83.06,80.62,0,0,0,2,2,0,No,1
STU02734,6.47,56.92,62.86,3,8,6,2,2,0,Yes,1
STU02735,6.97,69.43,62.03,0,0,0,3,2,0,Yes,0
STU02736,6.54,60.14,68.65,1,1,0,0,3,0,No,0
STU02737,5.91,55.81,53.65,1,3,4,1,3,0,No,0
STU02738,6.73,64.34,55.56,1,3,3,0,2,0,No,1
STU02739,9.83,87.93,93.62,0,0,1,1,2,0,No,0
STU02740,8.6,95.39,78.92,1,2,0,0,2,0,No,1
STU02741,6.02,58.15,62.74,1,1,1,2,3,0,Yes,0
STU02742,7.74,80.49,77.03,0,0,0,3,3,0,Yes,1
STU02743,6.04,58.29,54.39,0,0,1,3,2,0,No,0
STU02744,4.96,42.49,43.91,1,3,3,4,1,2,Yes,0
STU02745,8.17,96.1,81.64,0,0,2,8,1,2,Yes,0
STU02746,8.33,77.96,80.11,0,0,2,2,2,0,Yes,0
STU02747,8.2,84.0,74.77,0,0,1,5,1,0,Yes,1
STU02748,6.46,57.72,58.48,1,2,2,5,2,0,Yes,1
STU02749,6.81,62.89,67.98,1,1,3,1,3,0,No,1
STU02750,7.86,77.28,69.86,2,6,4,2,5,1,Yes,1
STU02751,7.45,70.02,80.89,1,3,4,2,2,0,Yes,1
STU02752,6.55,67.86,61.33,0,0,3,2,1,0,Yes,0
STU02753,5.14,40.23,41.83,0,0,3,2,0,0,Yes,0
STU02754,7.13,75.84,64.21,1,2,4,2,2,0,No,0
STU02755,8.24,87.56,91.85,0,0,2,1,1,0,Yes,1
STU02756,5.62,48.0,52.92,1,2,1,1,2,0,No,0
STU02757,7.73,81.76,82.4,1,2,2,1,0,2,No,0
STU02758,7.38,72.72,69.16,1,2,3,2,2,0,No,0
STU02759,7.86,73.4,80.34,0,0,0,2,0,0,No,1
STU02760,8.0,75.04,80.68,0,0,1,3,2,0,Yes,0
STU02761,6.2,59.95,51.97,1,1,6,2,5,1,Yes,0
STU02762,5.14,51.08,45.12,0,0,2,4,2,0,No,0
STU02763,6.39,59.93,62.14,0,0,1,6,2,0,Yes,0
STU02764,8.02,79.39,88.34,0,0,3,1,1,0,Yes,0
STU02765,6.38,57.17,53.81,1,2,2,5,1,0,Yes,0
STU02766,6.2,54.08,45.15,3,11,7,0,0,0,No,0
STU02767,4.91,36.08,53.42,1,1,2,2,2,0,No,0
STU02768,9.02,88.48,95.05,0,0,1,0,1,0,No,1
STU02769,7.95,84.15,80.42,1,1,2,0,2,0,No,1
STU02770,7.89,80.71,88.06,0,0,1,0,1,2,Yes,1
STU02771,8.11,93.13,81.48,0,0,1,0,2,0,No,1
STU02772,7.66,71.66,69.23,3,6,4,4,1,0,No,1
STU02773,6.72,59.31,52.4,2,5,6,5,4,0,Yes,1
STU02774,6.81,65.71,53.98,1,3,2,3,1,0,Yes,1
STU02775,6.51,61.63,57.2,0,0,0,0,5,0,No,0
STU02776,10.0,78.48,84.09,0,0,0,1,2,0,No,1
STU02777,7.64,80.96,70.87,0,0,1,0,1,0,No,0
STU02778,6.47,61.02,55.89,1,1,3,6,3,0,Yes,1
STU02779,7.54,63.2,78.06,0,0,2,1,2,0,No,0
STU02780,5.84,51.45,45.87,1,1,6,2,0,0,Yes,1
STU02781,8.73,82.11,79.67,2,3,6,0,3,0,No,0
STU02782,6.24,53.8,50.63,2,3,5,3,4,2,Yes,1
STU02783,7.58,68.43,78.99,0,0,0,3,3,1,Yes,1
STU02784,8.23,86.03,80.11,1,2,3,2,0,0,No,1
STU02785,7.44,85.1,73.21,2,4,2,1,0,2,No,0
STU02786,7.11,71.18,75.9,3,6,4,2,2,0,Yes,1
STU02787,7.01,55.11,82.13,1,3,2,3,1,0,Yes,0
STU02788,6.94,68.52,67.65,0,0,1,1,2,0,No,0
STU02789,6.34,56.57,57.98,1,3,1,7,3,2,Yes,1
STU02790,6.48,53.21,49.71,1,2,2,2,2,0,Yes,0
STU02791,8.7,88.94,86.03,0,0,0,1,1,0,No,1
STU02792,6.88,71.1,63.19,2,4,4,3,1,0,No,1
STU02793,6.1,50.77,57.14,1,1,2,1,2,0,Yes,1
STU02794,6.41,48.88,53.39,2,5,3,0,1,1,No,1
STU02795,8.27,71.84,82.12,0,0,0,1,2,1,Yes,0
STU02796,7.78,75.06,79.68,2,6,5,2,4,0,No,0
STU02797,7.64,76.48,85.81,1,2,1,3,5,1,Yes,1
STU02798,6.7,59.96,69.44,0,0,1,5,2,0,Yes,0
STU02799,7.66,73.54,82.23,2,5,6,1,3,2,Yes,1
STU02800,6.26,60.17,58.13,2,4,5,2,1,0,No,0
STU02801,6.7,65.79,57.43,1,2,3,1,1,0,No,1
STU02802,8.12,83.74,83.9,3,11,4,0,1,0,Yes,1
STU02803,8.01,86.51,73.98,2,4,4,0,2,0,No,1
STU02804,5.87,48.56,48.26,1,3,3,3,1,0,No,0
STU02805,6.02,47.3,61.54,0,0,2,0,1,0,No,0
STU02806,7.13,66.73,70.09,1,2,2,4,1,0,No,1
STU02807,8.99,84.47,86.38,1,3,2,3,2,0,No,1
STU02808,4.8,35.0,45.34,1,3,3,2,1,1,Yes,0
STU02809,7.32,69.52,69.23,0,0,2,4,1,0,Yes,1
STU02810,5.42,55.55,35.0,2,3,2,1,3,3,No,0
STU02811,6.27,61.67,46.28,2,4,3,6,5,1,Yes,1
STU02812,6.58,64.35,61.91,2,6,8,2,2,1,No,1
STU02813,6.52,61.06,51.74,2,3,0,1,2,0,Yes,0
STU02814,6.39,67.17,54.83,0,0,1,6,1,2,Yes,0
STU02815,7.01,61.61,57.61,1,2,2,0,1,0,No,1
STU02816,6.38,52.66,51.14,2,3,2,0,2,0,No,1
STU02817,5.32,55.05,45.27,1,2,3,2,2,0,Yes,1
STU02818,7.9,80.6,82.98,1,2,0,2,1,2,Yes,1
STU02819,7.87,76.02,83.8,0,0,0,1,2,2,No,1
STU02820,7.97,84.53,73.81,1,2,2,0,0,0,Yes,1
STU02821,5.23,45.25,46.72,0,0,0,3,3,0,No,0
STU02822,7.34,68.08,61.55,0,0,1,5,0,0,Yes,1
STU02823,7.78,73.86,76.39,1,3,0,0,1,0,Yes,0
STU02824,5.81,53.86,54.65,1,1,1,1,3,0,No,0
STU02825,7.01,69.27,64.63,0,0,1,1,1,0,Yes,1
STU02826,6.87,74.79,70.58,1,3,2,2,3,0,Yes,1
STU02827,9.12,86.74,90.5,2,3,3,3,2,0,No,1
STU02828,9.21,86.89,87.18,0,0,2,2,4,0,Yes,1
STU02829,5.09,55.85,42.71,1,2,3,6,1,0,Yes,0
STU02830,9.87,95.61,83.49,2,5,5,5,2,0,Yes,1
STU02831,5.95,54.06,41.44,3,12,4,1,3,1,No,0
STU02832,8.13,73.3,71.89,1,3,5,0,1,0,No,1
STU02833,8.12,77.69,85.53,2,6,6,2,4,0,Yes,1
STU02834,5.85,46.0,58.4,0,0,3,5,1,0,Yes,0
STU02835,7.57,76.57,66.86,2,5,4,1,2,0,Yes,1
STU02836,6.88,62.79,63.25,3,10,4,6,0,0,Yes,1
STU02837,7.64,86.92,64.86,0,0,1,1,3,0,No,1
STU02838,7.27,62.53,63.1,0,0,3,1,3,0,No,1
STU02839,8.38,77.8,83.33,0,0,1,3,1,0,Yes,1
STU02840,7.09,70.73,63.15,1,2,1,1,3,1,No,0
STU02841,6.81,67.95,50.32,0,0,1,1,3,0,Yes,1
STU02842,8.26,68.35,91.18,1,2,5,2,2,3,No,1
STU02843,7.67,67.34,74.46,1,3,3,1,2,0,Yes,0
STU02844,7.84,78.18,70.13,2,5,3,0,2,0,No,1
STU02845,6.24,64.59,54.23,2,5,3,2,1,0,Yes,0
STU02846,5.8,63.08,48.26,1,3,2,3,1,0,Yes,1
STU02847,6.35,55.36,57.38,2,4,4,4,1,0,No,1
STU02848,6.29,56.08,52.07,1,1,7,2,1,0,Yes,0
STU02849,7.9,75.5,79.41,1,1,0,0,2,1,No,0
STU02850,8.12,86.42,85.28,1,2,2,1,3,1,Yes,1
STU02851,6.82,74.24,54.16,2,6,10,2,1,0,No,1
STU02852,8.65,94.03,79.33,0,0,1,2,4,0,Yes,1
STU02853,8.57,85.87,88.08,2,4,2,2,1,0,No,1
STU02854,7.28,67.16,65.88,0,0,1,6,1,0,Yes,1
STU02855,6.05,54.33,50.79,1,3,1,4,1,0,Yes,1
STU02856,8.81,95.61,81.5,3,7,6,1,0,0,No,1
STU02857,6.93,64.29,61.24,1,1,2,1,2,0,No,0
STU02858,7.15,59.22,64.16,2,6,3,3,1,0,No,1
STU02859,6.61,59.45,51.06,2,6,6,3,3,1,Yes,1
STU02860,5.98,51.85,53.28,1,1,1,4,1,0,Yes,1
STU02861,5.31,37.34,51.64,0,0,3,1,3,0,No,0
STU02862,7.73,79.87,74.42,0,0,0,2,3,0,Yes,0
STU02863,6.1,57.86,57.52,2,4,6,2,5,2,No,0
STU02864,10.0,100.0,83.95,1,3,3,1,2,0,No,1
STU02865,5.75,43.34,45.04,1,2,5,2,2,0,Yes,0
STU02866,5.55,54.22,49.3,0,0,1,0,2,0,No,0
STU02867,7.59,82.39,76.15,0,0,0,3,1,0,Yes,0
STU02868,8.76,90.2,83.41,1,2,2,0,1,0,No,1
STU02869,7.07,63.01,70.11,0,0,2,3,1,0,Yes,1
STU02870,7.66,71.22,66.89,0,0,3,1,1,0,Yes,1
STU02871,4.88,47.05,41.64,2,4,3,4,2,0,Yes,1
STU02872,6.22,56.81,59.05,0,0,0,4,3,0,No,0
STU02873,5.77,48.12,54.25,1,1,7,2,3,0,No,1
STU02874,4.82,54.0,48.27,0,0,0,3,2,0,Yes,0
STU02875,7.13,67.59,73.11,1,3,5,2,2,0,No,1
STU02876,4.42,35.0,40.33,1,2,7,0,1,0,No,0
STU02877,5.48,47.99,36.11,0,0,0,0,0,0,Yes,0
STU02878,6.38,61.29,53.86,1,2,0,2,2,0,Yes,0
STU02879,6.04,56.19,54.95,1,1,4,3,4,0,Yes,0
STU02880,7.46,76.74,76.54,2,5,1,1,2,0,No,1
STU02881,7.35,82.2,67.08,0,0,1,1,2,1,Yes,1
STU02882,8.03,75.1,72.98,2,4,7,0,3,0,No,1
STU02883,7.87,77.49,71.83,1,1,4,5,2,0,No,1
STU02884,8.31,93.58,78.04,0,0,1,3,4,0,No,0
STU02885,7.0,56.0,53.42,0,0,1,5,1,0,Yes,0
STU02886,7.35,72.86,67.02,2,6,5,1,1,0,No,1
STU02887,7.59,83.98,73.89,0,0,2,6,1,1,Yes,0
STU02888,7.16,77.69,66.82,2,3,1,2,2,0,Yes,1
STU02889,6.54,64.62,55.68,3,10,7,3,5,3,No,0
STU02890,6.62,65.86,54.62,2,5,7,2,2,0,Yes,1
STU02891,6.06,48.09,47.9,1,1,8,2,5,0,No,0
STU02892,7.48,83.43,68.86,0,0,2,0,2,0,Yes,1
STU02893,6.89,58.9,67.34,0,0,2,4,3,0,Yes,0
STU02894,6.24,49.62,53.46,0,0,2,4,2,0,Yes,0
STU02895,6.24,58.82,72.49,1,1,2,0,2,0,No,0
STU02896,5.61,47.25,45.22,1,2,2,2,3,0,Yes,1
STU02897,8.13,83.88,82.27,1,1,3,6,2,1,Yes,1
STU02898,7.09,71.92,64.47,2,6,4,1,1,0,Yes,1
STU02899,6.01,64.46,48.79,0,0,0,1,4,0,No,0
STU02900,7.93,83.41,87.19,0,0,2,0,1,0,No,0
STU02901,6.36,54.29,60.98,1,3,2,5,3,0,Yes,1
STU02902,5.38,52.75,35.16,2,4,3,3,3,0,Yes,0
STU02903,8.17,78.07,73.93,2,6,2,1,3,0,No,1
STU02904,6.38,63.89,54.6,3,12,6,1,2,1,Yes,1
STU02905,6.53,60.88,54.39,2,6,4,2,2,1,Yes,1
STU02906,7.05,71.05,56.6,3,7,7,2,2,0,No,1
STU02907,8.31,73.63,82.01,2,6,4,0,0,1,No,1
STU02908,7.02,54.78,54.02,1,1,4,0,2,0,No,1
STU02909,5.62,41.27,48.04,1,1,5,1,2,1,No,0
STU02910,7.63,87.57,78.47,0,0,0,4,4,0,Yes,0
STU02911,6.44,52.32,61.44,2,3,3,3,1,0,No,0
STU02912,9.17,93.03,84.77,1,1,2,2,3,0,Yes,1
STU02913,7.0,63.97,73.89,2,3,3,3,1,2,Yes,1
STU02914,4.43,44.14,44.57,0,0,2,3,1,2,Yes,0
STU02915,7.41,73.82,76.16,0,0,2,3,3,0,Yes,0
STU02916,9.24,98.66,81.38,0,0,1,1,1,0,No,0
STU02917,8.81,90.84,93.46,2,5,3,1,2,1,No,1
STU02918,9.11,90.73,85.4,2,5,2,0,3,0,Yes,1
STU02919,5.83,59.85,58.53,2,5,4,0,1,0,No,0
STU02920,8.05,78.2,87.15,1,2,4,0,1,3,No,0
STU02921,6.17,62.1,54.23,0,0,2,1,2,0,No,0
STU02922,7.26,77.26,71.28,3,7,1,4,1,0,Yes,1
STU02923,5.54,55.06,45.64,0,0,2,1,3,0,Yes,0
STU02924,6.26,55.81,48.83,0,0,1,1,5,0,No,0
STU02925,6.22,53.66,56.86,2,5,4,1,1,0,Yes,1
STU02926,8.03,76.63,82.12,0,0,2,2,3,1,Yes,1
STU02927,7.92,75.89,68.02,0,0,0,1,1,0,Yes,1
STU02928,7.32,67.27,69.27,1,3,3,2,2,0,Yes,1
STU02929,5.45,51.31,51.31,1,1,2,5,1,1,Yes,0
STU02930,6.64,60.77,67.93,2,3,3,2,3,0,Yes,1
STU02931,6.14,57.93,56.69,3,8,6,2,0,0,Yes,1
STU02932,8.0,84.48,69.45,0,0,1,1,2,0,No,0
STU02933,8.35,78.27,75.3,0,0,1,3,3,0,Yes,1
STU02934,8.21,76.87,78.34,1,3,5,2,5,0,Yes,1
STU02935,6.13,53.83,60.59,1,2,0,3,2,0,No,0
STU02936,4.0,40.47,38.48,2,4,4,4,0,2,Yes,0
STU02937,4.97,41.48,50.12,0,0,1,2,1,0,Yes,0
STU02938,8.63,96.59,79.68,0,0,3,0,1,0,No,0
STU02939,6.54,51.41,60.8,0,0,2,3,1,2,No,0
STU02940,6.14,67.4,46.62,0,0,1,2,2,0,Yes,0
STU02941,8.89,89.42,83.52,0,0,1,0,2,0,No,1
STU02942,8.45,91.25,75.54,1,3,2,1,0,0,Yes,1
STU02943,7.03,73.56,74.01,2,4,0,2,3,0,No,1
STU02944,6.66,66.15,55.28,2,6,2,4,1,0,No,0
STU02945,6.85,75.38,53.12,0,0,2,0,1,0,No,1
STU02946,7.26,65.41,59.15,0,0,1,2,1,0,No,1
STU02947,8.84,86.53,83.95,1,1,1,2,3,0,No,1
STU02948,7.49,70.09,69.46,0,0,3,2,2,0,Yes,1
STU02949,7.83,69.5,80.57,1,2,3,0,1,0,Yes,0
STU02950,8.34,80.6,80.16,1,1,1,1,1,0,No,1
STU02951,5.65,61.77,54.53,2,6,2,2,2,0,Yes,1
STU02952,7.87,79.03,74.76,0,0,0,2,5,0,Yes,1
STU02953,6.66,74.33,65.58,0,0,1,3,2,0,Yes,1
STU02954,4.11,57.81,36.58,0,0,1,0,1,2,No,0
STU02955,4.55,63.73,35.0,1,2,0,2,2,0,No,0
STU02956,5.83,63.52,44.15,0,0,2,0,3,0,Yes,0
STU02957,7.61,91.05,67.13,0,0,3,2,3,0,No,1
STU02958,7.13,71.88,59.49,0,0,3,0,2,0,No,1
STU02959,7.21,72.52,70.63,0,0,3,1,2,0,No,0
STU02960,9.24,90.59,84.24,3,7,5,3,2,0,Yes,1
STU02961,5.54,49.74,47.59,2,6,4,2,2,0,No,0
STU02962,6.97,68.26,67.52,1,2,3,1,3,0,Yes,1
STU02963,7.35,77.73,60.1,2,6,8,1,1,1,Yes,1
STU02964,6.15,52.66,55.88,0,0,2,2,0,0,Yes,0
STU02965,7.03,60.15,58.18,2,3,3,5,1,0,Yes,1
STU02966,5.16,49.74,41.1,1,2,4,0,2,0,No,0
STU02967,8.62,82.18,71.98,0,0,1,5,1,0,Yes,1
STU02968,6.22,52.66,57.13,1,1,2,4,4,0,Yes,0
STU02969,9.34,88.18,75.9,1,3,2,5,1,0,Yes,1
STU02970,6.96,65.05,57.08,1,2,4,0,2,0,No,0
STU02971,8.18,89.81,73.39,2,6,6,3,0,1,Yes,1
STU02972,6.94,65.88,63.11,0,0,3,5,1,1,Yes,0
STU02973,6.96,74.27,63.36,2,3,7,4,1,1,Yes,0
STU02974,6.33,58.84,59.47,2,3,5,1,2,0,No,0
STU02975,7.14,69.5,66.41,1,2,4,3,2,1,Yes,1
STU02976,7.37,74.38,76.22,2,3,4,5,2,0,No,1
STU02977,6.1,47.06,54.09,0,0,1,2,2,0,No,0
STU02978,6.86,67.56,56.86,1,1,2,2,3,2,Yes,0
STU02979,6.3,62.35,50.25,0,0,3,6,3,0,Yes,1
STU02980,9.64,95.44,95.56,0,0,1,3,1,0,Yes,1
STU02981,6.9,58.09,70.57,0,0,0,2,3,0,No,0
STU02982,8.78,78.05,89.1,0,0,1,0,3,0,No,1
STU02983,6.78,61.02,66.98,2,3,5,6,5,0,Yes,1
STU02984,7.3,80.81,72.29,2,6,4,2,2,0,Yes,1
STU02985,5.48,50.68,48.36,0,0,4,3,3,0,Yes,1
STU02986,6.49,55.22,57.17,0,0,0,1,3,0,Yes,1
STU02987,7.24,62.92,78.83,2,4,5,2,2,0,Yes,1
STU02988,8.82,83.27,81.59,0,0,0,1,1,0,Yes,0
STU02989,7.26,67.31,70.26,3,6,4,1,3,0,No,0
STU02990,8.59,91.78,72.91,1,2,1,1,1,0,No,1
STU02991,7.74,84.66,67.0,1,3,2,1,3,3,Yes,1
STU02992,8.87,81.33,95.52,0,0,1,0,3,1,No,0
STU02993,6.93,71.27,67.45,0,0,0,1,1,0,Yes,0
STU02994,9.75,93.49,85.31,2,6,4,0,2,0,Yes,1
STU02995,6.44,52.12,56.67,0,0,0,1,2,2,No,1
STU02996,6.12,54.53,43.88,2,5,4,2,1,0,No,0
STU02997,5.61,52.26,44.65,1,2,2,1,1,1,Yes,0
STU02998,9.68,90.52,77.79,2,5,2,1,1,1,No,1
STU02999,7.94,70.68,76.17,2,3,5,2,3,0,No,1
STU03000,6.62,62.51,62.8,1,1,2,0,0,0,No,1
STU03001,8.44,89.04,84.94,2,3,9,3,1,0,No,0
STU03002,7.79,88.67,85.73,2,3,5,1,0,0,No,1
STU03003,9.26,84.85,87.63,3,6,4,1,2,1,Yes,1
STU03004,5.22,44.57,35.0,0,0,0,0,3,0,No,0
STU03005,6.69,61.65,71.61,2,5,3,0,1,1,No,0
STU03006,6.47,61.32,51.53,1,1,0,4,1,0,Yes,1
STU03007,4.73,46.65,44.04,1,3,2,1,1,0,Yes,1
STU03008,8.22,87.09,81.08,2,6,5,3,4,0,Yes,1
STU03009,6.69,56.05,61.25,0,0,0,0,1,0,Yes,0
STU03010,7.85,82.24,77.14,2,4,6,3,4,0,No,1
STU03011,9.71,85.11,86.96,0,0,2,3,3,0,No,1
STU03012,6.59,60.54,50.47,1,1,3,1,1,0,No,0
STU03013,6.52,70.51,72.78,0,0,2,0,2,0,Yes,1
STU03014,7.14,61.64,70.93,0,0,1,3,2,0,Yes,0
STU03015,8.14,81.03,80.02,1,1,2,1,1,0,No,0
STU03016,6.35,50.22,65.92,0,0,0,6,3,1,Yes,0
STU03017,6.27,57.83,47.48,0,0,4,1,3,0,No,0
STU03018,8.22,89.71,85.63,0,0,3,1,2,0,Yes,1
STU03019,7.44,75.43,68.08,0,0,1,3,1,0,No,0
STU03020,4.65,45.22,45.33,1,3,3,3,2,1,Yes,0
STU03021,5.59,58.03,49.61,1,3,2,0,2,0,No,1
STU03022,8.73,88.93,69.92,0,0,2,4,2,0,Yes,1
STU03023,7.46,79.76,63.26,0,0,2,2,2,0,Yes,1
STU03024,6.12,59.39,61.62,0,0,2,2,4,0,Yes,0
STU03025,6.8,47.51,60.25,0,0,1,1,4,0,No,1
STU03026,7.02,67.68,77.15,0,0,0,3,2,0,No,1
STU03027,7.85,73.34,84.67,0,0,2,4,2,0,No,1
STU03028,5.44,44.08,44.73,1,2,1,3,2,0,Yes,0
STU03029,6.03,62.9,49.2,2,5,4,0,3,0,No,1
STU03030,7.31,70.44,79.58,0,0,0,1,2,0,No,1
STU03031,6.89,77.32,75.58,0,0,0,2,2,0,Yes,1
STU03032,7.66,69.15,72.88,2,6,4,4,1,0,Yes,1
STU03033,5.59,43.52,56.25,3,7,5,3,2,0,No,1
STU03034,7.41,78.65,77.26,1,1,1,0,2,0,Yes,1
STU03035,8.26,81.77,88.03,0,0,0,1,1,0,No,0
STU03036,7.56,78.11,73.87,3,7,6,3,5,1,Yes,1
STU03037,7.16,69.69,63.33,0,0,2,2,1,0,No,0
STU03038,6.89,65.21,56.74,0,0,1,1,1,0,No,0
STU03039,6.04,52.27,43.27,1,1,2,2,1,3,Yes,0
STU03040,6.92,67.55,74.94,0,0,0,0,0,0,No,0
STU03041,8.45,89.15,82.37,2,3,3,3,2,1,Yes,1
STU03042,6.86,75.32,55.77,1,1,3,2,1,0,Yes,1
STU03043,5.98,52.3,56.53,2,6,3,1,1,0,Yes,1
STU03044,6.43,56.71,53.2,0,0,2,1,2,0,Yes,0
STU03045,7.23,68.3,64.53,0,0,1,1,3,0,No,0
STU03046,6.57,69.87,70.46,2,5,5,2,2,0,No,1
STU03047,7.56,80.39,65.26,1,2,1,2,3,0,Yes,1
STU03048,7.6,65.35,75.15,2,3,7,2,2,0,Yes,1
STU03049,8.02,70.08,75.19,0,0,4,9,2,0,Yes,1
STU03050,8.64,81.45,78.92,0,0,0,4,4,1,Yes,0
STU03051,8.15,84.2,71.03,1,3,1,2,3,0,No,1
STU03052,5.93,52.79,50.34,0,0,4,4,1,0,Yes,0
STU03053,5.96,56.44,45.11,2,4,2,1,2,3,No,0
STU03054,6.91,65.38,66.98,0,0,3,3,1,0,Yes,1
STU03055,6.48,68.17,56.5,0,0,4,0,2,0,Yes,1
STU03056,5.69,55.46,45.95,2,4,5,1,0,0,No,1
STU03057,6.49,60.42,51.75,0,0,3,1,2,0,No,0
STU03058,6.45,66.22,64.93,0,0,0,5,1,0,Yes,1
STU03059,6.23,46.46,57.76,0,0,1,0,0,0,No,0
STU03060,6.64,61.55,54.97,1,3,4,6,2,0,Yes,1
STU03061,8.36,85.46,73.47,0,0,3,3,1,0,Yes,1
STU03062,7.23,75.02,57.08,1,2,2,4,5,0,Yes,1
STU03063,9.84,79.38,93.5,2,6,4,3,1,0,Yes,1
STU03064,7.2,69.32,73.34,0,0,1,2,2,0,Yes,0
STU03065,6.67,64.89,65.77,0,0,1,1,2,0,No,0
STU03066,7.0,70.78,64.2,0,0,2,2,3,0,No,0
STU03067,7.29,79.56,74.28,1,1,2,2,2,0,No,1
STU03068,7.5,79.99,78.58,1,1,3,3,3,0,Yes,1
STU03069,9.39,88.78,85.72,3,10,1,0,2,0,No,1
STU03070,6.03,58.04,48.84,3,11,4,2,2,0,No,1
STU03071,7.99,80.21,72.56,0,0,1,3,1,0,Yes,0
STU03072,7.24,72.47,71.15,0,0,1,0,1,0,Yes,0
STU03073,5.19,52.47,48.05,0,0,2,6,1,0,Yes,0
STU03074,7.89,80.04,74.88,1,1,3,0,0,1,No,0
STU03075,8.46,87.52,80.62,0,0,1,0,3,2,No,1
STU03076,6.01,59.62,49.55,2,3,4,1,4,0,No,1
STU03077,6.99,71.94,69.41,1,2,2,0,3,1,No,1
STU03078,5.02,54.34,35.7,0,0,3,4,4,0,Yes,0
STU03079,5.55,63.81,40.2,2,6,6,2,0,0,Yes,1
STU03080,8.21,87.55,73.82,1,1,4,0,4,0,No,1
STU03081,6.46,56.72,55.6,3,11,3,3,2,0,Yes,1
STU03082,5.72,54.19,50.01,2,5,5,5,1,0,Yes,1
STU03083,7.26,74.76,62.53,1,1,2,0,4,0,Yes,1
STU03084,6.4,62.34,61.12,0,0,2,1,2,1,No,0
STU03085,6.46,68.39,65.19,1,2,3,0,3,0,No,0
STU03086,7.85,69.74,79.33,1,1,2,3,2,0,No,1
STU03087,5.66,59.68,54.34,2,3,3,2,2,0,No,1
STU03088,5.96,64.41,44.82,2,3,7,1,2,0,Yes,1
STU03089,7.18,74.01,62.25,2,3,2,2,4,0,No,0
STU03090,8.11,86.09,82.63,1,2,2,1,2,0,Yes,1
STU03091,8.42,83.68,81.9,1,2,6,3,2,0,Yes,1
STU03092,6.24,56.48,48.09,1,2,2,4,2,0,Yes,0
STU03093,8.08,86.44,87.8,1,3,1,2,2,0,Yes,1
STU03094,6.1,58.61,53.61,0,0,1,6,4,0,Yes,1
STU03095,9.1,92.74,89.63,0,0,3,1,1,0,No,1
STU03096,5.7,54.63,43.82,0,0,3,3,2,0,No,0
STU03097,8.53,91.2,92.89,1,2,3,3,2,0,No,1
STU03098,6.25,61.29,52.63,0,0,1,2,1,0,No,0
STU03099,9.32,82.85,92.11,0,0,1,1,2,0,No,0
STU03100,7.68,82.92,71.43,0,0,0,1,2,0,Yes,0
STU03101,5.83,63.26,50.12,1,2,4,2,3,0,Yes,1
STU03102,6.4,58.51,59.02,0,0,1,2,2,2,No,0
STU03103,7.9,89.46,89.44,1,2,4,4,2,0,No,1
STU03104,8.21,77.88,77.75,2,5,6,2,2,3,Yes,1
STU03105,6.92,66.31,64.71,1,2,2,1,1,0,Yes,1
STU03106,7.05,64.88,69.28,0,0,1,2,1,0,Yes,0
STU03107,7.87,88.38,68.62,1,3,3,0,4,0,No,1
STU03108,7.15,80.07,54.18,3,12,1,3,2,1,Yes,1
STU03109,5.51,48.97,40.59,1,2,4,4,3,1,Yes,0
STU03110,6.07,61.45,57.22,0,0,1,5,1,0,Yes,0
STU03111,7.27,81.95,79.35,2,6,1,2,2,0,No,1
STU03112,8.4,84.74,76.4,1,3,1,2,4,0,No,1
STU03113,8.86,88.32,77.24,3,12,5,1,2,0,No,1
STU03114,7.9,84.83,86.64,0,0,3,2,2,0,Yes,1
STU03115,7.33,67.88,66.54,3,11,6,0,3,0,Yes,1
STU03116,7.86,80.63,74.74,1,3,6,5,3,0,Yes,1
STU03117,6.23,69.28,62.18,1,3,3,5,1,0,Yes,0
STU03118,6.82,62.11,69.87,2,4,5,0,1,2,Yes,0
STU03119,6.05,59.36,56.84,0,0,2,3,0,0,Yes,1
STU03120,5.56,53.05,36.64,0,0,0,2,1,0,Yes,1
STU03121,7.38,72.72,63.16,0,0,3,1,2,1,No,0
STU03122,7.21,72.51,74.9,1,1,3,0,5,0,No,0
STU03123,7.79,89.7,78.1,1,2,4,1,0,0,No,1
STU03124,7.63,80.46,69.47,2,4,2,2,1,0,Yes,1
STU03125,7.28,76.44,67.12,1,2,2,2,3,0,No,1
STU03126,7.64,86.97,81.03,1,2,2,0,4,0,No,1
STU03127,6.95,65.35,73.25,1,1,3,4,3,0,Yes,1
STU03128,7.47,68.74,71.98,2,5,6,3,4,1,No,1
STU03129,6.16,66.22,48.49,0,0,0,3,1,0,No,0
STU03130,7.43,75.11,69.64,0,0,2,6,2,0,Yes,0
STU03131,7.77,84.31,84.0,0,0,1,4,2,0,Yes,1
STU03132,6.23,51.81,61.33,3,8,5,4,5,2,No,1
STU03133,7.06,71.16,66.99,1,3,3,1,5,0,No,0
STU03134,6.28,50.47,50.87,1,2,7,2,0,0,No,0
STU03135,6.39,58.98,62.1,0,0,2,3,4,0,Yes,0
STU03136,5.71,47.08,57.71,0,0,2,5,1,2,Yes,0
STU03137,8.46,80.07,73.61,2,3,1,1,2,0,Yes,0
STU03138,8.23,81.71,79.13,1,2,3,3,1,0,No,1
STU03139,7.62,63.23,80.92,0,0,1,5,5,0,Yes,1
STU03140,9.27,81.91,86.31,2,6,4,3,1,0,No,1
STU03141,6.78,69.05,58.42,0,0,1,3,2,0,Yes,1
STU03142,10.0,91.98,88.0,1,3,4,0,1,0,No,1
STU03143,6.74,57.19,62.86,0,0,2,3,2,0,No,0
STU03144,7.29,75.71,62.66,2,4,2,3,2,0,Yes,1
STU03145,6.54,55.38,58.2,3,7,4,1,2,0,No,1
STU03146,7.43,78.66,73.53,0,0,1,1,3,2,No,0
STU03147,7.96,80.43,75.17,2,4,5,1,2,0,Yes,1
STU03148,6.87,63.79,58.06,2,3,1,2,3,0,No,1
STU03149,9.04,87.68,82.0,2,6,2,0,2,0,No,1
STU03150,7.28,87.48,63.3,2,5,4,4,2,0,Yes,1
STU03151,7.31,68.09,74.75,1,2,1,2,2,1,Yes,1
STU03152,5.95,54.63,44.37,0,0,3,2,2,0,Yes,0
STU03153,7.48,79.81,73.25,0,0,1,1,3,0,No,0
STU03154,6.85,59.59,60.12,0,0,0,5,1,0,Yes,1
STU03155,6.3,47.73,50.06,0,0,2,4,2,2,Yes,0
STU03156,6.11,51.3,60.13,1,1,5,0,3,0,No,0
STU03157,10.0,94.45,86.11,0,0,2,2,1,0,Yes,1
STU03158,6.7,60.88,55.92,1,2,0,2,2,0,No,1
STU03159,5.32,46.96,40.75,1,2,5,1,3,0,No,0
STU03160,6.2,61.44,55.01,0,0,1,1,2,1,No,0
STU03161,6.94,62.07,68.87,0,0,2,3,2,1,Yes,0
STU03162,7.63,76.62,81.77,1,2,3,3,2,0,Yes,1
STU03163,7.64,68.23,73.31,3,7,8,3,3,0,Yes,1
STU03164,7.78,81.0,74.7,1,1,6,2,1,1,No,1
STU03165,6.26,58.12,54.53,2,6,6,3,2,0,No,0
STU03166,7.39,78.59,71.82,3,11,5,0,2,0,No,0
STU03167,5.99,46.76,46.0,1,2,3,0,2,2,No,0
STU03168,6.29,55.98,62.9,1,2,1,2,4,2,No,0
STU03169,5.94,45.5,50.31,1,3,2,3,3,0,Yes,1
STU03170,5.63,48.9,50.58,0,0,0,2,2,0,Yes,0
STU03171,8.22,92.4,83.05,0,0,0,2,3,2,No,0
STU03172,7.79,77.28,78.63,0,0,1,2,3,0,No,1
STU03173,8.12,74.43,73.6,0,0,1,0,2,0,No,1
STU03174,7.05,64.55,65.59,0,0,5,1,4,2,Yes,1
STU03175,7.89,70.72,91.07,0,0,1,2,2,0,No,1
STU03176,4.97,39.01,53.31,2,6,3,2,2,0,No,0
STU03177,7.99,85.48,79.39,0,0,0,1,2,0,No,0
STU03178,7.2,62.32,65.8,1,2,4,1,3,0,No,1
STU03179,7.72,80.26,62.08,0,0,2,1,3,0,No,1
STU03180,7.44,74.6,68.46,1,1,0,0,1,0,Yes,0
STU03181,5.86,49.22,48.94,1,3,3,1,1,0,No,1
STU03182,5.28,49.45,43.18,1,2,4,4,1,0,No,1
STU03183,6.18,50.19,51.33,0,0,0,6,2,0,Yes,1
STU03184,7.65,82.53,78.22,3,11,2,4,4,0,No,0
STU03185,7.79,75.03,70.22,1,2,2,4,3,0,Yes,1
STU03186,5.43,46.67,47.62,1,1,2,3,1,0,Yes,0
STU03187,5.87,49.47,48.84,0,0,1,1,3,0,No,0
STU03188,6.17,59.81,47.38,2,3,1,0,3,0,No,0
STU03189,6.59,64.6,68.38,0,0,1,2,1,0,No,1
STU03190,5.43,35.0,50.52,2,5,5,2,2,0,Yes,0
STU03191,5.36,50.1,40.85,0,0,1,0,2,0,No,0
STU03192,6.05,43.81,54.39,2,3,5,1,1,0,Yes,1
STU03193,7.1,67.41,58.12,3,6,3,2,2,0,Yes,1
STU03194,5.64,49.81,43.48,0,0,0,2,3,1,No,0
STU03195,6.87,63.58,70.66,0,0,2,0,1,0,Yes,1
STU03196,8.22,86.45,82.55,2,5,1,1,2,0,Yes,1
STU03197,5.5,53.82,48.13,1,2,3,4,2,0,No,0
STU03198,6.76,59.38,66.94,0,0,0,1,1,0,No,0
STU03199,8.18,78.24,83.77,1,3,3,3,2,0,No,1
STU03200,6.52,60.09,55.71,3,8,8,2,2,0,No,1
STU03201,6.34,48.51,60.4,2,3,2,2,1,0,Yes,1
STU03202,8.34,81.65,71.38,0,0,0,3,3,0,Yes,1
STU03203,6.65,70.31,55.22,1,1,5,1,1,0,Yes,0
STU03204,8.27,74.91,80.37,1,2,3,2,1,1,Yes,1
STU03205,7.49,73.29,75.62,0,0,2,3,2,0,No,1
STU03206,6.61,58.02,56.63,0,0,1,1,2,0,No,0
STU03207,7.55,88.18,62.44,0,0,1,0,3,0,Yes,0
STU03208,7.37,70.24,58.92,0,0,1,0,2,0,Yes,0
STU03209,8.17,80.18,79.65,1,1,3,2,1,2,No,1
STU03210,6.37,52.02,52.34,0,0,3,6,2,0,Yes,0
STU03211,7.05,68.71,60.19,1,1,2,3,2,1,No,0
STU03212,6.93,68.3,57.22,2,3,3,1,1,2,Yes,0
STU03213,7.81,74.07,77.19,0,0,1,2,5,0,No,1
STU03214,5.82,57.94,56.82,1,3,2,2,2,0,Yes,1
STU03215,8.17,84.65,80.83,0,0,1,2,2,0,Yes,1
STU03216,7.54,81.04,80.82,1,2,1,0,1,0,No,0
STU03217,5.49,47.41,44.14,0,0,3,1,2,0,No,0
STU03218,8.39,86.34,84.55,1,3,0,2,0,2,Yes,0
STU03219,9.57,88.12,94.52,1,1,3,4,1,0,Yes,1
STU03220,8.15,91.62,78.92,1,1,5,1,4,0,Yes,1
STU03221,8.64,87.16,83.62,0,0,1,6,3,0,Yes,1
STU03222,7.1,69.49,64.19,3,9,1,3,2,0,No,1
STU03223,5.09,44.47,47.78,1,1,3,1,3,3,No,0
STU03224,4.88,43.37,48.87,1,3,5,1,1,0,No,0
STU03225,7.29,73.84,71.52,1,3,6,2,1,0,Yes,1
STU03226,6.32,62.4,53.1,2,5,6,6,1,0,Yes,0
STU03227,5.95,49.1,41.21,1,3,5,0,2,0,Yes,1
STU03228,6.93,67.41,63.36,1,2,5,2,1,0,No,1
STU03229,7.71,79.34,74.08,1,3,0,3,2,0,Yes,1
STU03230,5.33,50.53,46.8,1,1,3,1,1,0,No,0
STU03231,6.48,49.58,57.52,1,2,5,1,2,0,Yes,1
STU03232,8.74,81.43,93.42,1,2,2,1,3,0,Yes,1
STU03233,5.76,43.26,44.28,1,1,1,2,1,0,Yes,0
STU03234,8.0,81.76,69.11,2,3,5,1,2,0,Yes,1
STU03235,6.44,53.81,49.36,1,1,4,2,2,0,Yes,1
STU03236,7.63,74.15,70.33,0,0,2,1,4,0,No,1
STU03237,8.26,76.72,87.38,1,3,3,3,4,0,Yes,1
STU03238,7.85,77.45,69.09,1,2,3,3,1,0,Yes,1
STU03239,8.05,75.23,71.99,1,2,2,0,1,0,No,1
STU03240,5.68,55.23,50.17,1,2,2,0,3,0,No,0
STU03241,8.28,86.91,86.13,0,0,0,1,1,0,No,1
STU03242,6.02,54.81,41.61,0,0,5,0,3,0,No,1
STU03243,7.3,70.69,58.87,1,1,2,3,1,0,Yes,1
STU03244,7.3,60.27,64.77,0,0,1,5,2,0,Yes,0
STU03245,7.56,73.49,77.18,0,0,1,0,2,1,No,0
STU03246,7.39,69.2,71.62,2,5,1,2,2,1,Yes,1
STU03247,6.03,55.49,46.5,0,0,0,0,3,0,No,0
STU03248,5.45,52.83,50.55,0,0,2,2,2,0,Yes,0
STU03249,8.0,83.54,79.33,0,0,0,1,3,0,No,0
STU03250,7.21,78.77,67.54,0,0,2,2,1,0,Yes,1
STU03251,8.32,80.98,71.7,0,0,1,0,1,0,No,1
STU03252,6.95,63.39,59.42,0,0,1,1,4,0,Yes,0
STU03253,5.38,54.93,57.45,0,0,1,1,2,0,Yes,0
STU03254,8.11,83.49,77.48,2,3,1,8,0,2,Yes,1
STU03255,6.57,59.63,52.37,1,1,2,3,3,0,Yes,0
STU03256,7.39,84.92,68.55,0,0,0,2,2,0,No,1
STU03257,6.26,60.18,54.43,2,5,2,3,3,0,No,0
STU03258,8.89,86.56,90.0,2,6,4,6,1,0,Yes,1
STU03259,5.99,49.5,54.35,0,0,1,1,4,0,Yes,0
STU03260,6.61,69.61,54.59,0,0,1,2,1,0,Yes,0
STU03261,7.12,71.08,74.47,0,0,0,5,1,0,No,0
STU03262,5.74,51.44,53.18,1,2,1,1,5,0,No,0
STU03263,7.38,77.71,67.99,1,3,1,3,0,0,Yes,1
STU03264,8.85,92.8,83.75,2,5,3,0,2,0,No,1
STU03265,6.44,62.4,59.7,1,3,4,5,0,0,Yes,0
STU03266,7.45,80.02,78.17,0,0,2,0,1,1,No,1
STU03267,4.0,47.83,35.0,0,0,1,2,4,0,No,0
STU03268,6.96,70.5,64.59,1,1,5,6,1,0,Yes,1
STU03269,6.64,57.72,58.93,0,0,3,3,1,0,Yes,0
STU03270,6.06,65.19,47.9,1,3,1,3,3,1,No,1
STU03271,8.24,76.28,77.23,0,0,1,4,0,0,Yes,0
STU03272,6.62,63.73,65.2,2,3,3,5,2,0,Yes,1
STU03273,6.8,56.61,64.84,1,2,5,8,3,0,Yes,1
STU03274,6.57,60.39,70.62,0,0,2,0,1,3,Yes,1
STU03275,4.8,42.77,39.78,1,3,1,6,0,2,Yes,0
STU03276,5.7,51.7,48.71,1,1,6,7,0,0,No,0
STU03277,8.11,84.5,81.31,1,1,1,1,1,0,Yes,1
STU03278,4.57,40.06,48.17,1,2,4,0,5,0,No,0
STU03279,6.12,54.86,60.19,1,3,1,3,2,0,No,1
STU03280,6.54,69.0,58.19,1,2,3,3,2,0,No,1
STU03281,9.01,80.22,78.53,0,0,0,4,1,2,No,0
STU03282,7.88,75.16,73.02,1,3,3,1,4,0,Yes,1
STU03283,6.36,63.24,55.93,0,0,2,4,2,0,Yes,1
STU03284,8.5,86.11,89.38,2,4,2,0,1,0,Yes,0
STU03285,6.15,56.32,43.73,2,3,2,5,0,0,Yes,1
STU03286,8.16,89.07,72.92,0,0,1,2,2,0,No,0
STU03287,5.44,44.29,50.6,0,0,1,3,3,0,No,0
STU03288,8.23,80.47,72.83,2,4,6,4,2,0,Yes,1
STU03289,6.53,56.69,50.79,1,3,4,3,1,0,Yes,0
STU03290,5.82,49.88,55.79,0,0,1,2,1,0,No,0
STU03291,6.75,71.87,59.51,0,0,0,5,4,2,Yes,0
STU03292,7.32,62.57,67.99,0,0,4,1,2,1,Yes,0
STU03293,6.43,51.86,64.23,0,0,1,1,2,0,No,0
STU03294,7.64,69.1,67.91,3,8,2,1,2,0,Yes,1
STU03295,6.33,66.04,47.05,1,3,3,4,2,0,No,1
STU03296,7.71,74.61,85.08,1,1,3,3,1,0,No,1
STU03297,7.51,73.56,73.92,3,9,5,2,0,0,Yes,1
STU03298,6.93,57.01,67.77,0,0,3,2,5,0,Yes,0
STU03299,6.49,58.39,55.1,2,4,5,0,2,0,No,1
STU03300,7.17,75.77,66.93,2,3,5,1,1,0,No,1
STU03301,7.63,78.73,69.99,0,0,3,0,1,0,No,0
STU03302,9.37,88.46,88.02,3,7,8,4,2,0,Yes,1
STU03303,8.08,72.88,84.25,1,2,4,4,3,0,Yes,1
STU03304,8.12,80.66,80.8,0,0,0,3,2,0,Yes,0
STU03305,10.0,90.77,93.26,1,1,2,2,2,2,Yes,0
STU03306,7.59,70.7,77.62,0,0,1,1,1,0,No,0
STU03307,7.56,80.16,66.94,2,4,6,2,4,0,No,1
STU03308,7.81,84.69,75.51,0,0,2,3,3,1,No,1
STU03309,5.84,49.0,46.49,0,0,2,3,3,0,Yes,1
STU03310,6.49,64.26,61.43,1,2,2,1,2,0,No,0
STU03311,6.42,58.23,58.66,1,1,2,1,3,0,No,0
STU03312,7.74,85.56,76.44,0,0,5,4,4,2,Yes,1
STU03313,6.8,76.9,67.77,0,0,0,1,1,1,Yes,1
STU03314,7.16,63.79,56.15,1,3,1,1,1,0,No,0
STU03315,8.25,88.39,77.15,1,2,5,1,2,0,Yes,1
STU03316,7.99,89.29,75.35,1,2,2,2,1,0,Yes,1
STU03317,6.81,59.12,63.46,0,0,1,1,1,0,Yes,1
STU03318,6.23,52.93,56.7,0,0,2,1,2,0,No,0
STU03319,8.31,80.75,81.27,2,6,4,0,2,0,Yes,0
STU03320,7.89,79.56,69.47,0,0,2,2,2,0,No,0
STU03321,5.15,45.37,46.95,0,0,1,2,3,1,No,1
STU03322,6.64,60.92,59.88,0,0,3,0,3,0,Yes,1
STU03323,7.19,75.83,58.99,0,0,2,0,2,0,No,0
STU03324,7.9,69.05,75.65,0,0,2,0,2,0,No,1
STU03325,8.05,76.13,81.22,2,5,5,1,1,0,No,1
STU03326,7.33,76.91,79.81,0,0,0,0,2,0,Yes,1
STU03327,7.67,81.14,68.29,1,1,2,0,1,0,Yes,1
STU03328,7.07,62.69,70.78,0,0,2,0,0,0,No,0
STU03329,6.23,59.68,46.86,0,0,2,2,2,1,Yes,0
STU03330,6.7,70.94,52.36,1,1,1,3,3,0,No,0
STU03331,7.02,67.97,58.0,1,1,2,1,2,0,Yes,1
STU03332,6.96,61.19,67.87,0,0,0,3,5,2,Yes,0
STU03333,4.83,51.54,44.07,0,0,3,3,0,0,No,0
STU03334,6.54,71.0,55.77,1,2,2,0,2,1,No,0
STU03335,7.06,63.59,68.66,2,3,6,1,1,0,No,1
STU03336,6.68,62.86,59.87,1,3,3,3,2,0,No,0
STU03337,6.72,69.77,60.89,2,3,3,2,2,2,No,0
STU03338,7.56,76.98,71.47,0,0,3,0,3,0,No,1
STU03339,5.76,40.94,42.25,1,3,4,2,5,1,Yes,0
STU03340,5.13,50.07,54.56,1,1,2,0,1,0,No,0
STU03341,6.6,55.62,66.89,2,4,4,1,2,0,No,1
STU03342,7.88,72.59,86.75,1,1,1,3,2,0,Yes,1
STU03343,8.94,77.49,81.62,0,0,5,1,2,0,No,1
STU03344,7.9,87.61,73.38,1,1,1,2,0,0,Yes,1
STU03345,5.31,43.26,42.78,2,3,7,4,5,0,Yes,1
STU03346,6.73,65.56,67.01,2,5,5,2,1,0,Yes,1
STU03347,7.3,75.93,69.45,3,6,7,1,2,0,Yes,1
STU03348,7.2,71.99,64.76,1,2,2,1,3,0,No,0
STU03349,7.62,78.79,76.2,0,0,3,0,2,0,No,0
STU03350,5.95,55.47,45.76,0,0,0,2,2,0,No,0
STU03351,7.07,69.88,57.92,0,0,2,6,2,0,Yes,1
STU03352,7.48,70.6,72.94,0,0,1,3,2,0,No,0
STU03353,7.95,75.92,74.92,1,2,6,1,2,0,Yes,1
STU03354,6.07,53.89,51.44,0,0,3,3,2,0,Yes,1
STU03355,6.6,60.79,42.43,0,0,4,2,0,0,Yes,0
STU03356,4.0,47.7,36.77,0,0,1,5,1,0,Yes,1
STU03357,6.29,63.7,53.82,2,4,9,7,1,0,Yes,1
STU03358,6.4,60.69,46.53,2,6,4,4,3,0,Yes,1
STU03359,5.83,47.21,40.18,0,0,0,0,4,0,No,0
STU03360,7.19,57.72,68.04,2,6,6,3,0,0,Yes,1
STU03361,6.94,62.21,68.03,2,5,4,2,2,0,No,0
STU03362,4.4,37.48,37.19,2,6,5,2,1,1,No,0
STU03363,7.25,67.34,67.15,0,0,0,2,2,0,No,0
STU03364,5.93,54.52,48.63,0,0,2,4,2,0,Yes,1
STU03365,7.56,76.76,63.88,2,5,2,1,2,0,No,1
STU03366,5.53,60.78,53.74,0,0,0,2,5,1,No,0
STU03367,7.03,71.35,64.35,0,0,2,2,3,1,No,0
STU03368,6.67,74.06,58.57,0,0,0,5,3,0,Yes,1
STU03369,7.35,77.47,72.42,0,0,0,1,2,0,No,1
STU03370,7.14,76.62,57.74,0,0,0,2,4,1,Yes,0
STU03371,6.71,60.95,65.62,0,0,2,2,0,0,No,1
STU03372,5.23,41.46,51.21,0,0,0,3,2,0,Yes,0
STU03373,5.3,45.51,46.04,1,3,2,2,5,0,No,0
STU03374,6.33,57.53,57.38,3,6,5,3,1,0,No,1
STU03375,6.99,63.91,62.73,0,0,0,2,2,1,Yes,0
STU03376,6.3,51.29,59.47,1,2,2,1,3,0,Yes,1
STU03377,7.72,80.87,70.43,0,0,2,3,3,1,Yes,1
STU03378,6.68,56.63,59.46,1,2,1,2,1,0,Yes,1
STU03379,5.89,43.49,49.85,0,0,0,2,1,0,Yes,0
STU03380,6.68,55.95,59.45,2,5,3,3,2,2,No,1
STU03381,7.26,70.48,75.3,0,0,3,1,1,0,No,1
STU03382,7.37,67.6,83.68,0,0,3,1,2,0,Yes,1
STU03383,9.16,87.22,84.92,1,2,3,1,1,0,No,1
STU03384,6.23,60.01,56.23,1,2,4,2,4,0,No,1
STU03385,6.92,69.89,58.63,1,3,3,2,3,0,Yes,1
STU03386,7.49,71.3,78.46,0,0,2,4,5,0,No,1
STU03387,6.97,59.59,61.31,1,3,4,4,2,2,Yes,1
STU03388,6.42,55.51,74.84,3,6,4,5,2,0,No,0
STU03389,5.22,51.76,35.0,1,3,2,0,2,0,No,1
STU03390,6.41,64.16,68.71,0,0,0,3,2,1,Yes,1
STU03391,5.77,53.59,54.42,2,6,2,1,1,2,No,0
STU03392,5.01,54.14,37.2,1,2,2,3,3,2,Yes,0
STU03393,6.08,65.01,65.55,1,3,2,3,3,1,Yes,1
STU03394,5.8,48.84,43.17,0,0,0,5,4,0,Yes,0
STU03395,7.67,86.72,72.92,0,0,2,3,1,0,Yes,1
STU03396,7.69,76.48,67.26,1,2,0,3,1,0,No,0
STU03397,5.96,59.46,49.46,1,3,5,1,3,0,Yes,1
STU03398,6.7,67.26,59.69,0,0,2,2,4,1,No,0
STU03399,4.86,35.0,48.38,1,1,2,2,3,0,No,1
STU03400,6.43,53.24,70.66,0,0,2,2,1,0,Yes,0
STU03401,7.46,67.47,68.72,2,6,2,1,3,0,No,1
STU03402,7.95,70.32,61.49,0,0,2,2,3,0,Yes,1
STU03403,6.18,61.08,56.69,3,7,1,3,2,0,Yes,1
STU03404,8.21,95.79,77.07,1,2,1,1,3,0,No,1
STU03405,5.26,46.44,55.9,2,4,2,0,3,0,No,0
STU03406,5.57,55.03,46.7,0,0,1,1,1,0,No,0
STU03407,7.82,88.37,71.91,0,0,2,2,3,0,Yes,1
STU03408,8.92,89.04,78.71,2,5,2,3,2,0,Yes,1
STU03409,7.57,76.2,77.09,2,6,8,0,4,0,Yes,1
STU03410,6.95,65.66,62.49,1,3,2,1,1,0,Yes,0
STU03411,4.48,48.86,51.44,0,0,3,1,2,2,No,0
STU03412,4.67,51.21,41.7,1,1,5,3,5,0,Yes,1
STU03413,7.15,72.94,75.66,1,1,2,1,5,2,No,1
STU03414,6.59,63.87,50.02,2,3,4,0,3,0,Yes,1
STU03415,5.73,50.84,37.72,1,1,1,3,2,0,Yes,1
STU03416,7.08,59.51,71.04,2,6,3,3,3,1,Yes,1
STU03417,7.13,75.35,64.17,1,3,2,0,2,0,No,1
STU03418,8.09,74.6,77.73,2,5,3,1,1,0,No,1
STU03419,7.16,74.03,61.24,2,3,6,2,1,0,Yes,1
STU03420,8.41,89.57,75.52,1,1,6,0,1,0,Yes,1
STU03421,7.01,61.16,68.82,2,5,2,3,2,0,No,1
STU03422,6.87,62.06,62.59,1,3,5,2,2,0,Yes,1
STU03423,8.22,96.24,74.15,1,2,6,2,1,0,No,1
STU03424,5.87,52.07,54.29,0,0,0,4,4,0,No,0
STU03425,10.0,82.57,93.94,2,5,1,5,4,0,Yes,1
STU03426,7.43,79.17,70.71,0,0,1,1,0,1,No,0
STU03427,7.44,69.82,77.48,0,0,0,1,1,0,No,0
STU03428,7.6,65.26,67.78,0,0,2,1,2,0,No,0
STU03429,9.16,91.7,89.04,2,5,4,1,3,0,Yes,1
STU03430,7.91,75.13,78.6,1,1,2,0,2,3,No,1
STU03431,5.15,49.45,39.78,1,1,4,1,3,0,No,0
STU03432,8.61,81.41,95.6,2,6,0,2,4,0,No,0
STU03433,6.61,65.85,60.0,1,1,3,0,2,2,No,0
STU03434,7.12,70.93,63.29,2,4,2,1,3,0,Yes,1
STU03435,5.53,35.0,46.79,0,0,0,0,2,0,Yes,0
STU03436,7.61,79.09,68.58,0,0,1,2,3,0,No,0
STU03437,6.25,54.92,46.71,0,0,0,2,4,0,No,0
STU03438,7.12,78.2,64.0,2,4,4,4,1,0,No,1
STU03439,6.67,64.97,57.3,1,1,2,2,4,0,Yes,1
STU03440,9.21,93.28,80.92,0,0,1,4,2,3,Yes,0
STU03441,9.28,84.64,93.41,2,3,2,1,1,2,Yes,1
STU03442,7.05,64.02,61.16,1,2,3,1,3,0,No,0
STU03443,7.07,68.88,60.44,2,4,4,2,3,0,No,0
STU03444,6.57,58.89,50.94,0,0,0,2,2,0,No,0
STU03445,8.27,92.0,73.28,2,5,2,0,3,2,Yes,1
STU03446,6.62,60.89,64.97,1,3,2,2,3,0,No,0
STU03447,6.52,52.91,58.81,0,0,1,4,2,0,Yes,1
STU03448,8.13,77.68,83.78,0,0,2,3,2,2,No,1
STU03449,6.38,64.18,61.5,1,1,2,3,2,1,No,0
STU03450,6.96,66.19,62.19,1,2,3,1,4,0,No,1
STU03451,5.18,46.33,53.49,0,0,0,3,1,0,Yes,1
STU03452,7.81,85.75,72.63,0,0,1,1,3,1,Yes,0
STU03453,9.23,83.3,79.22,0,0,1,5,1,0,Yes,1
STU03454,7.83,66.21,78.86,0,0,2,2,2,2,No,0
STU03455,8.68,81.55,84.54,3,11,3,0,2,0,No,1
STU03456,6.03,55.43,51.83,2,4,5,1,1,0,Yes,1
STU03457,7.27,70.58,75.17,0,0,1,4,1,2,No,1
STU03458,5.92,43.54,50.54,2,3,5,6,1,2,Yes,0
STU03459,6.74,69.73,62.51,1,3,3,2,1,0,Yes,1
STU03460,7.89,81.32,85.49,0,0,2,0,4,1,No,0
STU03461,7.12,72.09,68.35,2,6,3,1,1,0,Yes,1
STU03462,5.38,51.17,48.61,0,0,3,1,3,1,No,0
STU03463,5.49,41.61,37.9,1,1,1,6,5,0,Yes,1
STU03464,5.41,50.69,68.18,2,4,3,3,3,3,Yes,0
STU03465,7.57,81.77,63.78,2,5,4,3,1,0,Yes,1
STU03466,9.37,95.96,82.88,0,0,1,3,2,0,No,1
STU03467,8.57,90.34,79.6,1,3,4,5,3,0,Yes,1
STU03468,4.82,49.33,55.9,2,6,6,6,0,0,Yes,0
STU03469,8.63,75.99,79.81,2,4,2,1,2,0,Yes,1
STU03470,8.08,82.15,81.89,0,0,0,3,2,0,Yes,0
STU03471,5.22,42.11,41.47,0,0,2,2,2,1,Yes,0
STU03472,6.65,69.97,53.04,0,0,4,9,0,0,Yes,1
STU03473,8.26,90.65,84.29,0,0,2,3,0,0,No,0
STU03474,7.63,71.52,69.91,2,3,4,1,3,0,No,1
STU03475,5.49,49.18,47.7,0,0,1,3,4,0,No,0
STU03476,7.7,79.65,78.92,2,5,5,0,1,0,No,1
STU03477,4.54,51.13,54.17,0,0,1,2,2,1,Yes,0
STU03478,6.74,53.67,53.15,0,0,1,1,4,0,No,1
STU03479,8.31,71.03,80.37,0,0,3,3,1,0,No,0
STU03480,7.02,68.48,64.58,1,3,1,1,1,0,No,0
STU03481,6.43,43.81,56.0,0,0,1,3,4,0,Yes,1
STU03482,8.02,82.7,94.16,3,7,5,0,2,0,Yes,1
STU03483,8.12,86.16,78.57,0,0,2,2,2,0,No,1
STU03484,8.51,93.13,67.59,2,3,5,1,2,0,No,1
STU03485,8.01,77.88,77.42,0,0,1,2,1,0,Yes,1
STU03486,8.24,84.65,79.97,1,3,1,0,1,2,No,0
STU03487,7.84,83.69,75.33,1,1,0,3,3,0,No,1
STU03488,7.31,65.53,65.27,2,5,5,2,2,0,No,1
STU03489,7.1,74.98,58.56,1,3,1,3,2,0,Yes,0
STU03490,6.73,65.08,73.39,0,0,1,4,4,0,Yes,1
STU03491,5.61,46.55,49.09,0,0,2,5,1,0,Yes,0
STU03492,5.9,53.66,48.66,1,3,2,2,3,0,No,0
STU03493,6.68,61.79,72.39,1,1,3,2,0,0,Yes,0
STU03494,7.28,76.84,63.95,2,6,6,0,1,0,No,1
STU03495,8.66,84.4,87.17,0,0,2,2,1,0,Yes,1
STU03496,6.95,68.48,56.62,0,0,1,1,1,0,Yes,0
STU03497,8.15,79.17,84.4,0,0,1,1,2,1,Yes,1
STU03498,8.24,78.04,73.86,1,3,2,2,1,0,Yes,0
STU03499,6.73,64.62,63.41,0,0,0,1,3,0,No,1
STU03500,7.68,72.58,86.68,1,3,4,1,4,0,No,1
STU03501,6.72,68.11,60.86,1,1,1,2,0,0,No,0
STU03502,8.52,89.32,69.61,1,2,2,1,2,0,No,1
STU03503,7.73,73.94,75.75,1,3,2,0,3,0,No,1
STU03504,5.63,51.63,50.23,1,1,1,3,1,0,No,0
STU03505,7.19,66.11,73.13,3,8,5,0,2,0,No,1
STU03506,8.9,78.1,93.57,1,3,3,1,4,0,No,1
STU03507,6.79,60.94,70.67,2,4,5,1,1,0,Yes,1
STU03508,7.51,75.29,71.8,1,2,5,1,4,2,No,1
STU03509,7.63,80.26,70.18,1,2,3,2,3,0,Yes,1
STU03510,5.81,52.75,42.14,2,4,5,4,3,0,Yes,1
STU03511,7.59,82.04,70.35,3,11,4,2,0,0,No,0
STU03512,5.4,42.9,48.65,0,0,1,3,2,1,Yes,0
STU03513,6.28,54.75,45.92,1,1,2,3,0,0,No,1
STU03514,8.24,93.48,75.05,0,0,3,4,2,0,Yes,1
STU03515,7.41,62.48,74.44,0,0,3,0,2,0,No,0
STU03516,6.65,59.54,55.38,2,3,3,0,1,1,No,1
STU03517,7.51,69.15,74.8,3,12,5,2,2,0,No,1
STU03518,6.93,65.54,58.83,1,2,1,3,2,0,Yes,1
STU03519,7.01,65.52,66.86,1,3,1,1,3,0,No,1
STU03520,7.76,82.4,71.15,2,4,4,2,1,0,No,1
STU03521,6.16,57.13,41.18,3,10,10,2,2,0,Yes,1
STU03522,7.05,60.81,71.38,2,3,2,2,4,0,Yes,0
STU03523,6.64,58.59,54.94,2,5,2,1,1,0,No,0
STU03524,5.18,47.63,43.14,1,2,3,4,2,0,Yes,1
STU03525,5.94,57.58,45.99,0,0,3,4,3,0,No,0
STU03526,8.8,100.0,87.55,0,0,1,2,2,1,Yes,1
STU03527,7.44,78.74,73.52,0,0,5,2,2,0,Yes,1
STU03528,5.48,43.25,49.57,0,0,2,4,2,0,Yes,0
STU03529,5.23,47.32,41.59,0,0,2,4,2,0,Yes,0
STU03530,6.87,66.85,62.47,1,3,1,3,1,0,Yes,1
STU03531,8.8,84.13,86.75,2,4,4,4,1,0,Yes,1
STU03532,6.79,67.24,70.69,2,5,3,0,2,0,No,1
STU03533,8.5,72.05,84.52,0,0,0,3,3,0,Yes,0
STU03534,7.4,77.33,64.99,0,0,1,6,3,3,No,0
STU03535,7.54,73.15,74.62,3,6,3,2,1,0,No,1
STU03536,5.46,48.57,45.23,3,6,6,1,2,0,No,1
STU03537,8.08,91.05,67.26,3,7,6,2,1,1,Yes,0
STU03538,6.61,54.13,47.63,2,5,5,1,3,0,Yes,1
STU03539,7.99,83.09,78.05,0,0,0,2,2,0,No,0
STU03540,6.06,59.17,51.51,2,3,0,0,2,0,No,0
STU03541,7.2,72.02,66.23,0,0,1,0,5,0,No,1
STU03542,7.4,64.32,76.32,0,0,1,6,2,0,Yes,0
STU03543,6.82,73.19,56.48,1,1,3,2,2,0,Yes,1
STU03544,7.47,73.64,63.59,2,6,5,2,2,0,No,0
STU03545,6.69,59.72,54.93,1,3,3,3,4,0,Yes,1
STU03546,6.25,54.83,50.03,0,0,2,1,3,0,Yes,0
STU03547,8.85,85.2,84.15,2,4,2,1,1,0,Yes,1
STU03548,8.21,76.2,75.56,0,0,1,4,2,0,Yes,0
STU03549,6.13,56.11,39.27,2,6,3,2,3,0,Yes,1
STU03550,7.65,73.97,59.13,2,6,2,2,3,1,Yes,0
STU03551,6.15,59.4,53.11,0,0,2,0,3,3,Yes,1
STU03552,5.64,53.53,40.65,1,3,5,5,1,0,Yes,0
STU03553,8.19,92.95,68.17,0,0,1,1,2,3,Yes,1
STU03554,5.04,45.78,47.8,1,1,2,2,0,3,Yes,0
STU03555,8.07,77.32,88.41,1,1,1,1,3,0,No,1
STU03556,6.71,54.33,59.58,0,0,0,3,1,2,No,0
STU03557,6.76,77.1,62.55,1,1,1,2,2,0,No,0
STU03558,7.47,78.94,73.63,1,3,4,0,2,1,No,1
STU03559,7.67,73.61,60.89,1,1,0,3,2,0,Yes,0
STU03560,6.05,64.36,56.53,1,3,8,1,1,0,Yes,0
STU03561,7.83,87.71,84.02,2,4,3,2,2,0,Yes,1
STU03562,7.13,61.81,77.94,1,3,4,1,3,0,No,1
STU03563,5.56,45.32,44.22,1,1,0,0,1,0,No,0
STU03564,6.8,63.99,54.97,0,0,1,1,2,0,No,1
STU03565,8.59,79.71,91.28,1,2,5,1,2,1,No,1
STU03566,8.93,87.23,87.8,0,0,4,2,1,0,No,1
STU03567,7.82,83.85,81.82,1,2,7,1,4,0,No,0
STU03568,5.63,42.12,43.47,0,0,6,1,3,0,No,0
STU03569,7.56,78.07,74.94,2,6,4,1,5,0,Yes,1
STU03570,7.98,88.34,72.01,0,0,0,2,3,3,No,1
STU03571,7.83,82.08,76.64,3,6,4,3,1,0,No,1
STU03572,7.9,80.05,75.42,0,0,1,7,3,0,Yes,0
STU03573,7.42,70.16,85.23,1,2,0,0,1,1,No,1
STU03574,6.92,71.45,66.75,0,0,1,2,3,0,Yes,0
STU03575,6.3,50.22,41.37,2,5,5,4,1,0,Yes,1
STU03576,4.82,47.7,43.23,1,2,5,0,2,0,Yes,1
STU03577,7.39,73.96,73.02,0,0,2,0,2,0,Yes,0
STU03578,7.21,77.95,65.35,0,0,1,1,2,1,No,0
STU03579,7.64,73.88,67.76,1,1,1,1,2,1,No,0
STU03580,5.46,46.22,50.17,2,5,3,2,4,0,Yes,0
STU03581,7.74,71.2,69.89,2,4,3,1,1,0,Yes,1
STU03582,9.36,91.72,89.55,1,2,4,2,1,0,No,1
STU03583,7.09,66.78,60.05,2,3,3,3,4,0,No,1
STU03584,6.93,61.5,60.47,1,2,3,0,0,0,No,1
STU03585,7.36,68.69,76.03,0,0,0,2,0,0,Yes,1
STU03586,9.34,92.26,88.98,0,0,3,1,2,0,Yes,0
STU03587,5.82,45.4,49.21,1,1,8,2,3,0,No,1
STU03588,7.23,65.39,68.3,2,3,5,1,2,0,Yes,1
STU03589,6.08,59.96,52.13,1,2,4,0,1,0,No,1
STU03590,6.37,57.23,50.48,0,0,0,1,1,0,Yes,0
STU03591,6.94,72.7,54.86,1,3,2,2,4,1,No,1
STU03592,8.55,83.76,86.34,0,0,1,2,2,2,Yes,1
STU03593,9.07,88.33,94.52,2,3,5,4,1,0,Yes,1
STU03594,7.52,76.53,76.22,0,0,1,0,2,0,No,0
STU03595,6.57,69.3,59.51,2,3,3,2,1,2,No,1
STU03596,9.87,97.53,79.45,0,0,0,1,2,0,Yes,1
STU03597,6.51,67.09,62.43,1,3,4,3,3,0,Yes,1
STU03598,6.34,54.04,57.7,1,1,2,2,3,0,No,1
STU03599,4.96,40.81,48.29,2,5,2,1,3,0,No,0
STU03600,8.61,90.8,89.44,1,3,3,2,1,1,No,1
STU03601,8.11,90.78,89.04,1,3,1,4,2,0,Yes,1
STU03602,9.78,96.6,79.93,0,0,3,2,3,0,No,1
STU03603,5.4,48.89,38.08,0,0,3,3,1,0,Yes,0
STU03604,8.68,91.02,84.54,1,1,4,4,1,0,Yes,1
STU03605,7.08,73.63,60.62,0,0,0,5,1,0,Yes,1
STU03606,7.93,81.69,71.22,1,2,3,0,0,0,Yes,1
STU03607,5.11,48.45,51.62,2,6,3,4,3,2,Yes,1
STU03608,8.69,87.31,77.66,0,0,4,3,1,0,No,1
STU03609,7.9,75.8,77.46,0,0,5,4,3,0,Yes,0
STU03610,6.96,63.05,54.38,1,2,1,1,1,0,Yes,0
STU03611,7.74,74.45,76.04,0,0,5,2,3,0,Yes,1
STU03612,6.12,45.46,59.15,0,0,2,3,4,0,Yes,0
STU03613,6.33,58.55,61.97,1,2,1,2,4,0,No,1
STU03614,6.47,59.3,62.81,0,0,2,2,3,0,No,0
STU03615,4.87,50.99,42.95,0,0,2,2,1,0,Yes,0
STU03616,7.99,89.01,85.11,0,0,1,1,1,0,No,0
STU03617,8.37,92.69,84.32,0,0,1,1,2,3,No,1
STU03618,6.19,64.43,50.28,3,7,2,5,2,0,Yes,0
STU03619,7.4,69.38,73.22,1,3,0,2,2,0,Yes,1
STU03620,6.69,54.31,65.21,0,0,3,3,2,0,No,0
STU03621,7.38,79.19,62.64,1,3,5,0,1,0,No,1
STU03622,6.28,65.27,47.61,1,3,1,1,2,0,No,0
STU03623,5.98,62.9,49.7,1,1,3,0,1,1,No,1
STU03624,8.21,86.29,73.05,1,2,1,2,2,0,No,0
STU03625,6.93,54.64,56.2,2,3,3,2,1,0,No,1
STU03626,9.33,91.21,83.5,2,3,3,1,2,0,No,1
STU03627,7.05,72.08,71.7,0,0,3,0,1,0,No,1
STU03628,5.94,60.6,55.93,1,3,4,0,4,0,Yes,0
STU03629,8.41,93.6,83.95,1,3,1,0,1,1,No,1
STU03630,7.73,83.88,76.51,0,0,2,2,4,0,Yes,1
STU03631,7.84,76.17,89.22,2,4,6,3,3,0,Yes,1
STU03632,8.37,78.55,78.49,3,9,3,3,1,0,No,0
STU03633,6.25,59.83,55.07,1,3,5,2,3,0,No,1
STU03634,6.85,60.73,58.95,0,0,1,2,2,0,Yes,0
STU03635,6.8,73.6,54.02,0,0,0,0,2,0,Yes,0
STU03636,5.52,39.35,53.69,0,0,4,4,2,0,Yes,0
STU03637,6.7,66.33,58.1,1,2,5,0,0,1,No,1
STU03638,8.54,87.77,87.02,0,0,0,1,1,0,Yes,1
STU03639,7.27,70.85,67.62,1,3,2,2,1,0,Yes,0
STU03640,5.45,43.59,53.62,3,11,4,4,2,0,Yes,1
STU03641,5.21,35.42,38.81,0,0,2,2,3,0,Yes,1
STU03642,8.91,84.59,91.76,3,9,8,2,2,2,Yes,1
STU03643,6.9,63.09,68.54,1,1,6,2,2,0,No,0
STU03644,6.26,63.39,42.95,1,2,3,6,2,0,No,0
STU03645,6.68,58.04,56.64,0,0,0,1,3,0,Yes,0
STU03646,5.3,50.91,51.32,0,0,0,1,1,0,No,0
STU03647,8.64,78.67,93.25,1,3,3,0,3,1,No,1
STU03648,6.55,63.61,62.02,1,2,1,2,4,0,Yes,1
STU03649,8.57,72.61,80.66,2,3,1,1,1,0,No,1
STU03650,7.06,81.39,60.01,0,0,3,2,4,0,No,0
STU03651,8.64,85.63,86.88,1,3,6,1,3,0,No,1
STU03652,7.3,55.69,66.91,1,1,4,1,1,1,Yes,1
STU03653,7.98,77.04,76.05,0,0,1,1,3,0,No,1
STU03654,7.83,74.34,75.25,0,0,1,2,3,0,Yes,0
STU03655,7.72,74.41,80.64,1,1,3,1,4,0,No,1
STU03656,7.4,71.74,81.76,2,6,3,3,3,0,Yes,1
STU03657,6.73,59.58,66.72,2,4,4,1,3,0,No,1
STU03658,9.2,83.81,85.77,3,11,2,4,2,0,Yes,1
STU03659,5.96,46.34,44.89,0,0,2,2,2,3,Yes,0
STU03660,7.0,72.85,68.93,1,2,4,3,1,0,Yes,0
STU03661,7.02,75.4,75.18,0,0,1,1,1,0,No,1
STU03662,7.46,73.33,77.88,0,0,3,6,3,0,Yes,1
STU03663,6.51,60.04,58.39,0,0,3,2,3,1,No,0
STU03664,7.36,66.63,67.45,1,2,3,1,2,0,No,1
STU03665,6.81,65.23,63.88,2,6,2,0,1,0,Yes,0
STU03666,5.18,49.03,51.58,1,1,4,1,2,0,No,1
STU03667,7.01,66.73,66.44,1,2,4,4,2,0,Yes,1
STU03668,5.73,53.58,47.58,0,0,2,2,1,0,Yes,1
STU03669,5.01,48.75,39.78,1,2,2,0,2,0,No,0
STU03670,7.16,64.01,82.87,0,0,2,3,5,0,Yes,1
STU03671,7.56,83.45,67.94,0,0,2,1,1,1,No,0
STU03672,7.61,75.56,67.91,1,2,1,2,3,1,No,0
STU03673,7.65,87.58,75.51,3,10,6,1,1,0,No,1
STU03674,4.78,48.69,41.96,2,4,5,0,2,0,Yes,0
STU03675,5.43,60.86,52.18,2,4,3,3,1,0,Yes,1
STU03676,9.27,95.93,92.22,0,0,2,5,3,0,Yes,1
STU03677,5.8,53.1,41.45,1,2,2,2,3,0,Yes,1
STU03678,7.7,73.83,70.63,2,3,6,3,3,0,No,1
STU03679,6.21,51.91,47.87,0,0,3,1,5,1,No,0
STU03680,7.09,72.56,71.07,1,3,5,1,2,0,Yes,1
STU03681,6.27,57.73,56.44,0,0,2,0,2,0,No,0
STU03682,7.65,73.9,72.21,2,4,3,2,1,0,Yes,1
STU03683,7.16,75.32,68.62,1,2,5,0,0,3,No,0
STU03684,6.48,60.07,50.08,3,6,3,2,1,0,No,0
STU03685,5.79,56.73,44.24,0,0,1,2,3,0,No,0
STU03686,7.31,66.76,61.81,0,0,0,3,1,1,Yes,0
STU03687,5.61,56.18,48.05,1,3,4,1,3,0,No,0
STU03688,7.49,78.3,73.15,0,0,0,1,3,0,No,0
STU03689,10.0,97.08,80.99,3,8,5,1,1,0,Yes,1
STU03690,8.55,91.8,85.46,1,2,2,2,2,0,No,1
STU03691,7.83,79.07,82.93,1,1,2,3,2,0,No,1
STU03692,6.9,65.28,57.09,0,0,3,1,1,1,No,0
STU03693,4.77,56.84,41.19,2,4,7,5,5,0,Yes,1
STU03694,5.48,47.59,49.42,3,9,5,4,2,2,Yes,0
STU03695,8.48,89.98,82.45,2,3,4,3,3,0,Yes,1
STU03696,6.09,52.45,43.5,1,3,4,0,3,0,No,0
STU03697,6.2,44.78,50.31,1,3,2,1,2,0,Yes,0
STU03698,6.81,57.5,59.02,1,1,6,4,2,0,Yes,1
STU03699,5.78,54.01,47.55,0,0,2,2,1,0,Yes,0
STU03700,5.59,54.25,46.28,2,6,1,3,2,1,No,0
STU03701,6.94,69.4,73.34,0,0,1,1,2,0,Yes,0
STU03702,5.97,60.37,49.25,0,0,1,2,3,2,No,0
STU03703,6.15,57.75,42.09,2,3,3,0,2,1,No,0
STU03704,6.1,50.21,52.41,1,1,2,1,4,0,Yes,0
STU03705,7.6,80.3,84.22,1,1,2,1,2,0,No,0
STU03706,6.73,64.59,59.57,0,0,1,0,4,0,No,0
STU03707,6.79,61.14,58.97,2,4,0,0,1,0,No,0
STU03708,7.69,80.83,73.16,1,2,3,1,3,0,No,0
STU03709,6.84,65.71,65.74,1,2,4,3,2,0,No,0
STU03710,6.68,59.05,57.82,0,0,1,0,2,1,No,0
STU03711,7.54,74.93,63.9,1,3,1,2,1,0,No,0
STU03712,7.77,87.42,71.91,0,0,0,3,2,0,Yes,0
STU03713,6.83,73.46,61.79,0,0,2,5,4,3,Yes,1
STU03714,7.09,70.5,69.59,1,3,1,2,2,0,No,0
STU03715,6.1,55.2,48.36,2,3,2,2,2,0,No,1
STU03716,6.01,45.23,49.05,0,0,0,4,1,1,Yes,1
STU03717,7.88,90.61,77.56,0,0,1,2,4,3,Yes,1
STU03718,7.51,81.77,67.88,2,5,8,2,1,1,Yes,1
STU03719,7.52,80.23,72.17,2,5,1,2,2,1,Yes,1
STU03720,7.32,59.17,72.63,1,1,5,6,2,0,Yes,1
STU03721,7.05,68.99,58.63,1,2,1,0,3,1,No,1
STU03722,7.8,78.54,78.14,0,0,2,2,3,1,No,1
STU03723,8.08,86.31,72.68,1,1,5,3,3,0,No,1
STU03724,8.05,79.28,72.56,2,6,3,3,3,0,Yes,1
STU03725,6.88,64.55,58.97,1,1,6,4,1,0,Yes,1
STU03726,8.6,89.9,91.38,2,3,5,0,2,0,No,1
STU03727,7.26,67.28,58.63,1,3,4,0,2,0,No,0
STU03728,7.73,75.01,72.68,0,0,2,2,2,0,No,0
STU03729,7.32,74.01,69.69,0,0,0,4,2,0,Yes,0
STU03730,7.28,80.3,76.28,0,0,2,0,3,0,Yes,1
STU03731,6.15,60.32,64.16,3,9,2,1,1,1,Yes,1
STU03732,7.81,85.8,73.82,3,11,4,4,4,0,Yes,1
STU03733,10.0,90.27,90.13,0,0,3,2,5,2,No,1
STU03734,6.57,69.98,57.45,0,0,0,3,1,0,Yes,0
STU03735,7.08,58.72,65.56,2,5,2,0,1,2,No,1
STU03736,6.49,72.02,58.53,1,3,3,3,2,0,Yes,1
STU03737,6.44,72.06,46.63,2,6,5,2,1,0,Yes,1
STU03738,8.78,89.9,83.87,0,0,4,1,2,0,No,1
STU03739,6.23,61.32,56.03,0,0,1,4,4,0,Yes,0
STU03740,6.45,59.14,51.21,0,0,2,4,1,0,No,0
STU03741,5.17,46.36,47.37,1,2,2,0,1,0,No,0
STU03742,6.13,51.5,41.8,2,5,5,4,1,0,Yes,1
STU03743,5.04,46.72,44.58,2,6,4,1,3,1,Yes,1
STU03744,7.73,81.78,83.49,1,1,4,4,4,0,No,1
STU03745,10.0,92.41,85.58,0,0,0,3,2,0,Yes,1
STU03746,6.58,73.08,52.29,2,6,3,2,1,1,No,0
STU03747,5.08,47.8,35.65,1,1,3,4,1,0,Yes,1
STU03748,8.03,72.94,81.21,1,3,2,0,1,0,No,1
STU03749,6.16,65.47,58.17,0,0,1,3,3,0,No,0
STU03750,8.49,78.29,82.28,1,2,0,3,4,0,Yes,1
STU03751,6.68,59.26,56.84,0,0,1,0,1,0,No,0
STU03752,6.27,58.53,42.32,0,0,1,3,2,0,No,1
STU03753,6.8,67.12,62.36,2,3,5,4,1,0,Yes,1
STU03754,7.87,71.42,72.96,1,1,2,1,2,0,Yes,1
STU03755,6.74,59.17,56.85,0,0,1,2,5,0,No,0
STU03756,6.43,50.13,65.71,0,0,1,1,2,1,No,0
STU03757,6.77,67.91,50.37,0,0,0,2,2,1,Yes,0
STU03758,5.54,56.82,36.72,0,0,3,1,2,0,No,0
STU03759,7.46,67.42,73.14,0,0,1,1,2,0,No,0
STU03760,4.95,52.65,41.36,1,2,1,2,1,0,Yes,0
STU03761,6.49,65.49,53.79,0,0,1,0,2,0,No,0
STU03762,7.87,76.18,78.77,1,2,4,3,3,0,No,1
STU03763,7.35,61.28,71.71,1,3,4,1,3,0,No,1
STU03764,7.68,71.47,69.06,3,10,7,3,5,0,No,1
STU03765,6.93,63.03,60.05,1,2,2,3,2,1,No,1
STU03766,8.35,93.82,81.87,2,3,4,1,3,0,No,1
STU03767,8.06,81.4,80.11,2,3,5,2,2,0,No,0
STU03768,7.51,69.53,75.47,1,2,3,5,2,1,Yes,0
STU03769,8.07,83.04,75.66,0,0,2,0,5,0,No,0
STU03770,7.86,72.25,79.1,0,0,2,6,3,0,No,1
STU03771,6.49,63.09,62.71,1,1,3,3,2,0,Yes,0
STU03772,5.45,43.3,46.45,0,0,0,0,1,0,No,1
STU03773,7.48,70.17,71.55,0,0,3,3,3,0,Yes,1
STU03774,7.63,79.39,72.72,0,0,0,0,2,0,No,1
STU03775,8.25,94.3,77.09,0,0,1,3,1,0,No,0
STU03776,5.92,66.16,44.35,0,0,2,2,2,0,No,0
STU03777,5.96,47.06,48.51,2,6,2,0,0,0,No,0
STU03778,7.53,72.23,75.52,0,0,4,0,2,1,Yes,0
STU03779,6.92,69.58,58.15,0,0,1,2,3,0,No,0
STU03780,4.83,53.3,42.83,2,3,3,1,1,0,No,0
STU03781,7.43,61.37,70.21,2,3,5,4,2,0,Yes,1
STU03782,4.87,46.95,54.09,2,5,4,4,4,0,Yes,1
STU03783,5.91,49.96,54.22,2,3,1,2,1,1,Yes,0
STU03784,8.55,74.41,87.2,1,1,3,2,4,1,Yes,1
STU03785,9.1,80.38,90.92,0,0,4,3,2,0,Yes,1
STU03786,5.6,46.73,43.86,2,5,5,2,1,0,No,1
STU03787,6.62,62.14,67.05,0,0,1,2,2,1,Yes,1
STU03788,7.05,74.74,66.65,0,0,3,6,1,0,Yes,0
STU03789,9.05,90.37,84.97,2,4,0,0,1,1,No,1
STU03790,6.43,64.75,48.78,0,0,1,4,1,0,Yes,0
STU03791,6.45,59.49,53.92,0,0,2,0,1,0,Yes,1
STU03792,8.78,82.96,73.59,1,2,6,2,3,0,Yes,1
STU03793,6.57,59.91,56.53,0,0,0,1,1,0,No,0
STU03794,7.83,83.81,73.17,0,0,2,2,2,1,Yes,1
STU03795,5.3,54.4,42.81,1,3,0,1,4,0,No,1
STU03796,6.8,63.87,53.44,0,0,3,3,3,0,No,1
STU03797,5.09,41.66,48.46,2,6,6,6,2,0,Yes,0
STU03798,5.79,53.66,52.2,0,0,1,5,3,0,Yes,0
STU03799,7.97,84.03,88.3,0,0,2,2,2,3,No,1
STU03800,6.94,74.35,73.92,2,6,4,1,2,0,No,1
STU03801,6.63,57.93,59.94,0,0,4,4,3,0,Yes,1
STU03802,6.14,51.3,58.45,2,5,6,4,2,0,Yes,1
STU03803,6.75,68.29,62.32,2,4,2,2,3,0,Yes,1
STU03804,7.35,70.7,67.58,0,0,1,0,1,0,Yes,0
STU03805,8.13,79.98,78.01,1,1,2,4,0,0,Yes,1
STU03806,4.0,52.65,45.96,0,0,2,3,1,0,Yes,0
STU03807,6.04,45.9,75.66,2,3,1,1,4,0,No,1
STU03808,7.18,83.02,74.68,3,11,0,1,2,0,No,1
STU03809,6.89,62.3,64.46,0,0,3,4,1,0,Yes,1
STU03810,7.46,80.08,74.78,3,6,7,0,3,0,No,1
STU03811,7.31,71.94,72.45,0,0,0,1,2,0,No,1
STU03812,6.65,63.88,58.71,1,2,5,1,3,0,No,1
STU03813,6.39,57.02,60.13,0,0,1,4,3,0,No,0
STU03814,6.72,68.39,59.32,0,0,2,2,5,1,Yes,1
STU03815,8.32,82.3,75.31,0,0,3,2,5,2,Yes,1
STU03816,6.16,52.1,55.42,1,1,0,2,1,0,Yes,0
STU03817,6.93,77.53,67.34,0,0,3,3,3,0,Yes,1
STU03818,7.21,71.31,67.26,1,1,2,3,3,0,Yes,1
STU03819,8.79,83.19,86.1,2,3,9,3,0,0,No,1
STU03820,6.65,53.4,65.11,2,3,4,1,2,0,No,1
STU03821,8.1,93.62,79.11,1,3,2,2,2,0,Yes,1
STU03822,8.42,81.76,79.39,1,3,5,2,1,0,No,1
STU03823,6.93,78.99,59.37,2,3,3,0,5,0,No,1
STU03824,6.76,66.36,59.44,1,3,4,4,2,0,Yes,1
STU03825,6.62,62.65,68.01,1,3,1,4,1,0,Yes,1
STU03826,6.71,64.11,58.9,0,0,0,2,2,0,No,0
STU03827,7.98,94.66,80.52,2,4,3,4,5,0,No,1
STU03828,7.27,58.81,67.02,1,3,2,3,2,0,Yes,1
STU03829,7.27,73.34,66.59,0,0,0,1,2,0,No,0
STU03830,5.71,49.38,42.69,2,4,4,3,2,0,Yes,1
STU03831,5.89,51.37,50.25,1,3,2,1,1,0,No,0
STU03832,9.46,90.18,83.18,2,3,2,4,3,0,Yes,1
STU03833,6.8,63.03,69.26,0,0,1,3,3,0,Yes,0
STU03834,6.11,56.05,51.28,3,8,3,0,1,0,Yes,1
STU03835,8.65,86.35,83.23,2,6,2,2,4,0,Yes,1
STU03836,7.32,64.96,68.76,1,1,3,1,3,1,No,1
STU03837,7.66,79.99,76.93,3,12,1,1,2,0,Yes,1
STU03838,6.84,69.61,71.26,1,2,1,1,1,0,No,0
STU03839,6.63,58.75,52.77,1,1,1,1,1,1,Yes,1
STU03840,6.8,76.0,63.46,1,1,1,3,3,0,Yes,0
STU03841,5.41,56.86,36.44,2,6,2,6,2,0,Yes,1
STU03842,6.9,71.3,70.57,1,1,1,2,2,0,No,0
STU03843,7.34,78.06,69.42,2,5,2,2,1,0,Yes,1
STU03844,9.13,88.69,76.54,1,3,0,3,5,0,Yes,1
STU03845,7.1,76.3,58.8,1,3,6,0,1,0,No,1
STU03846,4.32,54.9,47.35,1,1,2,5,2,0,Yes,0
STU03847,6.89,70.96,53.12,2,6,3,0,2,0,No,1
STU03848,10.0,86.47,88.56,1,2,4,1,2,0,Yes,1
STU03849,8.0,81.27,75.94,3,6,9,1,3,2,No,1
STU03850,6.07,57.89,50.28,3,12,5,3,3,0,No,1
STU03851,7.68,82.95,70.88,1,3,2,1,2,0,No,1
STU03852,6.15,54.93,46.67,0,0,1,3,1,0,Yes,0
STU03853,5.44,45.68,43.16,1,3,0,1,1,0,No,1
STU03854,6.6,70.99,61.92,1,3,1,2,2,0,Yes,1
STU03855,7.11,63.1,64.78,0,0,1,2,2,0,Yes,0
STU03856,4.85,40.69,45.86,0,0,1,1,1,3,Yes,0
STU03857,5.68,42.75,46.26,2,5,1,3,1,0,Yes,1
STU03858,7.01,62.4,68.73,1,3,3,2,3,3,No,0
STU03859,6.53,67.99,59.99,2,4,7,0,1,0,No,1
STU03860,7.45,82.4,68.47,0,0,0,0,4,0,No,1
STU03861,5.6,49.71,41.43,3,8,9,5,1,2,Yes,0
STU03862,7.82,82.5,82.26,1,3,1,0,3,1,No,0
STU03863,5.64,50.38,42.56,1,3,5,5,5,0,Yes,0
STU03864,8.89,80.54,87.69,1,2,2,3,4,0,Yes,1
STU03865,5.03,60.3,44.18,1,1,0,2,1,0,Yes,0
STU03866,5.74,59.54,45.51,1,3,4,5,0,0,Yes,0
STU03867,7.48,77.22,74.67,0,0,0,0,2,1,No,0
STU03868,8.91,82.64,92.98,1,2,0,4,1,0,Yes,1
STU03869,7.36,72.04,74.15,3,8,4,1,3,0,No,1
STU03870,7.65,73.3,75.23,2,3,7,3,2,0,Yes,1
STU03871,7.02,68.82,74.96,2,5,2,2,3,0,No,1
STU03872,5.82,53.85,38.94,2,6,2,1,2,0,No,0
STU03873,6.44,57.06,49.44,2,6,3,2,1,0,Yes,1
STU03874,5.61,41.47,44.41,2,3,5,4,1,0,Yes,1
STU03875,5.53,62.47,55.19,2,3,4,3,1,0,Yes,0
STU03876,7.46,76.26,77.5,0,0,1,1,2,0,Yes,0
STU03877,5.71,53.73,37.69,1,1,0,1,2,0,No,0
STU03878,7.37,70.93,67.84,0,0,3,2,3,0,No,1
STU03879,5.5,40.12,38.55,0,0,0,2,3,0,Yes,0
STU03880,7.34,72.58,69.83,1,2,3,3,2,0,No,0
STU03881,6.44,57.19,61.54,2,3,1,1,2,2,No,1
STU03882,8.62,90.56,89.15,0,0,0,2,2,0,Yes,1
STU03883,7.37,78.96,72.13,2,3,3,3,2,0,No,1
STU03884,8.42,89.7,79.56,1,1,2,3,5,0,Yes,1
STU03885,6.13,61.12,51.62,2,4,5,0,0,0,No,1
STU03886,7.06,79.73,70.01,1,1,6,0,2,0,Yes,1
STU03887,5.87,54.85,63.59,1,3,1,0,0,0,No,0
STU03888,6.52,66.97,50.27,1,3,2,1,1,3,Yes,0
STU03889,6.7,65.92,69.49,0,0,1,3,4,0,No,0
STU03890,6.17,44.22,54.09,1,3,1,1,3,0,No,0
STU03891,5.6,49.22,52.07,1,1,1,1,1,0,Yes,0
STU03892,5.37,43.42,46.74,0,0,1,2,2,0,Yes,1
STU03893,4.31,46.85,50.88,1,1,1,2,3,0,Yes,0
STU03894,5.79,46.89,50.62,1,1,3,3,2,1,No,0
STU03895,7.72,82.02,71.5,0,0,0,1,1,2,No,1
STU03896,5.16,53.46,47.27,0,0,1,1,3,0,Yes,0
STU03897,5.43,56.2,52.74,0,0,2,5,2,3,Yes,0
STU03898,9.06,98.0,85.29,2,5,1,1,4,0,Yes,1
STU03899,6.27,46.78,41.39,2,4,3,5,3,0,No,1
STU03900,7.37,66.29,69.8,0,0,1,0,1,3,Yes,0
STU03901,7.74,96.18,76.21,1,2,2,4,4,2,No,1
STU03902,7.76,84.92,75.59,1,1,3,2,1,0,Yes,1
STU03903,5.25,49.31,41.99,1,3,4,1,2,0,No,1
STU03904,6.73,63.78,68.53,1,3,1,3,3,0,Yes,0
STU03905,5.14,47.12,35.0,1,3,2,3,1,0,No,0
STU03906,9.81,78.05,87.22,1,2,2,3,1,0,Yes,1
STU03907,5.17,42.96,45.24,0,0,3,0,1,1,No,0
STU03908,5.79,51.05,61.3,0,0,1,3,4,0,Yes,1
STU03909,5.8,47.51,48.72,1,2,2,1,2,0,No,0
STU03910,5.28,44.58,47.76,0,0,0,2,4,0,Yes,0
STU03911,8.56,100.0,83.71,3,6,5,2,1,0,Yes,1
STU03912,9.79,88.12,87.2,0,0,3,3,1,0,Yes,1
STU03913,6.45,61.01,66.92,0,0,1,2,2,2,Yes,0
STU03914,5.48,50.82,39.69,1,1,4,3,2,0,Yes,1
STU03915,4.43,49.11,38.57,0,0,1,1,1,0,Yes,0
STU03916,6.72,60.42,64.81,1,3,4,1,2,0,Yes,1
STU03917,6.64,69.52,60.58,1,1,6,3,2,0,Yes,1
STU03918,6.25,59.32,51.96,1,2,0,2,1,0,Yes,1
STU03919,7.25,64.09,68.39,0,0,2,0,3,0,Yes,0
STU03920,7.45,74.08,77.2,2,5,6,3,1,0,Yes,1
STU03921,7.37,72.48,73.42,0,0,0,0,2,0,No,0
STU03922,6.64,60.74,54.77,1,1,5,2,2,0,No,1
STU03923,5.73,54.24,49.61,2,6,4,2,2,0,Yes,0
STU03924,7.77,82.71,75.6,1,2,3,2,0,2,Yes,0
STU03925,7.01,71.22,67.95,3,10,2,2,3,1,No,0
STU03926,8.02,83.76,76.8,1,3,0,1,1,0,Yes,1
STU03927,7.91,81.1,70.33,1,2,2,3,2,0,No,1
STU03928,5.36,35.67,49.61,1,1,1,1,4,0,No,0
STU03929,5.35,53.16,48.78,2,3,4,1,2,0,No,1
STU03930,6.13,58.13,60.69,2,5,4,3,5,1,Yes,0
STU03931,5.79,45.73,40.74,0,0,1,0,3,0,Yes,0
STU03932,7.87,81.76,76.65,2,5,5,1,2,0,No,1
STU03933,7.4,77.87,69.6,0,0,1,4,2,1,Yes,1
STU03934,8.26,90.92,78.52,0,0,2,0,4,0,No,1
STU03935,7.46,77.8,62.5,1,1,4,2,0,0,No,1
STU03936,7.24,73.53,62.2,1,1,3,2,2,0,Yes,1
STU03937,8.38,90.49,83.43,0,0,1,1,3,0,No,1
STU03938,7.54,74.14,69.98,2,4,3,5,1,0,Yes,1
STU03939,7.08,71.6,61.16,0,0,1,2,4,0,Yes,1
STU03940,8.7,83.1,92.41,0,0,6,1,2,0,No,1
STU03941,7.13,76.62,81.21,1,2,2,0,2,0,No,0
STU03942,6.65,52.6,58.92,1,2,4,2,2,2,Yes,0
STU03943,6.04,58.97,42.06,0,0,2,0,2,0,Yes,0
STU03944,7.81,79.48,78.75,2,5,4,5,3,0,No,1
STU03945,8.42,90.92,69.61,0,0,0,1,3,0,No,1
STU03946,6.94,62.26,55.84,1,1,2,2,4,2,Yes,1
STU03947,8.5,86.22,85.16,2,5,3,2,1,0,No,1
STU03948,4.73,46.44,35.0,2,4,8,0,2,0,No,1
STU03949,6.94,69.44,62.06,1,3,2,0,1,0,No,1
STU03950,6.95,60.86,55.24,0,0,3,0,2,0,Yes,0
STU03951,6.16,59.42,52.94,0,0,0,0,1,1,Yes,0
STU03952,9.74,78.51,93.32,1,2,5,2,3,0,Yes,1
STU03953,6.92,62.56,59.89,2,5,6,3,1,0,No,1
STU03954,6.53,51.13,57.39,0,0,1,4,2,0,Yes,0
STU03955,7.03,73.34,60.48,2,4,7,3,3,0,Yes,1
STU03956,4.7,48.4,38.53,2,3,8,2,3,1,Yes,1
STU03957,6.13,57.88,47.15,3,7,4,3,5,0,Yes,0
STU03958,8.13,91.52,84.4,0,0,2,4,1,1,No,0
STU03959,6.28,55.05,45.46,0,0,0,2,1,0,No,0
STU03960,6.05,57.83,49.18,0,0,2,2,2,0,Yes,0
STU03961,8.51,86.1,85.16,1,3,3,8,1,0,Yes,1
STU03962,8.54,85.37,88.35,2,6,1,0,3,0,No,1
STU03963,7.59,84.51,76.31,2,4,4,1,2,0,Yes,0
STU03964,6.48,72.2,56.28,0,0,1,2,2,3,No,0
STU03965,6.72,60.81,56.99,2,5,3,1,1,0,Yes,1
STU03966,6.08,59.53,57.08,2,3,6,1,3,1,No,1
STU03967,5.86,54.24,44.13,1,3,1,4,1,0,No,0
STU03968,5.8,53.75,43.65,1,1,1,1,4,0,No,1
STU03969,6.29,58.63,62.26,2,5,3,1,5,1,Yes,1
STU03970,5.81,49.88,51.04,2,6,3,2,1,0,Yes,1
STU03971,5.2,35.0,47.12,3,8,4,2,3,0,Yes,1
STU03972,7.25,80.98,72.37,1,3,9,2,2,1,Yes,0
STU03973,7.27,67.87,68.47,1,1,3,1,1,0,Yes,1
STU03974,8.96,86.44,76.27,2,4,4,0,2,0,No,1
STU03975,6.23,55.09,54.92,0,0,2,2,4,0,No,0
STU03976,7.34,68.37,69.96,2,6,5,5,2,0,Yes,1
STU03977,7.36,74.79,65.2,0,0,1,1,4,0,No,0
STU03978,6.71,62.85,53.59,1,1,2,6,2,0,Yes,0
STU03979,7.86,75.61,76.63,1,1,3,1,0,0,Yes,0
STU03980,7.89,81.27,69.23,0,0,1,4,3,0,Yes,1
STU03981,7.38,73.38,69.72,0,0,1,0,4,0,No,1
STU03982,6.71,68.66,58.51,0,0,0,3,2,0,Yes,0
STU03983,6.59,53.29,57.61,0,0,0,4,2,0,Yes,1
STU03984,5.43,44.15,48.4,0,0,2,0,1,1,Yes,0
STU03985,6.07,58.87,55.25,0,0,1,3,2,0,No,0
STU03986,6.28,53.24,49.81,2,4,8,0,3,3,No,1
STU03987,5.71,45.56,53.2,1,3,2,1,2,0,Yes,0
STU03988,7.51,71.95,71.18,0,0,2,0,2,2,Yes,0
STU03989,8.38,84.17,92.29,0,0,0,1,0,1,Yes,1
STU03990,5.96,52.7,46.77,1,1,2,1,1,0,No,1
STU03991,7.33,71.62,60.21,0,0,1,4,1,0,No,0
STU03992,5.81,45.72,53.89,1,3,4,1,3,0,Yes,0
STU03993,6.65,66.89,61.8,1,3,3,6,1,0,Yes,1
STU03994,6.21,64.04,60.29,3,11,2,3,1,0,No,1
STU03995,7.69,66.6,76.92,0,0,1,0,3,0,No,1
STU03996,6.22,46.91,67.27,0,0,1,0,1,0,No,0
STU03997,8.16,88.99,78.84,0,0,3,2,1,1,No,1
STU03998,6.72,72.66,66.52,2,6,5,1,2,0,No,1
STU03999,6.25,43.9,50.53,1,3,1,5,2,0,No,1
STU04000,5.56,54.76,49.82,2,3,5,2,4,2,Yes,1
STU04001,7.29,82.23,73.47,1,1,2,2,4,0,Yes,0
STU04002,8.03,76.64,83.81,1,1,1,0,0,0,Yes,0
STU04003,7.31,82.18,74.36,3,11,3,2,3,0,No,0
STU04004,9.57,88.35,66.99,0,0,1,3,1,3,No,0
STU04005,8.64,88.37,83.07,0,0,2,3,3,1,Yes,1
STU04006,6.65,57.88,55.74,3,11,8,2,2,0,No,1
STU04007,6.63,68.02,56.75,0,0,4,3,0,2,Yes,0
STU04008,7.54,80.98,71.28,0,0,3,2,1,0,Yes,1
STU04009,6.04,64.41,56.93,0,0,3,3,1,0,Yes,0
STU04010,8.34,93.18,82.76,2,5,5,2,1,0,No,1
STU04011,7.42,74.09,68.1,3,6,6,2,1,0,No,1
STU04012,7.29,91.09,60.63,1,1,9,4,2,0,Yes,1
STU04013,7.79,87.29,85.38,3,10,4,0,2,0,No,1
STU04014,8.98,91.24,81.11,0,0,3,0,2,0,No,0
STU04015,7.2,64.92,67.11,1,3,3,2,2,0,Yes,0
STU04016,6.87,56.57,75.59,1,1,4,3,1,2,Yes,1
STU04017,8.74,78.31,80.26,0,0,0,3,3,0,No,1
STU04018,8.11,76.91,77.86,1,3,3,1,2,0,Yes,0
STU04019,6.63,70.24,60.37,1,2,0,2,1,0,No,1
STU04020,7.01,70.86,55.3,2,6,3,1,1,0,No,1
STU04021,7.22,67.65,58.0,2,4,3,2,1,0,No,1
STU04022,7.42,73.33,68.26,0,0,2,4,2,0,No,0
STU04023,5.44,47.52,43.38,0,0,0,1,1,2,No,0
STU04024,5.23,52.67,45.67,2,5,4,1,5,0,No,0
STU04025,5.98,48.27,44.68,1,1,3,1,2,0,Yes,1
STU04026,5.89,54.79,52.3,0,0,2,1,1,0,Yes,0
STU04027,6.26,58.56,40.82,1,2,3,1,1,0,Yes,1
STU04028,7.73,73.41,75.08,2,5,2,2,2,0,No,0
STU04029,6.81,74.33,63.96,0,0,2,5,2,0,No,0
STU04030,7.23,69.58,70.32,0,0,2,2,2,2,No,1
STU04031,5.59,44.12,46.1,1,3,4,8,3,0,Yes,0
STU04032,6.47,64.72,52.64,0,0,0,2,2,0,Yes,0
STU04033,7.68,78.18,73.7,3,7,3,2,2,0,No,1
STU04034,7.68,80.41,82.37,0,0,1,0,1,0,No,0
STU04035,6.17,48.54,49.05,1,1,2,1,5,0,Yes,0
STU04036,7.19,75.6,73.6,1,1,1,4,2,0,No,1
STU04037,9.53,100.0,93.18,0,0,1,3,2,0,Yes,1
STU04038,6.98,59.93,54.09,0,0,2,3,5,0,No,0
STU04039,6.2,58.18,52.28,0,0,1,1,3,0,Yes,0
STU04040,6.8,60.0,55.84,1,3,1,1,0,0,No,1
STU04041,7.11,85.68,57.53,0,0,1,2,3,0,No,0
STU04042,6.83,72.57,66.88,2,4,2,4,1,1,Yes,0
STU04043,6.96,68.99,67.14,2,6,3,3,2,0,Yes,1
STU04044,5.34,41.08,47.02,0,0,3,2,0,0,No,0
STU04045,5.89,46.8,43.21,0,0,3,1,4,0,No,0
STU04046,6.83,69.62,63.41,0,0,0,1,1,0,No,0
STU04047,6.81,56.7,54.01,2,3,3,1,1,1,No,0
STU04048,6.35,49.89,55.34,2,5,2,3,1,0,No,0
STU04049,6.8,64.7,57.67,1,3,2,1,1,0,Yes,0
STU04050,7.07,69.79,72.3,1,1,1,2,2,0,Yes,1
STU04051,8.02,84.03,76.57,1,2,1,2,2,0,No,1
STU04052,6.89,63.33,64.36,2,3,2,2,3,0,Yes,1
STU04053,7.46,80.33,73.21,2,6,7,2,3,0,Yes,1
STU04054,6.38,53.16,54.87,0,0,1,3,1,0,Yes,0
STU04055,7.66,81.36,75.24,2,4,1,1,2,0,No,1
STU04056,7.43,75.65,73.19,0,0,1,6,1,0,Yes,0
STU04057,8.0,85.1,73.12,0,0,2,3,2,0,Yes,0
STU04058,7.82,86.61,78.94,2,3,3,1,2,0,No,1
STU04059,7.68,75.15,80.06,1,3,1,1,3,0,No,0
STU04060,6.89,62.02,65.38,0,0,2,3,2,0,Yes,1
STU04061,7.28,62.11,67.11,0,0,1,2,1,0,Yes,0
STU04062,8.22,71.38,81.54,0,0,1,0,2,0,No,0
STU04063,6.25,55.59,51.46,0,0,0,1,1,0,No,1
STU04064,6.28,56.31,53.24,3,12,7,1,3,2,No,0
STU04065,7.21,64.58,60.97,1,1,3,4,4,0,No,1
STU04066,7.48,69.85,80.35,1,1,4,2,2,0,No,1
STU04067,6.05,63.38,62.86,2,3,3,2,3,0,No,1
STU04068,6.91,71.69,59.21,0,0,2,2,3,0,Yes,1
STU04069,6.89,58.54,67.83,0,0,1,1,0,0,No,1
STU04070,4.45,42.94,51.34,0,0,1,2,2,0,Yes,0
STU04071,6.75,66.22,55.04,0,0,3,0,1,0,No,1
STU04072,6.82,61.27,49.08,0,0,3,6,3,0,Yes,1
STU04073,6.82,60.12,71.08,1,3,3,0,1,0,No,0
STU04074,8.63,84.35,83.32,0,0,2,2,2,0,Yes,0
STU04075,5.6,56.68,44.02,0,0,3,1,3,3,No,0
STU04076,6.05,61.31,51.5,1,1,2,1,1,0,Yes,0
STU04077,4.0,40.71,39.91,1,2,3,5,3,1,Yes,1
STU04078,6.45,62.04,74.03,3,11,8,2,2,0,No,1
STU04079,6.55,60.64,54.5,2,5,2,2,3,0,Yes,1
STU04080,6.41,52.79,57.8,0,0,1,0,1,0,Yes,0
STU04081,8.27,82.2,88.74,0,0,5,5,2,2,Yes,1
STU04082,7.99,73.85,86.16,1,2,5,4,5,0,Yes,1
STU04083,7.09,76.28,72.88,1,3,3,1,3,0,No,0
STU04084,6.57,70.42,55.55,2,5,3,0,2,0,No,0
STU04085,8.18,80.67,79.22,2,6,4,2,1,0,No,1
STU04086,6.98,63.58,51.43,1,2,3,2,3,0,Yes,0
STU04087,6.06,60.65,50.88,2,6,5,1,5,0,Yes,0
STU04088,5.03,54.28,44.18,0,0,0,2,2,0,No,0
STU04089,6.49,53.28,61.42,1,1,1,2,3,0,No,0
STU04090,7.87,79.18,87.84,1,1,2,5,3,0,No,1
STU04091,9.62,89.11,90.73,1,1,1,4,3,0,Yes,1
STU04092,7.07,64.37,72.42,0,0,3,2,4,0,No,1
STU04093,6.12,57.37,51.95,0,0,1,1,2,0,No,0
STU04094,5.64,46.22,55.12,0,0,1,4,3,0,Yes,1
STU04095,7.63,74.02,74.33,0,0,1,2,1,1,No,1
STU04096,4.97,46.16,50.61,1,1,2,1,4,0,No,1
STU04097,7.63,68.28,79.04,0,0,2,0,3,1,No,1
STU04098,7.94,68.58,80.27,2,5,6,4,1,1,Yes,1
STU04099,7.5,80.93,63.18,1,1,3,3,3,0,No,1
STU04100,6.75,59.34,67.34,1,3,3,4,1,0,No,1
STU04101,7.65,90.3,76.76,0,0,1,2,2,0,Yes,0
STU04102,7.2,82.73,72.11,0,0,0,2,1,2,No,0
STU04103,6.11,51.85,53.77,1,2,0,4,4,0,Yes,1
STU04104,9.13,100.0,88.42,0,0,1,2,3,1,No,1
STU04105,6.6,67.05,66.23,3,10,3,3,2,0,No,1
STU04106,7.89,76.5,74.53,1,3,2,3,4,0,Yes,1
STU04107,4.22,35.0,45.17,0,0,0,3,0,1,Yes,1
STU04108,8.47,89.54,77.75,1,1,2,1,3,0,No,1
STU04109,8.69,86.91,87.18,2,3,4,2,2,0,Yes,1
STU04110,7.03,71.03,66.95,2,4,4,0,3,0,No,1
STU04111,7.64,76.02,70.61,2,5,5,1,3,0,No,1
STU04112,7.64,70.53,74.95,2,4,2,2,1,2,No,1
STU04113,6.26,54.21,50.36,0,0,2,0,0,0,Yes,0
STU04114,7.63,81.39,71.89,1,3,0,1,1,0,No,1
STU04115,6.07,52.34,53.6,1,2,4,2,3,1,Yes,0
STU04116,6.3,55.12,55.89,2,4,4,1,4,0,No,0
STU04117,8.3,75.03,69.63,2,3,2,4,4,2,Yes,1
STU04118,8.12,83.15,81.82,1,2,2,1,2,2,No,1
STU04119,6.19,49.19,51.05,0,0,3,1,0,0,Yes,0
STU04120,6.16,61.02,50.02,1,2,3,4,3,0,Yes,1
STU04121,6.26,52.33,46.98,2,5,5,0,5,0,Yes,1
STU04122,7.84,78.0,76.5,1,3,1,0,2,0,No,1
STU04123,5.85,65.27,46.15,0,0,1,2,1,0,Yes,0
STU04124,7.41,72.22,78.71,1,1,3,0,1,0,No,0
STU04125,7.86,77.3,66.44,2,6,7,3,0,0,Yes,0
STU04126,6.9,69.74,57.44,3,7,1,3,2,0,Yes,0
STU04127,8.16,72.25,73.78,1,1,2,7,2,0,Yes,1
STU04128,6.65,69.77,60.82,2,6,1,3,3,0,No,0
STU04129,6.75,69.87,67.95,0,0,1,3,3,0,Yes,1
STU04130,5.88,55.7,52.57,0,0,0,1,2,0,No,0
STU04131,8.17,62.77,73.46,0,0,2,2,4,0,Yes,1
STU04132,6.12,53.47,49.45,1,3,4,4,1,1,Yes,1
STU04133,7.4,66.33,66.11,2,5,1,4,1,0,Yes,1
STU04134,6.92,73.23,66.53,2,3,3,1,4,1,Yes,1
STU04135,5.79,57.98,45.97,1,1,2,0,2,0,No,1
STU04136,6.3,59.6,45.8,1,2,2,1,1,1,No,0
STU04137,8.59,78.94,86.66,2,6,1,0,1,0,No,1
STU04138,7.23,80.41,76.02,2,4,3,1,1,0,Yes,1
STU04139,5.84,50.6,48.1,2,3,5,2,1,0,No,0
STU04140,7.35,84.06,70.95,1,2,2,2,3,0,Yes,1
STU04141,6.83,66.78,53.15,2,3,2,3,5,1,Yes,1
STU04142,10.0,92.93,74.54,1,2,1,2,2,0,Yes,1
STU04143,7.33,70.14,58.81,1,2,2,3,2,0,No,0
STU04144,6.56,69.37,57.66,3,12,5,2,0,0,No,1
STU04145,8.63,90.06,81.56,1,3,2,4,1,0,Yes,1
STU04146,4.88,55.13,46.75,1,3,1,0,2,2,No,0
STU04147,7.11,70.65,65.4,0,0,2,2,1,0,No,0
STU04148,9.29,88.66,91.87,1,2,3,4,0,0,Yes,0
STU04149,6.87,69.26,67.92,0,0,1,3,0,0,No,1
STU04150,5.01,55.56,41.97,0,0,0,2,4,2,No,0
STU04151,6.54,66.77,51.65,3,12,5,1,3,0,No,1
STU04152,8.67,87.46,72.14,2,3,3,3,2,0,No,1
STU04153,7.43,63.23,79.97,3,10,7,3,3,0,Yes,1
STU04154,6.04,58.93,45.41,0,0,0,1,1,0,Yes,1
STU04155,6.21,47.53,44.18,1,3,5,4,1,0,Yes,1
STU04156,6.36,58.23,55.8,0,0,2,8,5,0,Yes,0
STU04157,7.42,73.44,62.21,1,1,1,1,1,0,No,1
STU04158,8.54,77.37,83.65,0,0,1,0,3,0,No,1
STU04159,8.21,85.62,78.36,1,1,4,1,3,0,No,0
STU04160,7.52,88.66,78.28,0,0,2,3,2,0,No,1
STU04161,5.47,47.37,51.27,0,0,3,2,1,0,No,1
STU04162,5.47,53.88,52.9,1,2,3,2,3,1,No,0
STU04163,7.61,91.07,75.17,0,0,2,3,1,0,No,0
STU04164,5.45,54.32,40.99,2,3,3,2,1,0,No,0
STU04165,6.74,59.8,54.45,0,0,1,2,2,0,Yes,1
STU04166,7.35,74.63,67.02,1,3,3,2,2,2,No,0
STU04167,5.69,53.72,59.8,0,0,0,1,0,1,Yes,0
STU04168,5.82,60.61,47.52,0,0,2,2,2,0,No,0
STU04169,6.89,73.39,64.07,0,0,2,0,1,0,No,0
STU04170,7.58,59.88,82.61,3,11,4,2,2,0,Yes,1
STU04171,8.22,78.34,82.0,2,5,4,0,4,0,No,1
STU04172,7.7,77.7,70.63,2,5,7,5,5,0,Yes,1
STU04173,7.08,63.14,70.61,0,0,1,1,2,0,Yes,0
STU04174,6.14,35.0,49.76,1,1,4,1,1,0,Yes,0
STU04175,5.77,47.15,50.24,2,3,2,1,3,0,Yes,1
STU04176,6.41,58.8,58.89,0,0,1,2,2,0,Yes,0
STU04177,7.47,71.82,69.01,0,0,1,1,3,0,No,0
STU04178,7.39,67.78,71.88,1,3,4,2,4,0,Yes,0
STU04179,4.59,46.07,52.42,2,5,4,0,1,1,No,0
STU04180,6.1,56.84,48.03,0,0,3,0,2,0,No,0
STU04181,8.39,82.05,89.76,0,0,2,3,1,0,No,1
STU04182,7.09,77.58,62.81,1,3,3,1,2,1,Yes,1
STU04183,5.37,48.95,56.42,0,0,2,1,2,0,Yes,0
STU04184,9.71,84.33,81.42,0,0,2,5,3,0,Yes,1
STU04185,6.97,60.59,61.97,0,0,1,2,2,0,No,0
STU04186,7.44,73.24,80.56,1,2,0,1,2,0,Yes,0
STU04187,7.46,81.49,81.12,0,0,1,2,1,0,No,0
STU04188,6.58,56.21,63.07,1,2,2,1,2,0,No,0
STU04189,6.16,59.17,46.1,1,1,4,1,1,0,Yes,0
STU04190,9.44,89.8,86.73,1,2,3,4,1,1,Yes,1
STU04191,8.15,94.86,79.9,1,1,4,2,2,0,Yes,1
STU04192,7.95,83.31,72.84,1,2,1,1,4,0,No,1
STU04193,7.66,73.49,78.86,1,3,3,3,3,0,No,1
STU04194,5.85,56.66,44.58,0,0,2,3,2,0,Yes,0
STU04195,8.47,90.06,74.7,2,5,1,0,4,0,No,1
STU04196,6.03,51.64,41.29,1,1,5,2,3,0,No,0
STU04197,7.33,65.89,80.15,1,3,3,1,3,0,Yes,1
STU04198,5.11,50.57,41.29,1,2,5,0,3,2,No,0
STU04199,4.65,46.31,39.99,0,0,3,1,2,0,Yes,0
STU04200,7.37,64.33,64.25,2,6,0,3,2,3,Yes,0
STU04201,6.07,55.99,59.67,0,0,0,3,2,0,No,0
STU04202,4.71,42.21,35.0,1,2,1,1,3,0,No,1
STU04203,7.62,67.94,66.81,2,4,2,0,3,0,No,0
STU04204,9.44,87.11,84.29,1,3,4,2,5,0,Yes,1
STU04205,8.6,93.9,83.07,0,0,3,3,2,0,Yes,1
STU04206,6.7,70.31,64.01,3,10,1,4,1,0,Yes,1
STU04207,7.01,73.7,60.97,1,2,6,0,5,0,No,1
STU04208,8.02,83.34,87.99,0,0,1,6,3,1,Yes,0
STU04209,8.29,87.66,77.08,1,2,3,3,2,0,Yes,1
STU04210,6.6,62.16,52.52,0,0,4,1,2,0,Yes,0
STU04211,7.04,61.9,58.91,1,1,2,2,3,0,No,1
STU04212,7.35,67.7,65.49,1,2,2,4,2,0,Yes,0
STU04213,7.64,73.64,67.27,2,3,0,1,1,0,Yes,0
STU04214,6.85,73.79,66.89,0,0,0,1,1,0,Yes,0
STU04215,6.86,72.07,56.6,1,2,2,0,2,0,Yes,1
STU04216,8.59,79.63,82.32,1,3,2,2,3,0,Yes,1
STU04217,8.39,85.22,75.72,3,11,7,4,2,0,Yes,1
STU04218,7.55,73.7,66.07,0,0,1,3,2,0,Yes,1
STU04219,8.98,87.05,91.62,0,0,0,2,3,0,No,1
STU04220,6.56,57.62,67.45,2,3,8,0,3,0,No,0
STU04221,8.87,96.03,92.21,3,6,3,2,3,2,Yes,1
STU04222,7.62,76.95,65.24,2,4,1,2,2,0,Yes,1
STU04223,10.0,91.19,78.9,0,0,0,3,1,0,Yes,0
STU04224,5.63,51.68,59.2,3,7,6,3,0,0,Yes,0
STU04225,6.21,49.93,51.57,1,3,1,1,2,1,Yes,0
STU04226,7.48,75.77,63.87,0,0,3,4,2,0,Yes,1
STU04227,7.46,81.13,78.25,2,4,6,1,3,0,No,1
STU04228,9.24,97.65,86.22,1,3,3,4,1,0,Yes,1
STU04229,6.23,49.52,56.83,0,0,0,1,1,0,Yes,0
STU04230,8.04,72.81,65.5,2,4,3,2,1,1,Yes,1
STU04231,8.34,84.88,79.55,2,6,2,5,5,1,Yes,1
STU04232,7.81,86.06,82.09,2,5,2,4,2,0,Yes,1
STU04233,5.89,54.91,45.91,0,0,0,0,2,0,No,0
STU04234,8.62,90.4,90.73,0,0,1,2,1,1,No,0
STU04235,8.41,76.89,74.15,2,5,1,2,3,0,Yes,1
STU04236,7.69,74.59,74.34,2,6,4,2,3,1,No,1
STU04237,7.23,58.33,78.37,2,5,7,0,1,0,No,1
STU04238,7.26,71.04,61.99,1,3,2,2,2,0,No,0
STU04239,6.91,53.39,65.0,0,0,1,1,2,3,No,0
STU04240,7.74,86.58,79.1,1,1,5,0,2,0,No,1
STU04241,7.04,77.81,66.03,0,0,2,1,2,0,No,0
STU04242,6.02,54.79,49.45,1,2,2,5,3,0,No,0
STU04243,5.79,42.64,43.46,1,1,1,0,3,0,No,0
STU04244,6.14,57.5,53.42,1,2,1,1,4,0,No,0
STU04245,7.26,82.97,68.2,1,3,7,0,2,0,No,1
STU04246,6.97,70.22,55.75,0,0,0,3,5,0,Yes,1
STU04247,7.25,78.83,75.32,2,3,6,1,1,1,Yes,1
STU04248,7.58,73.55,68.0,0,0,0,1,2,1,No,0
STU04249,6.28,51.76,45.52,0,0,1,2,4,0,No,1
STU04250,8.69,86.28,80.13,0,0,2,4,3,2,Yes,0
STU04251,6.69,51.29,54.49,1,1,2,2,2,0,Yes,1
STU04252,6.5,73.67,55.53,2,6,5,3,2,0,No,1
STU04253,7.55,77.03,65.74,2,5,4,2,2,0,Yes,0
STU04254,4.89,51.7,46.19,1,3,3,2,2,2,Yes,0
STU04255,6.09,51.95,60.0,1,1,2,0,3,1,No,0
STU04256,8.13,73.41,80.3,0,0,1,3,2,1,Yes,1
STU04257,5.0,55.44,35.22,1,1,1,1,4,0,No,1
STU04258,8.29,77.32,75.58,0,0,0,1,2,0,No,1
STU04259,8.74,89.08,85.32,0,0,3,0,2,0,No,1
STU04260,6.58,63.78,46.32,2,6,0,3,0,0,Yes,0
STU04261,7.34,73.46,62.62,1,2,2,2,1,1,Yes,1
STU04262,8.29,79.36,71.18,2,5,5,5,2,0,Yes,1
STU04263,6.46,58.58,57.17,1,2,1,1,3,0,Yes,0
STU04264,8.0,75.82,91.49,1,1,6,0,1,0,No,1
STU04265,6.23,61.21,45.79,1,1,4,1,1,0,No,1
STU04266,6.45,62.75,61.22,2,5,6,2,2,0,Yes,0
STU04267,6.08,54.46,48.2,0,0,3,3,3,0,Yes,0
STU04268,7.39,70.44,62.93,0,0,1,2,2,2,No,0
STU04269,8.33,97.11,90.85,1,2,3,1,2,0,No,1
STU04270,6.79,56.67,74.44,1,2,3,0,2,0,No,1
STU04271,5.54,40.46,49.2,1,2,4,3,2,0,Yes,0
STU04272,5.75,50.89,50.56,2,3,2,1,3,0,No,1
STU04273,7.45,73.16,72.09,2,4,2,0,2,0,No,1
STU04274,9.12,95.07,84.59,0,0,2,1,1,1,No,1
STU04275,7.45,78.58,73.74,1,1,4,1,2,0,No,1
STU04276,6.56,61.01,61.88,1,2,2,2,2,0,Yes,1
STU04277,7.88,83.25,87.23,1,1,5,0,4,0,No,1
STU04278,6.72,66.29,57.26,2,3,9,3,2,0,Yes,1
STU04279,6.56,73.58,58.72,0,0,0,3,1,0,No,0
STU04280,5.9,54.29,49.24,0,0,0,2,4,0,No,0
STU04281,8.62,82.24,89.47,1,2,3,2,2,1,No,1
STU04282,4.08,46.47,56.68,0,0,0,1,2,0,Yes,0
STU04283,7.92,65.0,84.06,0,0,5,3,2,0,Yes,1
STU04284,6.47,59.34,61.33,0,0,1,2,3,1,Yes,0
STU04285,6.53,67.02,62.91,3,7,4,3,2,0,No,1
STU04286,8.95,91.48,92.47,2,3,2,4,4,1,Yes,1
STU04287,6.18,57.56,67.25,1,1,7,2,4,0,Yes,1
STU04288,6.22,60.12,43.11,1,1,1,4,1,0,Yes,0
STU04289,6.85,72.05,66.03,0,0,2,0,1,0,No,1
STU04290,7.48,83.6,56.56,3,7,7,1,1,0,No,0
STU04291,6.49,62.64,62.66,0,0,0,4,1,0,Yes,0
STU04292,5.19,45.78,47.98,1,3,4,2,3,0,No,1
STU04293,6.0,39.88,47.48,1,1,0,1,2,0,No,1
STU04294,8.47,91.35,66.46,0,0,0,2,1,0,Yes,1
STU04295,7.09,72.34,66.16,1,1,0,0,1,0,No,1
STU04296,7.52,76.56,73.98,1,1,3,0,2,0,Yes,1
STU04297,6.7,58.84,59.59,1,2,0,3,1,0,No,1
STU04298,6.24,62.33,49.81,1,2,5,1,1,1,Yes,0
STU04299,8.93,86.27,79.43,0,0,1,3,3,3,No,1
STU04300,6.78,64.18,61.08,2,5,3,1,4,0,No,1
STU04301,6.49,59.58,52.1,1,1,2,1,2,0,Yes,1
STU04302,8.26,86.57,85.73,2,6,3,2,3,0,No,1
STU04303,6.17,48.79,52.21,0,0,0,3,2,0,Yes,0
STU04304,6.32,60.81,44.09,1,2,1,1,3,0,No,0
STU04305,7.01,63.73,66.12,1,1,4,0,3,1,No,0
STU04306,7.0,63.73,67.33,0,0,0,3,3,2,Yes,0
STU04307,7.3,77.82,79.21,0,0,2,3,0,0,No,1
STU04308,9.41,83.2,91.73,1,2,3,6,0,0,Yes,1
STU04309,7.39,79.04,65.35,2,3,5,1,2,0,No,1
STU04310,4.27,46.01,50.96,0,0,1,2,2,0,Yes,0
STU04311,7.38,63.67,62.25,2,3,0,1,0,0,No,1
STU04312,7.04,76.8,65.78,2,6,6,5,2,0,Yes,1
STU04313,7.05,70.56,70.22,2,3,6,3,2,0,Yes,1
STU04314,7.28,74.62,78.01,0,0,0,1,2,0,No,1
STU04315,6.97,73.38,75.67,1,1,1,0,1,0,No,1
STU04316,6.94,75.9,71.55,3,11,3,1,1,0,Yes,1
STU04317,7.71,79.4,74.37,0,0,1,2,2,0,Yes,1
STU04318,6.38,62.01,58.79,0,0,2,4,2,0,Yes,0
STU04319,5.91,55.09,51.21,1,2,1,0,5,0,Yes,1
STU04320,10.0,87.83,82.64,0,0,1,1,1,0,No,0
STU04321,6.18,46.25,52.06,1,1,1,0,3,0,No,1
STU04322,7.12,70.99,77.48,2,5,1,5,0,0,Yes,1
STU04323,5.28,56.37,48.98,1,1,2,0,4,0,No,1
STU04324,7.13,73.48,79.34,2,6,4,1,3,1,No,1
STU04325,5.93,46.61,43.52,1,2,2,2,2,0,Yes,0
STU04326,6.49,66.52,54.65,1,1,4,0,2,1,Yes,0
STU04327,8.2,81.44,82.79,0,0,1,0,4,2,No,1
STU04328,7.54,63.48,77.49,1,2,3,2,3,0,Yes,0
STU04329,7.65,83.65,73.85,2,6,4,2,3,2,No,1
STU04330,4.96,41.08,48.55,0,0,1,1,2,0,No,0
STU04331,9.11,99.12,90.19,2,5,5,5,2,0,Yes,1
STU04332,5.63,57.23,39.01,1,1,3,1,3,0,No,1
STU04333,8.76,85.71,88.6,2,6,4,2,0,0,No,1
STU04334,8.17,85.82,86.51,1,1,7,0,3,0,No,1
STU04335,7.66,92.24,76.47,2,5,2,5,2,0,Yes,1
STU04336,6.02,59.87,39.83,0,0,0,2,0,0,Yes,1
STU04337,7.17,72.0,65.91,1,2,2,0,4,0,No,0
STU04338,6.46,76.74,59.04,0,0,4,0,2,0,No,1
STU04339,7.03,69.13,60.23,0,0,1,1,3,0,No,0
STU04340,6.71,66.68,65.7,0,0,2,2,2,0,No,0
STU04341,4.66,40.32,47.31,1,3,2,3,3,0,Yes,0
STU04342,8.29,74.04,81.89,1,3,3,1,3,0,No,1
STU04343,6.91,64.62,63.45,0,0,5,1,2,2,Yes,1
STU04344,6.44,59.45,57.37,0,0,1,0,2,0,No,0
STU04345,6.36,59.98,54.98,3,11,6,1,4,0,Yes,1
STU04346,7.41,65.58,63.39,0,0,3,3,4,0,Yes,1
STU04347,5.97,57.44,47.9,0,0,4,3,1,0,No,0
STU04348,4.41,40.56,42.98,2,6,3,3,2,0,Yes,1
STU04349,7.47,78.58,80.44,1,2,2,2,1,0,Yes,0
STU04350,7.6,82.3,77.84,0,0,2,1,3,0,Yes,1
STU04351,6.77,61.79,69.99,0,0,0,4,3,0,Yes,0
STU04352,5.68,44.94,39.3,2,5,4,1,2,0,No,0
STU04353,7.1,78.75,64.35,1,1,2,2,2,0,No,1
STU04354,5.32,53.53,57.74,0,0,3,0,3,0,No,0
STU04355,5.82,52.9,44.53,1,3,4,0,2,0,No,1
STU04356,6.14,64.08,47.69,0,0,0,3,0,0,Yes,0
STU04357,7.97,81.73,76.6,0,0,1,2,4,0,No,1
STU04358,6.58,57.52,70.35,2,4,5,3,2,0,Yes,0
STU04359,6.48,53.84,52.82,2,4,5,2,1,0,No,1
STU04360,9.25,88.18,89.17,2,5,3,1,2,0,No,1
STU04361,7.41,78.65,73.37,1,2,3,4,1,0,Yes,1
STU04362,7.39,82.14,59.23,1,2,3,6,1,1,Yes,1
STU04363,6.57,61.26,58.02,0,0,3,4,2,0,Yes,1
STU04364,6.31,64.69,51.09,1,3,2,5,3,0,Yes,1
STU04365,4.49,44.36,46.72,1,1,2,0,3,0,Yes,0
STU04366,8.11,77.84,89.96,2,6,2,2,5,0,Yes,1
STU04367,7.52,67.76,70.53,1,3,0,4,2,0,Yes,1
STU04368,6.79,61.55,59.52,0,0,1,5,0,0,Yes,0
STU04369,6.84,57.72,77.43,1,1,2,2,2,0,Yes,1
STU04370,7.85,91.88,72.55,2,4,3,3,2,0,No,1
STU04371,5.21,50.43,36.73,1,3,4,5,1,1,Yes,0
STU04372,6.32,56.93,62.77,1,1,2,0,3,1,Yes,0
STU04373,5.69,61.19,47.55,0,0,1,2,2,1,No,0
STU04374,9.04,80.38,86.9,1,1,0,3,5,1,Yes,1
STU04375,8.01,80.8,92.01,1,3,1,2,2,0,No,0
STU04376,4.47,57.61,35.0,0,0,4,2,1,0,Yes,0
STU04377,5.26,47.14,43.83,2,4,1,3,2,0,Yes,1
STU04378,6.85,80.08,54.98,3,10,6,0,2,0,No,1
STU04379,6.46,64.09,58.38,0,0,1,2,2,0,Yes,0
STU04380,5.48,57.14,42.99,1,2,4,2,2,0,Yes,1
STU04381,9.24,96.81,78.76,0,0,3,3,2,3,Yes,1
STU04382,7.36,73.36,74.74,0,0,2,1,1,0,No,0
STU04383,7.55,73.15,73.14,1,3,0,3,2,0,Yes,1
STU04384,6.2,55.38,45.56,0,0,5,2,3,0,No,1
STU04385,7.83,73.71,69.49,1,1,1,4,1,0,Yes,1
STU04386,6.56,60.54,59.18,1,1,2,4,2,0,Yes,1
STU04387,6.67,62.57,49.58,1,2,5,0,2,0,Yes,1
STU04388,7.7,88.31,76.54,0,0,2,0,2,0,No,0
STU04389,5.13,50.97,52.45,2,3,6,5,1,1,Yes,0
STU04390,8.84,100.0,88.46,3,8,3,3,2,0,Yes,1
STU04391,7.21,58.15,64.37,0,0,0,4,2,0,Yes,1
STU04392,8.47,78.17,84.12,2,5,6,2,1,0,No,1
STU04393,5.76,49.32,40.94,2,3,3,1,1,1,Yes,0
STU04394,5.94,62.07,50.93,0,0,2,0,1,0,Yes,0
STU04395,5.66,49.94,45.64,1,3,0,3,3,0,Yes,1
STU04396,7.29,63.54,63.11,0,0,1,1,2,0,Yes,1
STU04397,7.08,67.61,69.82,1,3,0,1,1,1,Yes,0
STU04398,6.47,52.33,44.65,0,0,4,0,0,0,Yes,0
STU04399,5.83,43.76,42.01,0,0,2,3,1,1,No,0
STU04400,5.54,61.75,40.37,1,3,3,0,3,0,Yes,0
STU04401,6.94,64.88,60.96,0,0,0,3,4,0,No,0
STU04402,6.46,60.54,64.3,0,0,0,2,3,0,Yes,1
STU04403,6.21,55.59,57.67,2,4,8,2,3,0,Yes,1
STU04404,8.78,85.67,84.81,1,3,2,1,2,1,No,0
STU04405,6.91,61.29,63.68,2,3,6,0,2,0,No,1
STU04406,8.46,83.5,82.29,0,0,1,5,1,0,Yes,1
STU04407,6.39,60.51,63.72,1,1,2,2,1,0,Yes,1
STU04408,7.28,80.75,58.34,0,0,2,3,5,0,No,0
STU04409,6.94,72.52,68.46,1,3,2,2,2,0,No,0
STU04410,5.05,39.76,41.02,1,1,7,1,1,0,Yes,0
STU04411,8.64,92.4,86.49,0,0,2,1,3,1,Yes,1
STU04412,6.84,68.2,65.4,1,2,6,3,0,0,No,1
STU04413,7.86,76.19,81.33,1,3,1,3,3,0,Yes,0
STU04414,6.14,56.34,61.75,0,0,1,1,2,0,Yes,1
STU04415,6.81,68.33,53.67,0,0,1,1,1,0,Yes,1
STU04416,6.0,54.02,56.77,0,0,2,2,1,0,No,0
STU04417,8.42,88.0,81.73,2,6,7,0,3,0,No,1
STU04418,7.36,68.14,67.55,3,10,6,2,2,1,No,1
STU04419,7.42,86.2,83.44,0,0,1,3,1,0,No,1
STU04420,8.56,74.41,87.2,0,0,1,7,3,0,Yes,1
STU04421,8.33,87.92,78.95,0,0,1,0,4,0,No,1
STU04422,7.88,82.44,82.98,1,1,4,1,2,0,Yes,1
STU04423,5.37,52.44,45.31,0,0,0,4,3,2,No,1
STU04424,6.2,51.76,50.42,3,11,2,3,0,1,Yes,1
STU04425,5.85,59.25,45.59,0,0,1,2,0,1,No,0
STU04426,7.84,79.05,78.53,1,3,0,3,1,0,Yes,0
STU04427,7.2,63.78,64.21,0,0,4,2,1,1,Yes,0
STU04428,5.4,42.24,46.74,1,3,4,1,1,0,Yes,0
STU04429,6.78,65.11,66.69,0,0,2,5,4,0,Yes,1
STU04430,5.28,38.53,45.78,0,0,1,2,4,0,No,1
STU04431,6.94,77.69,75.75,2,4,1,2,2,0,No,1
STU04432,5.1,53.55,44.33,1,2,4,3,4,0,Yes,1
STU04433,7.61,87.81,81.94,1,1,0,1,3,0,No,0
STU04434,7.43,84.73,77.26,1,3,4,0,4,0,No,0
STU04435,9.19,86.58,94.84,0,0,4,2,5,0,No,1
STU04436,7.98,76.08,90.12,3,6,9,1,2,0,No,1
STU04437,6.51,44.17,46.67,0,0,0,2,1,0,No,1
STU04438,7.94,78.48,79.51,1,3,5,4,3,0,No,1
STU04439,5.39,59.36,45.09,2,4,3,3,4,0,No,0
STU04440,5.89,47.75,50.39,1,3,1,1,2,0,No,0
STU04441,7.38,72.44,68.32,1,1,2,0,1,1,No,0
STU04442,4.52,42.35,39.42,0,0,2,0,5,0,No,0
STU04443,6.96,69.46,57.61,0,0,0,2,1,0,No,0
STU04444,5.83,59.78,49.65,0,0,1,2,3,0,No,1
STU04445,7.12,60.5,72.34,1,3,1,3,2,0,No,0
STU04446,5.76,43.34,45.47,2,4,0,3,1,0,Yes,0
STU04447,7.49,84.15,70.26,2,3,12,3,4,1,Yes,1
STU04448,7.02,72.67,61.08,0,0,1,3,5,1,Yes,0
STU04449,8.61,84.71,77.3,0,0,3,0,3,0,No,0
STU04450,7.01,78.21,63.55,0,0,3,1,2,0,No,1
STU04451,6.12,46.81,54.06,2,5,3,0,1,0,No,1
STU04452,6.72,68.82,67.77,0,0,1,2,2,0,Yes,0
STU04453,5.45,48.75,39.01,1,2,6,2,1,1,No,1
STU04454,7.47,78.56,71.74,3,10,3,3,2,0,No,1
STU04455,7.68,63.57,81.96,3,6,4,2,2,1,No,1
STU04456,9.84,88.11,79.6,0,0,1,3,1,0,Yes,1
STU04457,6.28,61.5,61.68,3,12,5,2,1,0,Yes,1
STU04458,6.69,62.47,57.21,0,0,2,0,4,0,No,1
STU04459,6.34,65.28,59.02,2,6,2,3,2,0,Yes,1
STU04460,7.24,79.01,67.37,0,0,2,1,2,0,No,0
STU04461,7.44,68.72,74.23,0,0,2,1,2,0,No,0
STU04462,6.94,71.82,73.53,2,4,1,3,3,0,Yes,1
STU04463,8.25,77.8,80.03,1,3,1,0,2,0,No,1
STU04464,6.29,57.48,60.14,3,6,3,6,1,0,Yes,1
STU04465,8.13,86.64,81.35,0,0,1,3,1,0,No,0
STU04466,7.62,71.99,69.29,0,0,0,1,0,0,No,1
STU04467,6.99,72.33,63.73,1,2,0,1,2,2,No,1
STU04468,6.64,59.05,57.83,2,4,3,0,2,0,Yes,0
STU04469,9.79,86.15,78.16,0,0,3,1,1,0,No,1
STU04470,6.06,58.58,54.1,1,2,5,4,0,0,Yes,0
STU04471,7.34,68.08,74.04,0,0,3,2,2,0,No,1
STU04472,6.14,49.95,57.15,0,0,1,0,2,0,No,0
STU04473,9.05,94.52,93.85,0,0,3,0,2,0,No,1
STU04474,8.02,82.37,84.44,0,0,2,3,3,0,Yes,0
STU04475,6.22,47.51,49.62,0,0,2,3,3,0,Yes,0
STU04476,7.59,81.75,71.28,1,2,1,4,3,1,Yes,1
STU04477,7.3,70.05,74.52,1,2,3,4,1,0,No,1
STU04478,6.41,50.32,58.08,0,0,2,1,2,1,No,0
STU04479,7.87,65.06,77.0,1,1,2,3,2,1,Yes,1
STU04480,7.45,80.03,66.36,2,5,3,0,1,1,No,1
STU04481,7.25,66.57,65.54,2,5,7,1,2,0,Yes,1
STU04482,6.95,59.64,67.6,1,3,7,1,2,0,No,0
STU04483,7.5,79.18,60.64,1,1,2,3,1,0,Yes,1
STU04484,7.26,76.77,54.9,0,0,0,2,2,0,No,0
STU04485,7.07,64.24,70.12,1,1,0,1,3,0,Yes,1
STU04486,6.26,62.27,50.6,2,5,2,2,1,0,Yes,1
STU04487,8.95,100.0,87.68,1,2,1,2,5,2,No,1
STU04488,5.79,59.77,58.15,2,4,4,2,1,0,No,1
STU04489,7.49,82.45,66.22,1,3,0,0,1,0,No,0
STU04490,6.63,63.87,48.97,1,3,6,3,3,0,Yes,1
STU04491,9.02,85.49,83.49,2,3,2,0,1,0,No,1
STU04492,5.96,53.02,46.24,2,3,3,0,3,1,No,0
STU04493,6.15,58.13,52.33,0,0,2,1,2,0,No,0
STU04494,5.88,45.08,52.85,1,2,5,1,3,0,No,0
STU04495,7.37,68.9,72.48,2,3,4,1,3,0,Yes,1
STU04496,5.42,40.38,46.22,1,2,3,0,2,0,No,1
STU04497,6.45,60.7,62.64,2,3,7,0,1,0,Yes,1
STU04498,4.52,46.2,46.73,0,0,1,2,2,0,No,0
STU04499,7.28,68.23,68.06,2,6,4,1,1,0,No,1
STU04500,6.42,63.89,59.78,1,2,1,1,1,2,No,0
STU04501,5.29,41.86,35.86,0,0,1,1,3,2,No,0
STU04502,8.25,79.61,87.13,0,0,1,3,2,0,No,0
STU04503,5.5,54.15,46.6,1,3,2,1,1,0,No,0
STU04504,7.92,86.28,70.5,0,0,0,1,2,0,No,0
STU04505,6.19,51.15,50.43,0,0,1,2,3,0,Yes,0
STU04506,8.84,88.86,90.7,0,0,0,4,4,0,Yes,1
STU04507,7.86,75.33,72.39,0,0,3,2,1,0,Yes,1
STU04508,5.84,51.01,51.65,0,0,2,1,3,0,Yes,0
STU04509,5.95,54.04,55.45,1,3,0,1,2,0,Yes,0
STU04510,7.7,81.46,75.24,1,2,5,3,0,0,No,1
STU04511,6.7,64.85,54.76,1,3,1,4,2,0,Yes,1
STU04512,6.81,66.44,61.41,1,1,2,3,1,0,Yes,0
STU04513,8.46,78.91,73.93,0,0,0,3,3,0,Yes,1
STU04514,6.14,57.64,49.38,2,4,8,2,2,0,Yes,1
STU04515,7.1,72.83,59.88,3,11,1,8,3,1,Yes,1
STU04516,8.1,86.51,79.1,2,6,6,0,3,0,No,1
STU04517,7.93,76.5,70.2,0,0,1,2,2,2,No,0
STU04518,6.82,70.48,62.49,2,6,2,1,1,0,No,1
STU04519,6.67,54.6,66.3,1,1,2,2,1,0,No,0
STU04520,5.0,44.29,51.05,1,1,0,1,1,1,No,0
STU04521,5.79,49.99,41.17,3,6,3,0,2,0,No,0
STU04522,7.37,65.86,66.44,0,0,2,2,2,0,Yes,0
STU04523,6.84,63.57,67.43,1,3,2,2,4,0,Yes,1
STU04524,7.09,70.58,70.48,0,0,1,0,2,1,Yes,1
STU04525,8.2,72.3,76.56,0,0,2,0,2,0,Yes,0
STU04526,5.63,48.02,44.47,2,6,3,3,1,0,Yes,1
STU04527,6.73,52.98,60.96,1,2,3,0,2,1,No,0
STU04528,7.22,83.5,57.25,1,2,4,2,3,0,Yes,1
STU04529,6.19,57.16,56.04,0,0,4,2,1,0,Yes,0
STU04530,8.65,87.26,90.0,2,6,5,4,2,0,Yes,1
STU04531,8.04,83.35,76.63,1,3,3,2,2,0,No,1
STU04532,7.33,76.62,61.48,0,0,2,2,2,0,Yes,1
STU04533,9.06,94.16,93.77,0,0,1,3,2,0,Yes,0
STU04534,5.28,38.69,46.39,0,0,1,1,4,0,No,0
STU04535,6.99,75.56,68.95,2,4,2,5,3,2,Yes,1
STU04536,7.42,81.7,63.3,0,0,2,2,2,0,No,0
STU04537,5.95,52.81,42.31,0,0,4,2,1,0,No,1
STU04538,7.35,72.42,72.62,0,0,2,1,1,0,No,1
STU04539,5.73,35.0,54.31,0,0,1,4,3,0,Yes,0
STU04540,7.79,71.78,69.46,1,1,5,4,1,0,Yes,1
STU04541,8.22,86.55,79.83,3,10,5,0,2,0,No,1
STU04542,7.31,79.88,60.15,2,3,4,1,4,0,Yes,1
STU04543,4.87,50.79,39.21,2,6,2,3,4,0,Yes,0
STU04544,5.89,52.2,48.12,1,1,3,5,2,0,Yes,1
STU04545,7.65,89.03,77.41,3,6,5,2,3,0,No,1
STU04546,7.02,74.34,52.67,0,0,2,1,1,0,No,1
STU04547,4.0,42.76,50.04,0,0,0,3,3,0,Yes,1
STU04548,8.43,98.27,81.15,2,5,4,2,0,0,No,1
STU04549,7.16,63.74,75.09,2,4,2,1,2,0,Yes,1
STU04550,6.06,45.49,55.51,0,0,1,0,2,0,No,0
STU04551,8.14,80.26,84.9,0,0,2,2,1,0,No,1
STU04552,6.22,51.71,65.38,0,0,2,0,2,0,No,0
STU04553,6.21,53.92,48.42,1,2,5,2,3,0,No,1
STU04554,7.41,78.89,71.91,2,6,2,1,2,0,No,1
STU04555,9.05,88.04,79.29,0,0,2,0,2,0,No,1
STU04556,8.87,87.54,83.98,1,1,2,1,3,0,Yes,1
STU04557,7.41,74.47,75.44,0,0,0,4,1,0,No,1
STU04558,7.53,61.99,79.63,1,2,3,1,3,0,No,1
STU04559,7.91,71.52,75.32,1,1,1,2,1,0,Yes,1
STU04560,5.55,47.53,39.61,0,0,3,4,1,0,Yes,0
STU04561,7.74,73.58,76.08,0,0,0,0,3,0,No,1
STU04562,6.16,54.11,47.39,0,0,2,3,4,0,Yes,1
STU04563,7.37,81.86,66.97,1,3,3,3,2,1,No,1
STU04564,6.74,63.2,64.67,0,0,1,1,1,0,No,1
STU04565,7.58,68.53,76.38,1,1,2,1,2,0,No,1
STU04566,7.14,65.26,72.02,0,0,3,0,4,0,Yes,0
STU04567,4.0,55.38,40.1,2,4,4,6,2,0,Yes,0
STU04568,7.21,80.23,74.09,2,4,2,6,3,0,Yes,1
STU04569,7.74,82.19,75.7,1,2,1,1,3,0,Yes,0
STU04570,7.51,66.18,70.85,0,0,2,4,1,0,Yes,1
STU04571,6.88,67.76,56.33,0,0,3,3,1,0,Yes,0
STU04572,8.89,89.99,72.14,0,0,3,0,2,3,No,0
STU04573,7.36,73.47,60.93,0,0,1,2,2,0,No,1
STU04574,7.5,72.02,73.73,0,0,3,1,3,0,No,0
STU04575,8.2,81.11,74.84,1,3,2,1,2,0,No,1
STU04576,7.42,70.32,61.29,2,4,1,5,2,0,Yes,1
STU04577,5.97,46.55,47.9,0,0,1,5,5,0,Yes,1
STU04578,4.2,53.54,44.02,2,6,6,2,5,0,No,0
STU04579,6.45,64.62,58.82,1,3,2,4,0,0,Yes,0
STU04580,7.88,78.44,76.98,0,0,1,2,2,0,No,1
STU04581,6.59,63.51,58.04,0,0,2,2,2,0,Yes,1
STU04582,7.92,83.07,74.51,0,0,1,2,2,0,No,0
STU04583,7.17,84.58,71.32,1,3,1,0,1,0,No,0
STU04584,8.48,90.77,81.47,0,0,1,1,2,0,Yes,1
STU04585,6.66,67.42,58.95,1,1,2,1,1,0,Yes,1
STU04586,7.54,76.18,79.18,1,3,0,1,2,0,Yes,0
STU04587,7.58,73.92,78.28,1,2,3,0,4,1,No,1
STU04588,8.73,95.24,82.84,0,0,1,4,2,0,Yes,1
STU04589,5.04,50.94,42.07,2,4,4,2,3,1,Yes,0
STU04590,6.47,54.67,54.64,0,0,2,2,1,0,No,0
STU04591,7.98,84.03,66.18,1,2,3,4,5,1,Yes,1
STU04592,8.78,92.19,90.74,1,2,2,2,3,0,Yes,1
STU04593,7.28,59.57,65.03,2,4,4,2,2,0,Yes,1
STU04594,6.66,56.93,64.59,1,3,2,1,1,0,No,0
STU04595,7.87,82.26,77.34,2,5,1,4,2,0,Yes,0
STU04596,8.0,70.0,86.9,0,0,3,5,1,0,Yes,1
STU04597,6.59,50.69,61.46,1,2,2,0,2,0,No,1
STU04598,7.38,72.02,76.12,1,2,2,2,3,0,No,1
STU04599,8.36,87.59,78.09,2,4,1,1,3,0,No,1
STU04600,9.17,91.86,77.93,1,1,3,0,5,0,No,1
STU04601,7.85,89.38,77.77,1,3,4,2,2,0,Yes,1
STU04602,7.05,69.2,54.21,3,10,6,1,2,0,No,1
STU04603,6.94,64.63,61.06,1,2,3,4,5,0,Yes,0
STU04604,7.64,69.53,67.23,1,3,5,3,2,0,Yes,1
STU04605,6.87,63.39,57.66,1,1,2,0,3,0,No,1
STU04606,7.22,75.5,71.83,0,0,0,3,2,0,Yes,1
STU04607,5.78,56.14,51.8,0,0,3,2,3,0,No,0
STU04608,8.49,87.19,81.63,1,1,4,0,3,0,No,0
STU04609,5.69,54.08,49.72,0,0,4,1,2,2,No,1
STU04610,6.5,67.76,53.86,2,3,6,3,1,0,No,0
STU04611,7.11,70.1,81.2,1,3,1,1,0,2,No,1
STU04612,9.29,97.14,87.74,1,1,3,1,2,0,No,1
STU04613,6.51,55.88,53.7,0,0,2,3,4,1,Yes,0
STU04614,6.23,55.99,58.68,3,7,5,3,1,0,No,0
STU04615,6.37,55.28,62.61,3,11,6,2,1,0,Yes,1
STU04616,8.91,92.5,80.1,1,3,1,1,4,0,Yes,0
STU04617,4.0,39.03,35.0,0,0,2,1,3,0,Yes,0
STU04618,5.85,50.32,41.93,1,1,0,3,2,0,No,0
STU04619,10.0,78.73,82.87,0,0,3,0,2,0,Yes,1
STU04620,7.68,81.48,74.58,0,0,0,0,2,0,Yes,1
STU04621,5.73,58.63,38.37,0,0,1,2,2,0,Yes,0
STU04622,6.95,72.57,61.6,0,0,1,4,1,0,No,1
STU04623,7.08,73.98,64.85,3,12,4,2,0,0,Yes,1
STU04624,7.97,86.3,80.21,1,2,1,1,2,0,No,0
STU04625,9.12,92.66,89.13,1,1,6,2,1,0,Yes,1
STU04626,7.45,78.29,74.01,2,6,5,0,2,0,Yes,1
STU04627,6.38,62.43,66.11,0,0,3,1,3,0,Yes,1
STU04628,7.91,76.6,84.1,3,9,6,1,3,0,No,1
STU04629,6.2,54.77,54.31,1,3,2,3,2,0,Yes,1
STU04630,5.81,52.32,43.08,0,0,5,4,2,1,Yes,1
STU04631,4.98,44.78,39.74,1,1,2,4,2,1,No,0
STU04632,5.2,38.34,36.17,1,2,2,0,0,3,No,0
STU04633,5.97,46.03,51.36,1,3,3,3,3,0,Yes,1
STU04634,5.65,51.86,49.47,0,0,0,1,2,0,Yes,0
STU04635,7.36,78.8,75.72,1,2,5,1,1,0,No,0
STU04636,5.62,50.33,48.88,0,0,1,1,2,0,No,0
STU04637,4.0,61.71,48.45,2,5,2,5,2,0,Yes,0
STU04638,5.8,46.26,55.22,1,1,3,3,2,0,No,1
STU04639,6.46,62.05,50.22,1,3,4,3,2,2,Yes,0
STU04640,6.3,65.07,51.22,1,2,2,2,3,0,No,1
STU04641,8.75,93.43,83.97,3,7,8,2,1,2,No,1
STU04642,6.29,61.13,49.96,0,0,2,1,1,0,No,1
STU04643,8.01,88.09,77.21,1,3,5,1,2,0,No,1
STU04644,6.98,67.83,66.3,1,2,4,3,0,0,Yes,1
STU04645,6.95,77.08,63.36,1,2,4,2,1,0,No,1
STU04646,6.04,61.79,51.1,1,1,0,1,2,0,No,0
STU04647,6.93,61.65,58.11,3,9,6,0,0,0,No,1
STU04648,6.12,56.99,55.1,1,1,4,1,1,0,Yes,0
STU04649,7.2,61.58,70.47,2,3,7,1,2,0,No,1
STU04650,6.73,72.6,55.89,1,2,1,1,1,0,No,0
STU04651,5.91,54.24,42.13,1,3,2,1,1,0,Yes,1
STU04652,8.14,90.85,87.14,1,2,3,2,2,0,Yes,1
STU04653,7.49,74.63,82.77,1,3,0,5,2,2,Yes,1
STU04654,6.48,48.71,58.26,3,6,5,1,3,1,Yes,1
STU04655,7.17,86.27,65.27,1,3,5,1,0,3,No,1
STU04656,6.9,67.09,69.58,1,1,2,4,1,0,Yes,1
STU04657,6.0,47.73,53.56,1,3,4,1,2,0,No,1
STU04658,7.08,76.04,64.9,0,0,2,2,2,0,No,1
STU04659,6.29,69.32,59.91,0,0,1,3,3,2,Yes,0
STU04660,5.91,51.67,45.03,0,0,0,3,1,0,Yes,0
STU04661,5.13,46.83,40.29,1,1,4,2,1,3,No,0
STU04662,6.59,62.73,60.48,2,3,4,2,2,0,Yes,1
STU04663,7.65,70.86,75.21,0,0,0,1,2,0,Yes,1
STU04664,6.2,51.87,56.84,1,2,0,2,1,0,No,0
STU04665,9.9,100.0,93.87,2,4,0,1,3,0,Yes,1
STU04666,8.02,80.91,69.38,0,0,3,2,1,0,Yes,1
STU04667,8.5,80.61,82.87,0,0,0,3,0,0,Yes,1
STU04668,7.91,77.95,89.07,0,0,1,1,2,0,No,0
STU04669,9.13,94.96,81.94,1,2,0,5,1,0,Yes,1
STU04670,6.09,42.91,47.48,1,1,0,3,1,0,Yes,0
STU04671,4.06,46.8,35.0,0,0,1,2,1,0,No,0
STU04672,6.49,74.67,57.5,2,4,6,0,5,0,No,1
STU04673,7.64,89.57,77.87,1,2,2,0,2,0,No,1
STU04674,7.17,74.0,71.03,0,0,0,3,2,0,Yes,1
STU04675,7.32,80.64,63.52,2,3,7,3,2,0,No,1
STU04676,8.52,93.6,82.71,0,0,0,2,2,0,Yes,0
STU04677,7.44,73.73,72.81,1,1,2,1,2,1,No,0
STU04678,7.92,86.27,78.03,1,1,0,3,1,2,No,0
STU04679,5.92,63.69,43.39,0,0,2,0,1,0,No,0
STU04680,5.74,43.68,48.72,0,0,1,2,1,0,Yes,0
STU04681,8.86,90.99,79.64,2,6,5,0,2,0,No,1
STU04682,7.12,71.89,55.49,0,0,1,0,1,0,No,0
STU04683,6.28,57.68,58.14,3,12,4,2,1,0,No,1
STU04684,6.29,57.18,54.93,1,3,0,3,3,3,No,0
STU04685,6.25,58.08,57.24,1,2,2,2,2,1,Yes,1
STU04686,6.18,57.72,49.62,1,3,2,1,1,2,Yes,0
STU04687,5.52,56.34,50.39,3,6,6,0,5,0,Yes,1
STU04688,5.27,50.92,51.19,0,0,1,3,3,0,No,0
STU04689,6.78,63.19,71.78,0,0,3,2,1,0,Yes,0
STU04690,6.32,52.43,59.35,2,4,3,3,3,0,Yes,0
STU04691,8.27,81.14,83.28,0,0,3,3,5,0,No,1
STU04692,7.34,74.6,61.75,1,1,1,0,3,0,No,1
STU04693,7.31,68.34,68.94,2,3,2,2,1,1,No,1
STU04694,6.15,61.04,43.83,3,11,7,4,2,0,Yes,1
STU04695,6.86,68.18,57.68,2,5,3,0,2,0,No,1
STU04696,7.42,80.99,82.86,0,0,2,2,2,1,No,0
STU04697,7.82,75.72,70.42,1,3,3,2,2,0,No,1
STU04698,6.89,61.13,49.06,1,2,4,3,1,0,Yes,1
STU04699,8.24,90.48,85.55,0,0,2,3,3,2,No,1
STU04700,7.01,68.78,60.96,1,3,2,3,1,0,Yes,0
STU04701,7.91,79.41,82.24,2,4,9,1,1,0,No,1
STU04702,6.44,63.3,49.09,1,1,1,0,2,0,Yes,0
STU04703,4.92,50.55,41.03,1,3,1,0,5,1,No,0
STU04704,7.31,65.08,76.79,2,5,2,3,4,0,Yes,1
STU04705,7.83,87.98,68.74,0,0,4,1,1,0,No,1
STU04706,7.66,75.2,73.64,1,3,6,1,2,2,Yes,1
STU04707,7.49,85.4,73.95,1,3,4,0,2,0,No,0
STU04708,6.6,53.47,54.16,1,1,2,2,5,0,Yes,0
STU04709,6.07,56.4,52.94,1,3,3,3,2,1,No,0
STU04710,7.63,76.14,74.34,1,1,2,2,2,0,No,1
STU04711,7.49,63.42,75.48,0,0,2,2,4,0,No,0
STU04712,6.35,61.94,66.04,1,1,7,1,1,1,Yes,0
STU04713,8.28,72.45,97.05,3,11,6,2,1,0,No,1
STU04714,5.98,51.82,53.35,0,0,3,2,3,0,No,0
STU04715,6.33,64.25,53.96,1,3,3,2,1,0,Yes,1
STU04716,8.88,84.48,87.31,1,1,5,3,2,0,Yes,1
STU04717,8.0,76.12,77.15,1,1,4,4,2,0,Yes,1
STU04718,6.59,66.11,48.79,2,3,7,4,1,0,Yes,1
STU04719,7.33,71.44,69.66,2,3,1,3,3,0,Yes,1
STU04720,7.18,68.18,74.1,2,3,4,2,3,0,Yes,1
STU04721,4.0,52.77,35.0,1,1,3,0,3,0,No,0
STU04722,5.96,46.29,44.38,0,0,1,1,2,0,Yes,1
STU04723,6.94,64.17,60.44,1,3,3,3,1,1,Yes,1
STU04724,6.59,66.54,60.58,1,1,3,1,3,1,Yes,1
STU04725,7.28,64.88,83.54,0,0,1,3,3,0,No,1
STU04726,8.3,94.84,76.33,2,6,5,0,1,0,No,1
STU04727,6.63,60.67,59.52,2,6,2,1,3,2,No,0
STU04728,5.78,56.87,48.66,1,1,2,2,3,1,Yes,0
STU04729,7.37,78.78,68.73,1,3,3,1,3,2,No,1
STU04730,6.62,60.95,58.57,0,0,2,1,4,0,No,1
STU04731,6.82,62.19,59.27,3,12,7,0,4,0,No,1
STU04732,6.66,62.22,75.94,1,1,0,1,2,0,No,0
STU04733,9.58,93.7,90.92,0,0,3,0,2,0,No,1
STU04734,4.42,39.65,39.83,3,11,3,0,1,0,No,0
STU04735,6.55,53.58,64.91,2,6,5,4,2,0,No,0
STU04736,7.0,76.67,66.3,0,0,3,1,2,2,No,1
STU04737,6.1,50.45,52.21,1,3,2,2,3,0,Yes,1
STU04738,8.03,83.99,77.77,1,2,0,3,2,0,No,1
STU04739,7.94,79.65,76.36,2,3,3,4,3,0,Yes,1
STU04740,6.95,66.05,56.68,1,2,2,3,1,0,No,0
STU04741,6.69,71.37,49.75,1,3,3,1,2,0,Yes,1
STU04742,6.87,65.26,65.0,1,2,4,4,1,0,Yes,1
STU04743,6.88,63.74,61.73,3,10,5,4,1,0,Yes,1
STU04744,6.91,64.77,68.65,0,0,2,1,2,0,No,1
STU04745,6.78,61.37,56.06,1,1,0,3,1,0,Yes,0
STU04746,7.29,68.36,62.79,0,0,4,0,1,0,No,0
STU04747,7.87,77.06,81.72,0,0,1,1,4,0,No,0
STU04748,5.59,59.99,45.24,1,2,0,3,2,0,Yes,0
STU04749,5.79,55.96,53.82,1,1,4,0,4,2,No,1
STU04750,4.99,44.77,44.04,2,6,4,1,2,0,No,1
STU04751,8.0,87.4,89.78,1,3,4,2,2,0,No,1
STU04752,7.29,62.83,73.89,2,3,5,2,5,0,No,1
STU04753,7.58,84.77,75.98,1,3,3,1,5,0,No,0
STU04754,5.36,56.29,50.32,0,0,3,4,1,0,No,0
STU04755,9.05,100.0,83.63,1,1,1,2,0,0,Yes,1
STU04756,6.3,63.35,44.42,0,0,3,2,3,1,Yes,0
STU04757,7.19,73.47,70.01,1,3,3,0,1,0,No,0
STU04758,7.98,89.12,90.02,1,3,0,0,3,1,No,0
STU04759,5.86,48.66,35.67,0,0,1,3,2,0,No,0
STU04760,6.37,55.88,58.06,1,2,2,0,2,1,Yes,0
STU04761,7.21,70.66,58.83,1,2,6,0,2,0,No,1
STU04762,10.0,98.11,86.75,1,2,1,3,3,0,Yes,1
STU04763,7.35,68.01,70.62,0,0,1,2,3,0,Yes,0
STU04764,8.85,81.73,88.98,3,7,2,0,2,0,No,1
STU04765,8.39,86.29,83.13,2,5,3,4,2,0,No,1
STU04766,7.42,78.56,79.5,0,0,1,2,2,0,No,0
STU04767,5.86,48.17,56.39,1,2,4,0,1,0,Yes,1
STU04768,8.22,87.48,79.28,0,0,0,4,2,0,Yes,0
STU04769,5.28,56.29,51.64,3,8,5,1,2,0,No,1
STU04770,8.84,94.67,82.59,1,1,3,1,2,0,No,1
STU04771,7.23,73.53,65.51,1,2,3,0,1,1,No,1
STU04772,4.0,44.58,35.0,0,0,1,0,3,0,No,0
STU04773,6.61,72.02,66.48,0,0,0,2,3,0,Yes,1
STU04774,7.75,78.85,73.96,2,4,1,1,2,2,No,0
STU04775,6.73,69.08,45.91,1,2,3,0,4,0,No,0
STU04776,7.82,91.29,79.8,0,0,1,3,1,0,Yes,1
STU04777,6.02,58.94,48.33,1,3,2,2,1,2,Yes,0
STU04778,5.5,43.49,44.68,1,1,3,0,2,0,Yes,1
STU04779,6.92,59.05,62.08,0,0,2,1,2,0,No,0
STU04780,7.04,66.71,63.47,1,1,3,2,1,0,No,1
STU04781,6.6,65.74,74.85,0,0,2,2,2,0,No,0
STU04782,8.41,87.7,92.01,1,1,2,3,1,0,Yes,1
STU04783,6.02,67.17,55.12,3,9,4,1,2,0,No,1
STU04784,7.36,75.97,71.81,1,1,5,2,2,1,No,1
STU04785,7.08,67.15,72.89,2,5,1,2,2,0,No,0
STU04786,5.21,40.99,46.25,0,0,2,2,1,0,No,0
STU04787,5.48,56.45,51.27,2,4,4,1,1,0,Yes,1
STU04788,7.01,68.07,68.46,1,3,0,3,2,0,Yes,1
STU04789,9.28,79.87,86.67,0,0,3,3,1,1,No,0
STU04790,7.67,77.85,80.36,1,2,1,2,2,0,No,1
STU04791,5.02,40.97,41.42,0,0,2,2,1,0,Yes,0
STU04792,4.0,42.57,42.47,2,6,2,1,2,0,No,1
STU04793,7.84,79.82,70.9,2,5,5,1,3,0,No,1
STU04794,6.89,60.62,57.87,0,0,3,3,2,0,Yes,1
STU04795,8.31,81.39,66.14,1,2,1,2,3,0,Yes,1
STU04796,5.99,49.12,53.33,0,0,2,0,3,3,No,0
STU04797,7.4,69.66,75.36,0,0,0,2,1,0,No,0
STU04798,7.97,75.22,84.78,0,0,0,3,1,0,Yes,1
STU04799,6.49,56.96,50.24,1,3,4,3,2,0,No,0
STU04800,6.51,54.82,59.83,2,3,6,4,2,0,Yes,0
STU04801,7.03,71.88,65.36,2,4,5,3,2,0,No,0
STU04802,7.62,78.28,78.5,1,3,1,3,5,2,Yes,0
STU04803,6.98,74.73,60.66,0,0,0,0,3,0,No,0
STU04804,8.12,93.92,77.58,1,3,3,5,1,0,Yes,1
STU04805,6.47,63.66,47.28,0,0,0,3,3,0,Yes,0
STU04806,5.47,51.98,41.98,1,2,6,2,1,0,Yes,1
STU04807,9.27,93.34,85.92,1,3,3,0,1,1,No,0
STU04808,6.3,60.13,55.38,0,0,1,1,1,0,Yes,1
STU04809,6.35,58.14,44.73,0,0,2,3,3,0,Yes,0
STU04810,6.92,66.41,60.51,0,0,2,3,2,0,Yes,0
STU04811,7.08,62.97,67.06,0,0,0,4,2,2,Yes,0
STU04812,6.56,65.86,66.28,1,1,2,2,2,0,No,1
STU04813,6.98,67.33,59.45,0,0,1,2,5,1,Yes,0
STU04814,6.95,75.85,67.09,1,1,0,2,2,0,No,0
STU04815,7.2,76.44,64.58,1,2,0,1,1,0,No,0
STU04816,4.29,41.67,39.75,0,0,0,2,2,0,No,1
STU04817,9.16,96.07,80.33,0,0,3,3,1,0,Yes,1
STU04818,6.83,49.81,55.91,2,5,5,1,1,0,No,1
STU04819,7.67,89.34,71.91,1,3,4,5,4,0,Yes,1
STU04820,5.42,40.87,52.19,0,0,1,1,2,0,No,0
STU04821,6.46,62.38,51.88,1,2,2,1,4,0,No,0
STU04822,6.23,58.9,47.88,0,0,1,3,2,0,Yes,0
STU04823,8.69,93.47,84.98,1,3,2,1,1,0,No,1
STU04824,6.33,55.6,54.6,0,0,5,1,1,0,Yes,0
STU04825,7.87,67.23,76.69,0,0,0,1,2,0,Yes,1
STU04826,6.25,54.7,55.19,1,1,0,0,2,0,No,0
STU04827,6.48,58.44,50.7,1,3,3,1,2,0,Yes,1
STU04828,6.72,50.95,54.86,1,3,5,3,2,0,No,0
STU04829,8.48,85.78,88.42,2,5,5,1,2,1,No,1
STU04830,4.83,39.82,42.4,0,0,0,3,3,1,Yes,0
STU04831,5.49,53.29,49.98,1,2,4,1,2,0,No,0
STU04832,4.76,44.66,50.48,2,5,7,5,3,0,No,0
STU04833,5.75,63.09,53.4,1,3,1,2,1,0,Yes,1
STU04834,6.07,52.89,43.21,2,4,4,4,3,0,No,1
STU04835,5.14,50.06,43.78,1,1,4,0,1,0,Yes,0
STU04836,6.16,54.22,58.74,0,0,2,2,2,0,No,0
STU04837,4.68,36.24,46.11,2,5,1,3,3,1,Yes,0
STU04838,5.83,50.86,50.2,0,0,2,0,3,0,Yes,0
STU04839,8.38,89.34,71.98,1,3,3,0,2,0,No,0
STU04840,7.46,78.49,68.18,1,3,4,1,1,0,No,0
STU04841,7.22,69.47,68.64,1,2,0,2,4,0,No,1
STU04842,5.85,43.5,40.69,1,2,3,4,2,0,Yes,0
STU04843,5.23,51.78,49.67,1,3,3,2,1,0,No,0
STU04844,5.69,53.33,47.11,1,1,1,5,2,0,Yes,1
STU04845,6.95,72.13,52.19,1,1,2,2,2,1,Yes,1
STU04846,8.0,79.89,75.14,1,2,1,4,5,0,Yes,1
STU04847,8.04,71.79,77.18,0,0,1,2,4,1,Yes,1
STU04848,7.73,81.63,74.64,1,3,2,2,3,0,Yes,1
STU04849,6.15,55.39,60.96,3,12,3,3,2,0,Yes,1
STU04850,7.03,76.71,68.83,0,0,1,2,2,1,Yes,0
STU04851,6.63,62.14,50.78,0,0,2,2,2,0,Yes,0
STU04852,6.77,63.86,52.2,2,6,5,0,1,0,Yes,1
STU04853,9.34,91.56,84.45,1,3,3,2,5,0,No,1
STU04854,4.97,43.2,44.54,1,3,2,0,2,0,No,0
STU04855,6.73,59.64,66.46,1,1,7,3,2,0,Yes,1
STU04856,8.39,84.32,92.29,1,1,1,5,0,0,Yes,0
STU04857,5.31,42.76,55.99,0,0,0,2,1,0,No,0
STU04858,6.26,55.39,51.11,2,3,5,2,4,1,No,1
STU04859,6.39,70.19,61.16,1,1,6,1,2,1,No,1
STU04860,6.74,69.97,63.27,1,2,2,2,1,1,No,0
STU04861,5.16,49.44,38.04,1,2,3,2,3,1,No,1
STU04862,7.68,87.28,63.65,2,6,6,1,3,1,Yes,1
STU04863,7.77,73.96,76.77,2,4,5,1,5,0,No,1
STU04864,7.58,91.5,64.58,0,0,1,1,5,0,No,0
STU04865,6.0,50.93,45.59,0,0,1,2,2,0,No,1
STU04866,7.1,81.49,62.36,0,0,4,0,1,2,No,0
STU04867,5.97,65.4,51.72,2,3,6,5,5,0,Yes,1
STU04868,6.62,51.23,66.43,0,0,0,6,2,0,Yes,0
STU04869,9.48,98.09,86.37,2,6,5,4,2,0,No,0
STU04870,7.11,67.9,63.37,1,1,2,1,3,1,No,0
STU04871,5.63,46.98,35.0,2,3,3,2,1,0,Yes,0
STU04872,7.21,74.21,70.81,1,2,2,2,2,0,Yes,1
STU04873,5.45,43.05,46.27,0,0,0,3,2,0,Yes,0
STU04874,5.62,53.29,43.98,1,2,2,3,2,0,No,1
STU04875,5.8,46.15,55.79,0,0,2,8,0,0,Yes,0
STU04876,6.49,60.97,49.76,0,0,2,3,1,0,Yes,0
STU04877,8.08,90.26,75.14,0,0,0,3,1,0,No,1
STU04878,7.67,80.03,73.24,2,3,2,3,4,0,Yes,0
STU04879,7.6,74.59,70.38,0,0,3,2,2,0,Yes,1
STU04880,5.74,54.49,51.54,0,0,0,2,5,0,No,1
STU04881,6.38,49.89,58.12,0,0,3,2,1,0,No,1
STU04882,7.31,67.63,75.97,0,0,0,3,1,0,Yes,1
STU04883,6.28,54.38,56.97,0,0,4,4,1,2,Yes,0
STU04884,6.68,67.39,58.97,1,1,3,4,2,3,No,0
STU04885,7.51,77.94,70.47,1,3,1,2,2,0,No,1
STU04886,6.6,64.68,61.2,1,2,3,1,3,0,Yes,1
STU04887,7.26,71.72,67.75,2,5,3,1,2,0,Yes,1
STU04888,8.83,82.71,84.72,0,0,0,4,1,0,No,1
STU04889,6.8,73.67,64.8,1,1,3,3,4,0,Yes,1
STU04890,8.36,80.45,82.47,1,2,2,3,1,0,No,0
STU04891,7.64,79.92,76.26,1,2,1,0,2,2,Yes,0
STU04892,5.31,47.6,40.52,0,0,5,4,1,0,Yes,0
STU04893,5.73,54.55,56.28,1,3,2,1,1,0,Yes,1
STU04894,6.04,50.47,44.46,0,0,2,0,0,0,No,0
STU04895,6.02,60.19,53.51,0,0,2,1,2,0,No,0
STU04896,6.9,74.45,60.27,1,1,2,0,1,0,No,1
STU04897,7.71,84.17,81.72,0,0,1,3,2,0,Yes,0
STU04898,8.44,86.22,87.57,2,6,3,1,3,0,No,1
STU04899,7.35,70.66,70.26,3,10,3,3,4,0,Yes,1
STU04900,6.49,76.83,66.23,1,2,1,2,3,2,No,0
STU04901,4.61,39.91,41.73,3,7,6,1,1,0,No,0
STU04902,7.08,74.45,71.46,1,2,3,1,1,0,No,1
STU04903,7.03,70.37,61.01,0,0,2,2,3,1,Yes,0
STU04904,7.21,70.74,70.55,2,4,3,3,2,0,No,1
STU04905,9.42,90.31,80.6,0,0,3,1,2,0,Yes,1
STU04906,8.43,82.09,82.27,0,0,0,5,0,2,Yes,0
STU04907,7.9,83.07,77.2,0,0,4,3,2,0,Yes,1
STU04908,5.89,54.63,55.0,1,3,3,1,2,0,No,0
STU04909,6.41,74.86,51.77,0,0,2,1,1,0,Yes,0
STU04910,6.89,72.51,81.53,1,1,2,2,2,0,Yes,0
STU04911,6.11,58.01,43.62,2,5,3,2,1,1,No,0
STU04912,7.58,79.9,74.85,2,6,2,4,1,0,No,1
STU04913,7.41,85.11,72.8,2,4,4,1,1,0,No,1
STU04914,5.75,45.49,51.54,0,0,3,2,1,0,No,0
STU04915,8.38,83.68,78.68,1,1,2,1,0,0,No,1
STU04916,7.12,58.33,68.22,2,6,3,3,2,0,No,1
STU04917,5.01,50.27,40.53,0,0,0,2,3,0,Yes,0
STU04918,6.94,72.0,75.15,3,8,3,2,1,0,Yes,1
STU04919,7.32,66.86,66.02,1,3,5,3,0,0,Yes,1
STU04920,8.12,91.19,78.69,2,5,3,4,1,0,Yes,1
STU04921,6.61,57.33,54.67,0,0,0,0,3,0,No,0
STU04922,7.95,78.98,73.24,0,0,1,2,1,0,No,1
STU04923,7.22,71.93,59.81,2,6,6,4,2,1,Yes,1
STU04924,5.49,58.97,50.43,0,0,3,0,1,1,No,0
STU04925,5.37,43.47,41.58,2,6,1,3,1,0,Yes,1
STU04926,8.29,85.84,76.31,0,0,3,1,2,1,Yes,1
STU04927,8.38,89.41,75.99,0,0,2,1,2,0,No,1
STU04928,7.37,76.91,72.33,1,3,4,1,2,0,Yes,1
STU04929,8.72,90.54,84.04,2,3,6,2,2,0,No,1
STU04930,8.22,87.98,80.57,1,1,4,3,2,0,Yes,1
STU04931,7.79,75.81,71.57,1,2,4,3,5,0,Yes,1
STU04932,5.95,63.37,52.86,0,0,3,5,4,0,No,1
STU04933,8.99,87.38,81.07,0,0,0,4,4,0,No,1
STU04934,7.62,75.5,74.38,1,1,1,0,2,1,No,0
STU04935,6.56,68.94,57.01,1,3,5,1,2,0,Yes,1
STU04936,6.23,52.63,43.28,2,3,2,3,5,0,Yes,1
STU04937,7.3,74.39,81.64,0,0,4,5,3,0,Yes,1
STU04938,5.08,42.85,47.64,0,0,1,0,3,0,No,0
STU04939,7.8,94.46,77.42,1,3,3,2,4,0,Yes,1
STU04940,5.9,66.68,51.85,1,2,2,1,4,0,No,0
STU04941,7.43,73.64,83.62,1,2,3,3,0,0,Yes,1
STU04942,6.4,61.79,62.5,0,0,2,3,4,0,Yes,0
STU04943,6.7,62.94,62.01,2,3,3,4,3,0,Yes,1
STU04944,6.13,53.09,47.93,1,3,8,0,2,0,No,0
STU04945,6.81,65.68,58.66,1,2,1,1,2,1,No,0
STU04946,9.17,88.39,74.82,0,0,2,2,2,1,No,0
STU04947,8.59,77.06,80.97,0,0,2,3,1,0,No,1
STU04948,7.41,75.62,75.01,0,0,0,0,2,0,Yes,0
STU04949,6.97,67.14,68.19,1,2,2,0,1,3,No,1
STU04950,7.97,83.11,81.93,1,3,0,3,2,0,Yes,1
STU04951,8.3,83.73,78.1,0,0,1,3,2,1,Yes,0
STU04952,6.05,52.0,54.47,1,1,3,5,3,0,Yes,0
STU04953,6.91,71.64,68.34,1,3,4,2,2,0,Yes,1
STU04954,4.9,49.75,35.0,0,0,1,2,2,0,Yes,0
STU04955,8.29,92.48,82.93,0,0,1,2,1,2,Yes,1
STU04956,9.37,92.09,98.6,1,2,4,4,1,0,Yes,1
STU04957,7.09,68.18,64.62,0,0,2,1,1,0,Yes,0
STU04958,4.56,49.47,35.0,0,0,0,3,1,0,Yes,1
STU04959,7.7,66.27,70.27,1,3,4,1,3,0,Yes,1
STU04960,5.96,65.96,39.45,0,0,2,1,2,0,No,0
STU04961,6.24,58.11,49.66,1,2,1,3,2,0,No,0
STU04962,7.72,91.49,68.04,1,2,3,5,2,0,Yes,0
STU04963,7.29,67.2,75.0,0,0,0,2,3,0,Yes,0
STU04964,6.44,52.43,60.81,0,0,1,0,2,1,No,0
STU04965,6.25,58.87,55.73,0,0,3,6,2,3,Yes,1
STU04966,7.14,72.29,74.47,2,5,2,3,1,0,Yes,1
STU04967,6.53,62.51,54.09,0,0,2,4,1,3,Yes,0
STU04968,5.72,52.23,48.56,0,0,2,2,1,0,Yes,0
STU04969,6.62,57.98,71.92,2,5,3,0,1,0,No,0
STU04970,7.39,64.89,74.31,0,0,5,1,3,0,No,1
STU04971,6.8,66.31,65.11,0,0,1,0,3,0,No,0
STU04972,5.37,40.94,41.03,2,6,3,1,1,2,No,0
STU04973,8.14,74.47,77.23,1,1,2,4,4,0,Yes,1
STU04974,4.0,42.84,36.1,0,0,1,2,0,0,Yes,0
STU04975,6.49,62.47,66.97,0,0,3,2,2,1,Yes,0
STU04976,6.29,69.05,44.77,2,5,3,4,5,3,Yes,0
STU04977,7.17,76.38,72.99,0,0,2,5,1,1,No,1
STU04978,7.65,86.04,77.93,1,2,3,3,2,0,Yes,1
STU04979,8.3,88.07,71.53,0,0,2,1,0,0,Yes,1
STU04980,6.18,58.0,59.66,0,0,1,1,3,0,No,0
STU04981,7.67,92.88,73.29,0,0,0,4,1,0,Yes,1
STU04982,7.23,63.4,60.41,0,0,1,2,2,1,No,0
STU04983,5.03,44.52,46.19,1,3,3,0,1,0,No,1
STU04984,9.19,86.65,80.73,1,2,1,1,1,2,No,1
STU04985,5.35,53.84,44.25,0,0,1,3,1,0,No,0
STU04986,7.48,69.27,69.11,0,0,1,3,2,0,Yes,1
STU04987,7.45,79.2,66.35,2,4,3,5,3,0,Yes,1
STU04988,7.32,76.22,62.61,1,2,2,1,3,0,No,1
STU04989,6.43,63.91,60.81,1,2,3,1,2,0,No,0
STU04990,7.95,85.8,79.98,0,0,0,3,2,0,Yes,0
STU04991,5.21,57.01,46.34,1,2,2,3,2,0,No,1
STU04992,6.92,66.28,61.39,1,1,4,0,2,1,No,0
STU04993,6.35,61.1,55.23,0,0,2,2,5,0,No,0
STU04994,6.22,51.85,48.86,1,1,4,5,0,0,Yes,0
STU04995,7.49,69.53,67.8,0,0,0,2,2,0,Yes,1
STU04996,8.24,94.23,90.9,0,0,1,5,4,0,Yes,0
STU04997,6.61,56.7,63.88,1,1,2,1,3,0,No,1
STU04998,7.9,84.31,74.09,0,0,1,0,1,0,No,0
STU04999,7.06,71.97,56.81,2,5,3,0,2,2,No,1
STU05000,5.97,60.54,40.29,0,0,0,4,2,1,Yes,0
STU05001,6.7,53.11,56.25,0,0,3,6,3,0,Yes,0
STU05002,6.66,67.7,60.0,0,0,2,1,2,0,No,0
STU05003,6.2,55.64,53.7,2,6,8,1,1,0,Yes,1
STU05004,7.49,71.71,73.2,2,3,1,2,1,0,No,1
STU05005,7.27,70.54,71.05,2,3,9,0,2,0,No,1
STU05006,5.17,53.83,38.38,2,3,5,0,3,0,No,0
STU05007,5.1,51.66,53.31,2,5,2,1,2,2,Yes,1
STU05008,7.49,74.47,71.06,3,8,4,1,2,0,No,1
STU05009,6.06,47.56,53.16,0,0,0,1,2,0,Yes,0
STU05010,7.35,66.75,66.23,1,3,1,1,2,1,No,1
STU05011,7.9,84.98,79.33,0,0,3,1,2,0,No,1
STU05012,5.54,42.07,59.2,2,4,3,0,3,0,No,0
STU05013,5.38,47.95,39.72,0,0,6,0,2,0,Yes,0
STU05014,8.93,100.0,78.11,1,2,3,2,2,0,No,1
STU05015,7.4,76.75,65.8,0,0,2,1,2,0,No,1
STU05016,6.52,64.74,55.29,1,1,0,1,2,1,Yes,0
STU05017,5.93,46.63,46.87,2,3,3,0,2,0,Yes,0
STU05018,6.41,51.47,49.59,1,3,2,6,2,0,Yes,0
STU05019,5.63,55.12,47.05,3,10,3,4,3,0,Yes,1
STU05020,8.02,79.99,88.05,0,0,4,1,1,1,No,0
STU05021,6.11,61.94,51.0,1,2,0,2,2,0,Yes,0
STU05022,8.26,84.7,80.27,2,6,0,1,2,2,No,1
STU05023,6.54,81.96,59.68,1,1,5,1,4,0,No,0
STU05024,5.8,48.95,52.67,1,2,1,1,3,0,Yes,0
STU05025,6.51,62.52,65.43,0,0,0,1,3,0,Yes,0
STU05026,4.0,40.36,43.56,2,5,1,1,5,0,Yes,0
STU05027,6.86,72.39,62.59,0,0,2,1,2,0,No,0
STU05028,6.8,68.02,55.83,0,0,1,3,1,0,Yes,0
STU05029,7.95,75.84,82.45,0,0,1,1,3,0,Yes,1
STU05030,4.83,44.98,38.21,1,2,1,2,2,0,No,0
STU05031,8.34,93.33,76.24,0,0,1,0,3,3,Yes,0
STU05032,7.94,89.08,79.13,3,7,2,0,2,0,No,1
STU05033,8.44,77.37,91.5,1,2,4,2,3,0,No,1
STU05034,6.94,64.7,68.26,3,12,3,3,2,0,Yes,1
STU05035,8.17,94.52,79.77,1,1,3,1,2,0,Yes,1
STU05036,5.31,47.83,39.34,2,3,7,1,1,3,No,0
STU05037,7.82,81.21,85.64,0,0,2,0,1,0,Yes,1
STU05038,6.11,61.73,51.63,1,1,0,3,2,0,Yes,0
STU05039,5.1,39.88,42.53,0,0,1,0,1,0,Yes,0
STU05040,5.71,45.93,51.3,0,0,1,1,2,1,No,0
STU05041,7.01,66.6,62.26,0,0,3,0,2,0,No,0
STU05042,6.05,62.06,46.72,1,2,1,1,4,0,No,0
STU05043,7.43,81.09,67.43,1,3,1,1,1,0,No,1
STU05044,4.92,51.52,39.64,0,0,0,2,3,0,No,0
STU05045,4.55,45.53,36.0,2,3,4,7,3,0,Yes,1
STU05046,8.58,93.45,75.64,2,5,3,2,3,0,No,1
STU05047,8.04,81.59,84.74,2,6,7,1,1,0,No,1
STU05048,5.79,55.77,52.72,1,3,1,3,3,0,No,1
STU05049,7.0,73.85,59.84,1,1,4,3,3,0,No,0
STU05050,8.17,93.83,85.38,0,0,1,2,5,0,No,1
STU05051,7.48,75.39,73.98,1,1,1,1,1,0,No,1
STU05052,7.17,68.94,65.57,0,0,1,0,3,0,Yes,0
STU05053,8.26,92.23,73.5,3,11,3,0,3,0,No,1
STU05054,6.16,64.38,54.6,1,2,2,2,4,0,Yes,0
STU05055,7.04,65.82,76.68,0,0,2,2,2,0,No,1
STU05056,6.98,61.47,64.59,0,0,0,2,1,3,Yes,1
STU05057,6.69,70.67,65.75,1,3,2,3,2,0,No,0
STU05058,6.55,51.54,56.52,0,0,0,2,5,0,No,0
STU05059,7.08,59.65,71.74,2,4,6,3,2,0,No,1
STU05060,7.04,67.53,64.63,1,2,2,3,3,0,Yes,1
STU05061,5.79,52.33,35.0,1,2,6,0,2,0,Yes,1
STU05062,7.92,74.38,73.41,1,2,5,1,2,0,No,1
STU05063,5.88,53.9,50.36,2,6,6,2,1,0,Yes,1
STU05064,6.75,65.41,67.3,0,0,2,1,1,1,No,0
STU05065,6.66,59.53,58.49,1,3,0,4,3,0,Yes,1
STU05066,7.41,86.29,71.27,1,2,2,2,1,1,No,0
STU05067,4.56,48.36,39.26,3,7,5,0,3,0,Yes,1
STU05068,8.02,88.53,88.12,0,0,0,1,1,1,Yes,0
STU05069,6.22,47.54,62.28,0,0,4,7,1,0,Yes,0
STU05070,8.4,76.17,77.91,0,0,0,0,3,0,No,0
STU05071,6.45,62.06,47.21,3,10,2,0,1,0,No,1
STU05072,6.94,78.11,53.14,0,0,0,0,2,0,No,0
STU05073,9.2,82.64,89.32,0,0,1,1,2,1,No,1
STU05074,6.68,63.56,60.51,2,3,3,4,3,0,No,1
STU05075,8.42,77.72,77.44,2,6,5,1,3,0,Yes,1
STU05076,7.04,64.31,67.25,1,1,0,0,3,0,No,1
STU05077,7.48,76.23,64.69,0,0,4,0,1,0,No,0
STU05078,7.08,66.19,70.92,1,2,0,4,0,0,Yes,0
STU05079,7.98,73.45,75.99,0,0,2,3,2,0,No,0
STU05080,6.21,48.18,46.66,0,0,2,2,1,2,No,0
STU05081,5.87,41.15,47.26,1,3,3,1,1,0,No,1
STU05082,6.27,59.67,51.41,2,5,7,0,3,0,No,1
STU05083,7.11,73.27,68.88,0,0,0,0,1,0,No,0
STU05084,6.75,67.31,67.75,1,2,4,1,1,0,Yes,1
STU05085,7.82,74.01,83.15,0,0,1,1,3,1,No,0
STU05086,8.5,91.69,83.61,0,0,1,0,3,0,No,1
STU05087,5.88,56.82,48.45,0,0,2,3,1,0,No,0
STU05088,6.16,55.55,49.09,0,0,0,0,5,0,No,0
STU05089,5.35,47.55,35.0,0,0,2,1,2,0,No,0
STU05090,9.33,85.14,85.92,0,0,0,1,1,0,No,0
STU05091,7.35,74.38,65.12,0,0,3,0,1,0,No,1
STU05092,7.55,85.86,80.46,1,3,3,5,2,1,Yes,1
STU05093,5.46,56.02,44.99,0,0,2,1,2,0,No,1
STU05094,7.0,66.28,69.3,0,0,2,1,2,0,No,1
STU05095,7.59,79.8,70.67,2,6,6,0,2,0,No,1
STU05096,6.71,56.54,56.09,2,5,5,0,0,0,Yes,1
STU05097,8.24,87.99,84.24,0,0,1,5,2,0,Yes,1
STU05098,9.66,84.52,88.17,3,7,6,0,1,0,Yes,1
STU05099,5.91,57.01,51.81,0,0,2,5,3,0,No,0
STU05100,5.82,69.86,48.48,1,3,2,2,3,0,Yes,1
STU05101,5.99,50.19,55.35,1,3,2,1,2,0,No,0
STU05102,8.85,100.0,88.37,0,0,1,3,1,0,Yes,1
STU05103,8.2,86.21,67.2,0,0,2,2,1,1,Yes,0
STU05104,6.84,60.85,60.8,0,0,1,1,3,0,No,1
STU05105,7.04,63.81,71.67,1,2,1,1,3,0,No,0
STU05106,6.06,68.55,45.24,0,0,2,3,2,0,Yes,0
STU05107,8.02,84.71,68.6,2,5,4,2,4,0,No,1
STU05108,6.56,57.54,57.11,0,0,0,3,1,0,No,1
STU05109,6.7,61.79,63.14,1,3,3,1,1,1,No,1
STU05110,7.7,80.73,72.38,0,0,1,2,3,0,No,0
STU05111,6.78,64.35,69.16,2,3,6,1,2,0,No,1
STU05112,6.73,65.57,71.55,0,0,0,0,3,2,No,1
STU05113,7.01,78.71,53.52,0,0,3,2,5,0,Yes,0
STU05114,7.91,73.9,75.37,1,2,4,1,4,0,No,0
STU05115,8.89,91.58,71.03,0,0,2,0,1,0,No,0
STU05116,7.67,77.39,78.79,1,1,2,2,2,0,No,0
STU05117,7.92,77.76,73.67,0,0,1,0,1,1,No,1
STU05118,6.77,70.59,58.3,2,4,4,0,0,0,No,0
STU05119,6.19,47.08,59.73,2,6,2,2,2,0,No,1
STU05120,7.75,64.56,67.79,0,0,1,1,3,0,Yes,1
STU05121,7.2,72.25,58.43,1,1,4,4,2,3,No,0
STU05122,5.36,47.73,35.0,0,0,1,1,3,0,No,0
STU05123,6.62,53.71,66.45,2,6,3,4,3,0,Yes,1
STU05124,6.9,56.05,69.54,0,0,1,1,4,2,Yes,0
STU05125,6.41,70.41,54.07,0,0,0,3,2,0,No,1
STU05126,8.7,89.61,76.18,2,5,6,3,2,0,No,1
STU05127,7.55,76.27,78.16,0,0,2,5,1,0,Yes,0
STU05128,8.58,99.26,99.62,2,4,2,0,2,1,Yes,1
STU05129,7.3,78.69,68.14,1,2,2,2,4,0,Yes,1
STU05130,7.09,80.0,59.17,1,3,3,5,2,2,Yes,1
STU05131,5.92,45.89,57.42,0,0,2,1,2,0,No,0
STU05132,7.01,60.8,58.31,1,1,3,1,5,0,No,1
STU05133,7.02,71.84,62.94,1,1,1,1,1,0,No,1
STU05134,5.43,51.48,35.0,1,1,0,2,1,0,Yes,1
STU05135,6.38,65.86,53.54,1,2,4,2,3,0,Yes,0
STU05136,6.63,52.16,51.27,1,3,2,1,3,2,No,0
STU05137,7.48,79.25,79.59,1,2,1,5,2,2,Yes,0
STU05138,7.53,81.78,66.99,1,3,4,3,0,0,Yes,1
STU05139,6.33,63.28,59.34,1,2,2,1,1,0,No,1
STU05140,7.54,73.52,72.33,3,10,6,1,2,0,Yes,1
STU05141,6.79,67.63,62.27,1,1,3,3,1,0,Yes,1
STU05142,4.0,40.47,45.25,0,0,2,3,2,0,Yes,1
STU05143,6.44,57.47,55.9,3,9,7,0,2,0,No,1
STU05144,8.24,77.4,76.77,3,10,2,3,2,0,Yes,1
STU05145,5.07,42.6,39.28,3,7,5,2,2,0,Yes,1
STU05146,7.13,68.47,69.97,0,0,1,1,1,0,No,1
STU05147,8.82,84.43,72.96,0,0,2,6,3,0,Yes,0
STU05148,6.13,50.58,62.2,0,0,2,0,2,1,No,1
STU05149,7.0,60.08,65.67,2,4,3,3,1,1,Yes,1
STU05150,5.5,61.25,44.45,1,1,0,1,1,0,No,0
STU05151,8.87,84.62,86.22,0,0,0,6,2,2,Yes,1
STU05152,6.9,68.29,59.74,0,0,3,2,2,0,Yes,1
STU05153,7.05,58.21,64.69,2,6,4,1,1,1,No,1
STU05154,8.56,94.12,76.18,0,0,2,0,1,1,No,1
STU05155,7.76,79.84,78.09,1,2,2,2,5,0,Yes,1
STU05156,5.99,50.97,50.17,0,0,0,0,1,1,No,0
STU05157,6.26,54.11,54.84,0,0,2,0,1,0,No,1
STU05158,7.57,81.6,82.28,0,0,0,2,3,2,Yes,0
STU05159,6.28,39.32,49.21,0,0,0,3,2,0,Yes,0
STU05160,4.57,40.84,42.01,0,0,1,2,1,0,Yes,0
STU05161,6.94,66.17,53.98,1,1,2,6,4,0,Yes,1
STU05162,5.3,47.41,48.49,0,0,1,2,2,0,No,0
STU05163,8.86,100.0,84.44,2,6,2,2,3,0,Yes,1
STU05164,7.2,68.96,68.09,1,1,2,2,1,0,Yes,1
STU05165,5.96,59.25,49.37,0,0,0,0,3,0,Yes,0
STU05166,6.2,66.84,49.5,0,0,2,1,0,0,No,0
STU05167,4.83,50.3,58.25,1,2,2,0,3,2,No,0
STU05168,5.74,47.19,48.46,1,1,2,0,1,1,No,0
STU05169,8.17,75.31,81.8,1,3,2,1,1,0,No,1
STU05170,9.57,93.87,79.56,2,6,4,1,3,1,Yes,1
STU05171,7.84,89.56,82.0,1,3,3,0,2,0,No,1
STU05172,6.89,69.4,62.39,0,0,3,1,2,2,Yes,1
STU05173,6.5,67.51,59.79,0,0,2,2,5,0,No,1
STU05174,5.9,68.35,55.21,0,0,0,2,4,0,Yes,0
STU05175,9.37,94.13,85.48,0,0,3,2,3,0,Yes,0
STU05176,6.78,57.76,57.3,1,1,3,0,2,0,No,0
STU05177,9.43,89.52,72.25,0,0,1,2,1,0,No,1
STU05178,8.6,94.45,80.9,0,0,2,4,2,0,Yes,1
STU05179,5.0,45.37,39.77,0,0,1,4,1,0,Yes,1
STU05180,6.23,65.47,46.57,2,5,2,1,1,1,No,0
STU05181,6.23,56.0,62.12,0,0,5,2,1,2,No,0
STU05182,6.91,68.36,69.25,1,3,3,3,2,0,Yes,1
STU05183,6.93,64.6,52.73,2,5,5,1,3,0,No,1
STU05184,10.0,90.85,87.81,2,6,1,2,1,0,No,1
STU05185,5.76,52.72,43.54,2,5,1,5,3,0,No,0
STU05186,7.26,62.28,71.13,1,2,3,3,2,1,No,1
STU05187,7.71,75.6,70.45,0,0,1,2,1,0,Yes,1
STU05188,7.0,60.41,61.58,1,2,4,2,4,0,Yes,1
STU05189,7.13,67.45,72.67,1,2,3,1,2,0,No,1
STU05190,5.8,46.99,53.67,1,3,3,0,3,0,No,0
STU05191,7.12,75.89,75.88,0,0,0,4,2,1,Yes,0
STU05192,7.59,82.74,72.3,0,0,0,3,2,0,Yes,0
STU05193,7.38,76.95,61.85,0,0,2,1,3,0,Yes,1
STU05194,7.66,69.97,80.1,1,1,4,4,1,0,Yes,1
STU05195,8.62,85.78,88.93,2,6,5,0,1,0,No,1
STU05196,8.08,74.16,83.02,1,1,5,1,3,0,No,0
STU05197,7.08,68.29,61.71,0,0,2,0,1,0,No,0
STU05198,5.65,54.41,41.1,2,3,2,5,1,0,Yes,1
STU05199,6.31,63.32,57.58,1,1,3,1,3,0,No,1
STU05200,6.75,66.62,55.47,2,3,4,4,1,0,Yes,1
STU05201,7.29,79.93,67.53,2,5,3,5,3,1,No,1
STU05202,6.45,60.86,73.74,1,3,2,3,2,0,Yes,1
STU05203,5.92,51.58,62.75,2,5,6,0,2,0,No,1
STU05204,5.63,55.62,52.14,1,3,3,1,1,0,Yes,1
STU05205,5.1,52.71,40.3,2,3,2,2,1,0,Yes,1
STU05206,6.73,60.35,56.16,0,0,2,3,1,0,No,0
STU05207,5.31,50.53,49.55,2,4,5,2,2,1,No,1
STU05208,5.85,50.51,58.26,1,1,2,8,1,0,Yes,0
STU05209,6.55,48.67,54.65,0,0,3,2,1,0,Yes,1
STU05210,5.46,51.86,43.48,1,3,2,3,4,2,No,0
STU05211,7.44,66.68,71.97,0,0,0,0,3,0,No,0
STU05212,7.85,81.83,68.53,1,2,1,1,1,0,No,1
STU05213,6.37,48.97,47.03,2,6,0,1,2,0,No,0
STU05214,6.5,55.71,49.97,0,0,3,0,3,0,Yes,0
STU05215,7.62,74.38,77.26,1,1,2,3,2,0,Yes,1
STU05216,6.18,62.98,54.4,1,2,1,2,4,2,Yes,0
STU05217,6.1,51.63,58.66,2,6,8,3,5,0,No,1
STU05218,8.38,78.32,71.35,3,11,4,4,2,0,Yes,1
STU05219,8.02,83.88,69.59,0,0,2,0,2,0,No,0
STU05220,7.69,76.75,77.79,0,0,1,1,3,0,No,0
STU05221,8.06,86.87,73.89,0,0,1,3,0,0,Yes,1
STU05222,4.73,39.98,38.26,0,0,2,3,2,0,No,0
STU05223,8.56,87.24,89.05,0,0,0,3,2,2,Yes,0
STU05224,7.45,89.48,68.35,1,3,1,0,3,0,No,1
STU05225,8.16,81.54,77.36,2,3,4,5,4,0,Yes,1
STU05226,7.45,75.69,70.07,1,1,5,1,1,0,No,1
STU05227,7.06,58.81,64.64,1,1,2,2,3,0,Yes,1
STU05228,6.68,57.6,63.82,0,0,1,2,3,1,Yes,0
STU05229,7.42,77.0,63.98,0,0,2,1,2,0,No,1
STU05230,6.64,60.15,58.0,0,0,2,4,1,0,No,0
STU05231,8.0,85.21,85.5,0,0,0,3,3,0,No,1
STU05232,5.18,50.18,57.42,2,3,6,0,2,0,No,0
STU05233,6.38,50.42,47.19,2,6,3,1,2,0,Yes,1
STU05234,9.35,95.16,88.05,2,5,3,3,3,0,Yes,1
STU05235,6.28,49.55,52.86,2,6,3,6,2,1,Yes,0
STU05236,6.73,58.82,59.82,0,0,0,3,2,0,Yes,1
STU05237,5.99,54.95,45.84,0,0,3,1,2,1,No,0
STU05238,7.39,83.14,75.27,0,0,0,1,3,3,No,0
STU05239,6.15,49.44,56.69,0,0,1,2,1,0,Yes,1
STU05240,6.79,65.33,76.58,0,0,1,0,3,0,No,0
STU05241,7.98,82.25,70.39,1,1,2,2,1,1,No,0
STU05242,6.2,59.91,42.47,1,1,4,2,2,0,Yes,0
STU05243,7.91,87.66,89.88,2,3,7,2,1,0,Yes,1
STU05244,7.95,78.55,77.66,0,0,3,2,2,0,Yes,1
STU05245,8.21,89.48,77.67,1,1,2,2,1,1,Yes,1
STU05246,7.16,78.36,68.51,1,3,1,3,2,2,No,0
STU05247,10.0,100.0,78.52,1,2,3,1,2,1,Yes,0
STU05248,8.21,86.41,82.66,1,2,0,1,4,0,No,1
STU05249,7.37,74.49,70.06,0,0,1,0,1,0,No,0
STU05250,5.99,50.78,57.07,0,0,0,3,2,0,No,0
STU05251,6.89,57.27,68.17,0,0,1,2,3,2,No,0
STU05252,8.64,84.79,89.1,0,0,1,0,4,2,No,0
STU05253,8.97,88.59,86.06,0,0,1,0,2,0,No,0
STU05254,8.7,86.15,93.43,1,1,3,2,2,0,Yes,1
STU05255,7.9,84.1,80.97,2,5,4,1,2,2,Yes,1
STU05256,5.56,41.13,43.65,0,0,2,3,5,1,Yes,0
STU05257,7.56,75.18,68.42,0,0,1,3,1,3,Yes,0
STU05258,5.57,61.92,42.78,0,0,1,3,4,0,No,1
STU05259,5.29,54.11,48.67,0,0,1,1,2,0,No,0
STU05260,7.28,75.82,61.14,0,0,2,2,2,0,Yes,1
STU05261,7.6,79.1,74.68,2,4,3,1,2,0,No,0
STU05262,8.04,79.71,73.91,0,0,0,3,2,1,Yes,1
STU05263,7.57,65.88,65.88,0,0,0,1,2,0,No,1
STU05264,7.61,79.65,67.36,2,5,0,3,1,0,Yes,1
STU05265,5.87,37.76,49.31,1,2,3,1,1,1,No,0
STU05266,6.88,63.92,67.45,0,0,1,3,3,0,No,0
STU05267,5.27,48.0,40.97,0,0,1,0,2,0,No,0
STU05268,4.7,43.32,35.0,3,11,9,1,1,0,No,1
STU05269,7.85,92.9,95.8,3,7,8,3,1,0,Yes,1
STU05270,6.13,66.17,58.93,1,1,2,2,4,0,No,0
STU05271,8.0,87.79,84.18,0,0,2,2,1,0,No,1
STU05272,8.27,78.43,90.75,1,2,2,1,3,0,No,1
STU05273,6.29,68.66,54.69,1,1,4,3,0,0,No,1
STU05274,7.68,81.61,74.09,0,0,2,3,1,1,No,0
STU05275,6.24,50.86,61.65,0,0,1,1,2,0,No,0
STU05276,4.88,46.65,51.55,0,0,2,2,2,0,Yes,0
STU05277,7.14,75.84,70.78,0,0,1,3,3,0,Yes,1
STU05278,6.46,55.82,61.71,1,2,2,0,1,0,No,0
STU05279,6.49,60.83,49.56,1,1,3,2,3,0,Yes,1
STU05280,9.27,90.79,84.35,3,11,7,1,2,0,No,1
STU05281,5.25,41.35,55.17,3,11,4,3,1,0,No,0
STU05282,7.44,72.87,76.32,2,6,4,2,2,0,No,1
STU05283,5.86,46.17,40.55,0,0,2,5,1,0,No,0
STU05284,8.04,87.16,75.76,1,2,1,0,2,1,No,1
STU05285,7.34,67.65,79.35,0,0,4,0,2,0,No,0
STU05286,7.44,76.18,74.16,1,2,4,2,3,1,No,1
STU05287,5.91,44.55,50.98,0,0,0,2,2,0,No,0
STU05288,6.12,48.25,53.32,1,2,1,1,2,0,No,0
STU05289,8.07,75.06,78.65,0,0,3,2,3,0,No,0
STU05290,9.04,86.45,82.05,1,1,4,1,3,0,No,1
STU05291,7.55,77.25,68.16,1,1,5,2,3,0,No,1
STU05292,5.97,55.62,56.49,0,0,4,0,3,1,Yes,0
STU05293,7.39,63.16,72.22,3,8,4,2,1,0,Yes,1
STU05294,9.79,88.63,90.88,0,0,2,1,2,1,No,1
STU05295,7.12,65.27,70.05,0,0,3,2,3,0,No,0
STU05296,8.68,89.88,92.13,1,2,1,3,1,0,Yes,1
STU05297,6.15,53.81,55.14,1,3,1,0,3,0,No,0
STU05298,6.95,66.62,69.05,2,4,5,4,2,0,Yes,1
STU05299,7.71,73.81,76.29,1,1,0,0,5,0,Yes,1
STU05300,7.46,85.11,66.08,0,0,0,1,4,0,No,0
STU05301,6.12,47.33,50.68,1,1,4,3,5,0,Yes,0
STU05302,6.07,52.05,54.99,2,6,2,1,3,0,No,1
STU05303,8.14,83.36,83.79,0,0,2,1,2,2,No,0
STU05304,8.37,83.23,90.45,0,0,1,0,1,1,No,0
STU05305,8.74,82.41,81.23,2,6,2,2,2,2,Yes,0
STU05306,9.07,77.48,86.71,2,3,3,8,3,0,Yes,1
STU05307,7.15,66.13,66.51,2,4,3,2,2,0,No,1
STU05308,6.64,56.39,68.89,0,0,1,2,1,0,Yes,0
STU05309,8.55,96.02,85.2,2,6,8,1,2,0,No,1
STU05310,7.82,93.1,78.89,0,0,2,2,2,2,No,1
STU05311,5.87,52.18,49.27,1,1,3,2,2,0,No,0
STU05312,5.81,43.47,47.55,0,0,2,3,1,0,No,1
STU05313,7.57,80.76,64.64,1,1,1,4,1,0,No,1
STU05314,6.8,58.75,54.07,2,6,4,1,1,0,No,1
STU05315,6.97,64.07,65.44,0,0,0,1,2,1,No,0
STU05316,8.23,79.81,80.91,0,0,0,2,3,0,Yes,1
STU05317,7.87,77.12,78.23,1,2,1,0,2,0,Yes,1
STU05318,8.53,83.69,88.46,2,5,5,1,2,0,Yes,1
STU05319,4.78,38.29,43.73,1,1,1,3,2,0,Yes,1
STU05320,7.29,68.19,67.32,2,3,3,1,3,0,No,1
STU05321,7.8,85.39,75.01,3,9,5,3,2,1,Yes,1
STU05322,5.24,47.75,46.41,1,1,1,3,1,0,No,0
STU05323,6.25,57.35,51.31,1,3,4,0,2,0,No,1
STU05324,6.03,40.66,57.44,1,1,3,4,2,0,Yes,1
STU05325,7.02,74.0,65.25,0,0,3,3,4,0,Yes,1
STU05326,8.87,83.52,86.14,0,0,1,2,2,0,Yes,0
STU05327,9.33,95.77,81.13,0,0,0,6,3,0,Yes,1
STU05328,6.06,55.33,57.79,1,1,2,2,3,1,Yes,0
STU05329,7.61,73.43,82.44,0,0,2,3,1,0,Yes,1
STU05330,7.64,67.33,66.22,0,0,4,2,2,2,No,0
STU05331,7.45,87.63,73.99,0,0,2,4,2,0,Yes,1
STU05332,7.46,79.62,71.15,2,3,1,2,0,0,No,0
STU05333,7.35,78.37,71.9,0,0,1,4,1,1,No,1
STU05334,8.94,98.77,87.57,2,6,2,1,2,0,Yes,1
STU05335,8.27,85.28,67.52,0,0,3,3,3,1,No,0
STU05336,5.78,59.7,53.14,1,3,9,1,5,0,No,1
STU05337,7.92,77.81,84.36,2,6,3,3,1,0,No,1
STU05338,8.03,86.2,86.13,0,0,0,1,4,2,Yes,0
STU05339,7.36,69.61,64.72,1,2,1,2,2,0,No,1
STU05340,8.3,81.19,81.03,2,6,3,3,1,0,Yes,1
STU05341,7.22,71.82,65.0,1,1,0,4,3,1,No,1
STU05342,7.23,63.82,56.94,0,0,0,0,2,0,No,1
STU05343,7.14,72.05,63.35,1,1,2,0,1,0,Yes,0
STU05344,4.68,44.1,36.47,0,0,2,2,1,0,No,0
STU05345,6.91,54.43,65.36,1,2,2,5,1,2,Yes,0
STU05346,6.23,53.67,43.63,0,0,2,1,3,0,No,0
STU05347,5.64,48.33,41.52,2,5,1,2,1,0,No,0
STU05348,8.65,91.63,80.4,2,6,6,2,3,3,No,1
STU05349,7.58,78.21,78.12,0,0,3,2,4,0,Yes,1
STU05350,6.97,76.01,80.99,1,1,3,5,1,0,No,0
STU05351,6.35,61.01,56.71,2,3,4,1,1,0,No,0
STU05352,7.34,69.75,63.88,1,1,1,0,3,0,No,1
STU05353,8.14,82.41,75.68,2,4,3,0,2,0,No,0
STU05354,6.05,52.1,55.14,0,0,5,3,2,0,Yes,0
STU05355,6.99,70.67,56.67,0,0,2,3,2,0,No,0
STU05356,8.0,81.89,85.11,0,0,2,0,2,0,No,0
STU05357,4.77,42.39,44.8,2,4,4,2,5,0,No,1
STU05358,6.93,66.83,63.03,1,3,3,3,2,1,Yes,0
STU05359,6.51,62.92,47.04,0,0,0,0,1,0,No,0
STU05360,6.85,59.33,67.89,0,0,1,4,3,0,Yes,0
STU05361,6.42,60.85,51.37,0,0,0,1,0,0,Yes,1
STU05362,7.16,60.87,68.26,2,5,2,2,2,0,Yes,1
STU05363,9.21,95.37,84.79,0,0,4,4,3,0,Yes,1
STU05364,6.63,65.09,49.42,0,0,1,2,3,0,Yes,0
STU05365,7.34,82.79,68.63,0,0,1,4,2,0,Yes,1
STU05366,9.29,82.24,78.68,1,1,0,2,2,1,No,0
STU05367,6.37,64.98,51.26,0,0,3,0,2,0,No,0
STU05368,9.09,93.99,87.98,3,6,4,3,3,0,Yes,1
STU05369,7.01,66.85,69.16,2,6,5,1,2,0,Yes,0
STU05370,9.05,85.99,85.14,1,2,2,0,1,0,No,1
STU05371,7.86,73.5,71.71,1,1,2,3,3,0,No,1
STU05372,7.35,65.19,66.38,0,0,3,1,1,0,Yes,0
STU05373,6.92,62.08,59.6,0,0,1,0,3,0,Yes,1
STU05374,6.28,49.51,41.22,0,0,1,2,1,0,No,0
STU05375,7.09,78.86,66.72,1,2,5,6,2,0,Yes,1
STU05376,8.03,72.82,68.84,0,0,5,2,1,0,No,1
STU05377,6.98,68.48,65.04,1,1,0,3,3,0,Yes,0
STU05378,6.64,64.65,50.28,1,1,1,3,1,0,Yes,0
STU05379,6.71,65.33,52.95,3,12,3,3,4,0,No,1
STU05380,8.14,85.44,83.78,2,5,3,5,2,2,Yes,1
STU05381,8.41,90.69,82.16,1,2,0,0,1,0,Yes,1
STU05382,6.23,53.75,42.11,0,0,1,2,1,0,Yes,0
STU05383,6.23,56.93,50.05,3,10,5,2,2,1,Yes,1
STU05384,7.44,72.67,73.01,0,0,2,3,3,0,Yes,0
STU05385,8.76,94.89,80.36,0,0,1,2,3,0,Yes,1
STU05386,8.32,96.94,79.28,1,1,2,1,1,0,No,1
STU05387,5.56,42.71,48.34,3,6,4,1,1,0,No,1
STU05388,6.7,50.74,60.19,0,0,4,0,3,0,No,0
STU05389,5.93,56.45,44.08,3,11,5,2,2,2,No,0
STU05390,6.69,69.28,59.99,0,0,1,2,2,0,No,0
STU05391,8.85,99.23,82.76,1,2,3,1,0,1,No,1
STU05392,5.36,53.0,55.91,1,1,1,1,4,0,No,0
STU05393,5.14,55.83,43.84,1,1,2,3,5,0,Yes,0
STU05394,6.05,64.13,51.98,2,4,2,1,4,0,Yes,0
STU05395,7.33,81.73,71.5,0,0,4,3,3,0,Yes,0
STU05396,7.71,83.6,73.38,1,1,1,2,4,0,No,0
STU05397,7.5,67.74,68.11,1,1,3,4,3,0,No,1
STU05398,8.35,84.56,84.37,2,4,1,2,2,1,No,1
STU05399,4.97,48.58,46.58,2,3,6,1,2,1,No,0
STU05400,8.37,84.09,94.19,0,0,0,5,4,0,Yes,1
STU05401,6.64,61.89,63.58,0,0,1,5,2,0,Yes,0
STU05402,7.84,89.16,81.31,2,4,2,1,2,1,No,1
STU05403,5.48,44.78,50.63,0,0,0,4,2,0,Yes,1
STU05404,7.01,72.73,60.79,0,0,0,3,5,1,No,1
STU05405,7.27,73.97,61.52,1,2,2,3,3,0,Yes,0
STU05406,8.33,79.3,75.43,0,0,0,5,3,0,Yes,0
STU05407,5.18,41.17,48.76,2,3,4,2,1,0,No,0
STU05408,7.04,58.26,74.0,0,0,1,2,2,0,Yes,0
STU05409,5.75,54.26,52.76,0,0,2,2,2,0,No,0
STU05410,7.58,76.14,72.52,1,2,0,1,4,0,No,1
STU05411,7.89,75.45,87.46,0,0,1,1,2,2,No,1
STU05412,8.48,74.27,79.86,1,3,3,0,3,0,No,1
STU05413,6.38,61.05,48.57,0,0,1,1,4,0,Yes,0
STU05414,8.07,81.1,80.66,1,1,7,3,3,0,No,1
STU05415,8.57,81.73,90.76,0,0,1,1,1,0,No,0
STU05416,5.11,41.54,39.27,2,4,4,3,1,1,No,0
STU05417,7.7,76.75,64.95,0,0,0,3,3,0,Yes,1
STU05418,8.1,85.24,79.64,2,6,3,2,1,0,Yes,1
STU05419,6.7,61.06,64.67,0,0,1,1,1,0,No,0
STU05420,5.61,43.07,35.0,0,0,1,1,4,0,No,0
STU05421,8.08,81.95,85.16,0,0,2,3,0,0,Yes,1
STU05422,5.62,56.55,39.07,0,0,3,0,4,0,No,0
STU05423,6.79,64.84,65.95,0,0,1,5,1,2,No,0
STU05424,6.95,67.55,52.16,0,0,2,1,2,1,No,0
STU05425,7.82,77.59,67.7,1,2,1,1,2,1,No,1
STU05426,6.28,51.66,57.71,1,2,4,2,3,0,No,1
STU05427,6.21,50.63,60.46,0,0,0,2,0,0,Yes,1
STU05428,7.11,59.69,66.61,0,0,1,0,2,1,No,0
STU05429,8.16,90.0,94.29,0,0,2,2,2,0,Yes,1
STU05430,9.63,92.26,80.35,1,3,5,1,2,1,Yes,1
STU05431,5.27,48.51,38.8,0,0,0,4,4,0,Yes,0
STU05432,7.36,75.17,68.58,0,0,3,3,3,0,No,1
STU05433,5.75,53.37,46.23,1,3,3,2,1,0,Yes,1
STU05434,8.17,78.63,81.73,1,2,2,2,2,0,No,1
STU05435,5.92,51.01,45.5,0,0,2,1,1,0,Yes,1
STU05436,6.22,53.46,56.71,2,3,5,4,2,2,Yes,1
STU05437,6.32,72.58,57.77,1,2,1,1,2,0,Yes,1
STU05438,6.91,72.54,73.09,2,3,4,3,3,0,No,1
STU05439,7.37,74.52,67.57,0,0,3,2,1,2,No,0
STU05440,7.56,84.4,75.23,0,0,1,4,2,2,Yes,0
STU05441,6.99,75.17,68.37,3,7,5,0,3,0,No,1
STU05442,5.47,40.98,46.22,1,3,5,3,1,0,No,1
STU05443,7.84,78.37,75.44,0,0,4,3,1,0,Yes,1
STU05444,6.94,66.8,51.51,1,1,4,0,2,1,Yes,1
STU05445,8.34,88.16,81.99,1,3,5,0,1,0,No,1
STU05446,6.19,54.5,56.42,3,9,3,0,1,0,No,0
STU05447,5.16,46.96,44.2,1,1,5,2,2,0,No,0
STU05448,6.96,64.49,59.56,1,2,3,3,4,0,No,1
STU05449,8.49,91.88,72.51,0,0,1,0,1,0,No,1
STU05450,7.19,62.05,70.43,1,2,0,3,2,1,No,0
STU05451,6.77,61.59,61.36,0,0,0,2,3,1,No,0
STU05452,6.0,42.63,59.04,2,3,5,2,2,3,No,0
STU05453,9.02,81.96,76.44,1,2,1,3,3,0,Yes,1
STU05454,5.82,53.86,46.14,1,3,0,2,1,0,No,0
STU05455,6.17,57.65,44.7,1,3,1,2,3,0,No,0
STU05456,7.66,75.69,80.72,0,0,2,0,0,2,Yes,1
STU05457,4.87,53.16,50.85,0,0,1,2,1,0,No,0
STU05458,8.47,93.53,93.94,1,1,5,2,3,0,Yes,1
STU05459,7.72,77.94,78.49,1,2,7,0,4,0,Yes,1
STU05460,8.03,83.37,83.6,2,4,3,0,1,0,No,1
STU05461,7.64,74.67,77.0,1,1,3,4,2,0,Yes,1
STU05462,6.81,68.73,65.4,0,0,1,2,3,0,No,1
STU05463,5.78,44.4,48.86,1,1,7,4,2,0,Yes,1
STU05464,6.84,76.06,66.0,1,2,8,3,5,0,Yes,1
STU05465,5.88,59.43,62.43,1,1,2,2,1,0,No,0
STU05466,7.56,69.07,74.57,2,5,4,1,2,0,Yes,0
STU05467,7.93,76.06,77.94,1,2,3,4,3,0,Yes,1
STU05468,8.7,89.31,84.97,2,6,4,1,4,0,No,0
STU05469,7.43,72.3,70.43,0,0,7,3,2,0,Yes,1
STU05470,8.06,85.37,80.59,2,5,5,1,3,0,Yes,1
STU05471,6.66,60.23,58.29,0,0,4,0,3,0,No,0
STU05472,6.45,68.45,63.16,2,4,3,2,2,0,Yes,1
STU05473,7.54,76.11,79.32,0,0,0,3,1,0,Yes,0
STU05474,6.56,75.36,70.83,1,2,1,2,5,0,Yes,1
STU05475,7.31,76.24,69.49,1,3,2,2,2,0,No,0
STU05476,5.78,43.48,50.31,0,0,1,1,4,0,Yes,0
STU05477,5.99,66.1,52.06,0,0,1,3,2,0,Yes,1
STU05478,7.73,85.11,76.71,2,4,6,2,3,0,No,1
STU05479,8.02,83.99,85.49,0,0,0,8,3,0,Yes,1
STU05480,5.87,56.32,39.69,0,0,2,0,2,0,No,0
STU05481,7.77,71.84,78.74,1,3,2,5,2,0,Yes,1
STU05482,6.39,47.67,67.47,1,2,3,2,3,0,No,1
STU05483,7.02,67.96,73.39,0,0,2,4,1,0,Yes,0
STU05484,8.63,94.66,90.88,1,1,7,1,2,1,No,0
STU05485,7.93,83.18,82.86,2,4,6,7,2,0,Yes,1
STU05486,7.92,90.95,74.12,1,1,3,3,1,0,Yes,1
STU05487,9.2,96.62,81.19,0,0,1,3,2,0,Yes,1
STU05488,6.19,56.02,48.44,1,3,7,0,1,0,No,1
STU05489,5.87,59.54,42.61,0,0,2,1,1,0,No,0
STU05490,6.17,64.82,58.37,2,6,7,3,3,0,Yes,1
STU05491,6.71,62.63,68.92,0,0,0,2,1,0,Yes,1
STU05492,4.29,44.15,45.04,1,3,1,2,2,2,Yes,0
STU05493,6.76,64.85,65.83,1,3,3,1,0,1,No,0
STU05494,6.37,43.8,57.03,1,1,8,5,4,0,Yes,0
STU05495,7.9,82.18,80.91,2,4,2,0,3,1,No,1
STU05496,7.41,78.34,58.32,1,2,3,2,3,0,No,1
STU05497,6.31,58.22,56.25,2,3,6,1,3,0,Yes,1
STU05498,7.68,79.96,72.34,1,3,1,2,2,0,Yes,1
STU05499,7.83,79.38,76.4,3,7,4,2,2,0,Yes,1
STU05500,6.12,43.02,53.36,0,0,4,1,3,0,No,0
STU05501,6.43,69.04,51.77,2,6,1,1,3,1,Yes,1
STU05502,4.44,43.38,36.13,1,2,5,3,2,1,Yes,0
STU05503,5.75,47.6,43.83,2,5,2,3,3,0,Yes,0
STU05504,6.15,63.53,43.69,0,0,1,5,2,0,Yes,0
STU05505,7.09,75.11,59.31,1,2,0,4,2,0,No,1
STU05506,5.91,54.52,43.77,1,3,0,0,2,0,Yes,0
STU05507,6.41,63.4,47.17,2,4,8,3,3,0,Yes,1
STU05508,5.59,43.13,50.24,1,3,3,0,5,0,No,1
STU05509,7.2,70.42,62.5,2,6,6,2,2,0,No,1
STU05510,7.49,83.03,61.08,1,2,4,2,2,0,Yes,0
STU05511,7.46,70.8,69.45,1,1,1,2,3,2,Yes,0
STU05512,7.01,62.13,58.44,2,4,3,2,2,0,No,1
STU05513,5.23,48.35,53.63,1,3,2,1,1,0,Yes,0
STU05514,6.29,57.74,54.92,1,2,1,2,3,0,Yes,1
STU05515,6.53,64.4,48.69,1,2,3,4,1,2,No,0
STU05516,6.54,52.3,60.99,2,5,5,2,2,0,Yes,1
STU05517,7.09,53.96,66.76,2,4,3,2,2,0,Yes,1
STU05518,8.64,91.97,82.01,0,0,4,2,1,3,No,1
STU05519,7.93,74.36,87.3,0,0,1,2,2,0,Yes,0
STU05520,5.86,48.74,43.55,0,0,0,1,2,0,No,0
STU05521,7.78,66.0,82.31,0,0,0,2,2,0,No,1
STU05522,7.74,84.72,73.12,0,0,2,3,2,0,Yes,1
STU05523,6.07,56.61,51.4,2,4,7,2,3,0,Yes,1
STU05524,7.98,83.18,73.82,0,0,2,3,0,1,Yes,1
STU05525,6.82,66.79,57.86,1,3,4,3,4,0,Yes,1
STU05526,5.38,36.31,43.06,2,6,3,5,3,0,Yes,0
STU05527,7.52,69.81,61.32,2,6,4,5,1,0,Yes,1
STU05528,7.25,69.04,70.83,1,2,3,5,2,1,No,0
STU05529,6.74,59.14,61.32,0,0,1,2,4,0,Yes,0
STU05530,6.96,65.57,55.21,1,1,3,1,1,0,No,0
STU05531,6.17,57.21,56.69,2,5,2,2,1,0,Yes,0
STU05532,7.7,84.2,83.9,2,5,4,2,2,1,Yes,1
STU05533,6.95,58.18,60.08,0,0,1,5,0,0,Yes,0
STU05534,7.19,70.77,63.12,3,6,2,3,0,0,Yes,1
STU05535,7.41,78.35,77.76,0,0,2,3,0,0,Yes,1
STU05536,5.67,45.11,50.08,2,4,1,3,3,3,No,1
STU05537,5.97,52.31,49.65,2,4,1,2,1,0,No,0
STU05538,4.46,48.41,47.49,0,0,1,2,3,2,Yes,1
STU05539,7.65,77.55,76.12,0,0,0,1,2,0,No,0
STU05540,5.61,54.24,55.76,1,2,0,1,3,0,No,1
STU05541,7.15,70.81,67.14,0,0,2,4,2,0,Yes,1
STU05542,7.43,72.44,73.87,3,6,4,1,2,0,Yes,1
STU05543,7.69,71.03,81.65,1,2,3,2,2,0,No,1
STU05544,5.62,51.73,35.0,2,5,4,2,3,0,No,1
STU05545,6.93,67.2,70.4,0,0,0,0,2,0,Yes,1
STU05546,8.92,81.83,81.76,3,6,4,2,1,0,No,1
STU05547,8.97,91.43,87.94,1,3,1,3,1,0,Yes,1
STU05548,8.14,90.32,89.69,0,0,0,3,2,0,No,0
STU05549,7.39,69.81,68.93,0,0,1,3,0,0,No,0
STU05550,5.84,47.85,46.48,0,0,3,4,3,1,Yes,1
STU05551,7.83,75.01,76.26,1,3,1,0,2,0,No,1
STU05552,6.82,54.95,53.31,2,5,5,1,1,0,No,0
STU05553,7.64,89.45,87.62,2,6,1,2,5,0,No,1
STU05554,6.27,54.19,53.62,1,3,4,0,2,0,No,0
STU05555,6.8,59.57,71.59,1,2,6,3,4,0,Yes,0
STU05556,7.19,64.02,65.79,2,4,1,5,2,0,Yes,1
STU05557,7.28,69.93,69.47,1,2,1,2,1,0,No,1
STU05558,7.57,72.19,79.03,2,3,5,5,1,1,Yes,1
STU05559,6.33,66.32,48.08,0,0,1,1,2,0,No,0
STU05560,5.46,41.68,45.56,0,0,2,7,1,0,Yes,0
STU05561,8.87,78.38,90.05,0,0,2,2,3,0,Yes,1
STU05562,9.86,93.0,85.42,3,10,5,3,3,0,Yes,1
STU05563,7.51,74.94,69.69,2,4,2,0,3,0,Yes,1
STU05564,5.48,47.98,53.01,2,4,2,2,2,0,Yes,1
STU05565,6.11,58.31,60.35,0,0,2,4,1,1,Yes,0
STU05566,7.59,77.39,82.93,0,0,3,3,4,0,No,1
STU05567,8.54,85.62,78.85,0,0,1,1,2,0,No,0
STU05568,5.61,41.74,43.7,1,1,4,3,0,0,No,0
STU05569,6.86,55.53,59.71,3,12,1,2,2,0,Yes,1
STU05570,7.23,67.14,72.66,0,0,1,3,2,0,Yes,0
STU05571,7.99,74.98,71.3,2,4,5,2,2,0,Yes,1
STU05572,6.6,63.18,51.73,0,0,3,0,1,0,No,0
STU05573,5.2,36.95,40.46,0,0,1,2,0,0,Yes,0
STU05574,7.71,75.63,69.69,0,0,1,5,3,0,Yes,0
STU05575,8.29,83.08,86.43,0,0,4,1,4,0,Yes,0
STU05576,6.91,66.09,68.23,1,3,5,3,3,1,No,1
STU05577,7.47,77.32,69.03,3,11,4,3,1,0,Yes,1
STU05578,6.45,57.39,55.19,3,12,1,2,1,0,No,0
STU05579,6.03,49.98,35.75,0,0,2,5,2,0,Yes,0
STU05580,8.18,90.6,77.39,1,1,3,1,3,0,Yes,1
STU05581,7.45,72.66,79.04,1,3,1,0,2,0,Yes,1
STU05582,7.56,84.83,70.24,0,0,3,4,2,0,No,1
STU05583,8.73,85.0,77.4,1,1,1,1,2,0,No,1
STU05584,5.79,51.55,56.91,0,0,3,2,1,0,Yes,0
STU05585,6.37,57.32,48.46,0,0,0,0,2,0,No,0
STU05586,7.18,72.04,76.93,3,9,6,2,5,0,Yes,1
STU05587,6.35,55.4,72.24,1,2,2,4,2,0,No,1
STU05588,7.9,81.06,76.83,2,6,8,1,1,0,No,1
STU05589,6.78,73.6,68.88,1,1,2,3,2,0,No,1
STU05590,5.86,58.65,39.35,1,2,5,0,3,0,Yes,0
STU05591,7.08,75.41,55.8,0,0,2,2,2,0,No,0
STU05592,7.2,62.83,63.1,0,0,1,2,3,0,No,0
STU05593,8.07,75.13,84.15,3,8,8,1,2,0,No,1
STU05594,7.45,76.0,71.7,1,2,1,2,3,1,No,0
STU05595,7.53,80.46,71.72,1,3,3,5,1,0,Yes,1
STU05596,7.37,70.35,62.72,1,1,2,0,1,1,Yes,1
STU05597,6.78,60.2,60.62,3,11,9,0,4,1,Yes,1
STU05598,6.18,64.11,48.88,0,0,4,2,3,0,No,0
STU05599,7.33,77.08,64.43,2,4,7,2,5,1,Yes,1
STU05600,6.62,68.08,52.69,0,0,0,1,3,0,No,0
STU05601,8.94,85.21,86.01,0,0,0,0,3,0,No,1
STU05602,8.54,82.78,78.58,2,3,5,1,2,0,Yes,1
STU05603,7.73,84.16,75.43,0,0,0,3,1,0,Yes,0
STU05604,7.44,72.83,60.79,1,3,2,0,3,2,No,0
STU05605,6.9,62.57,66.25,1,1,1,1,2,0,No,0
STU05606,5.55,44.33,48.25,1,3,4,2,1,0,No,0
STU05607,6.75,60.78,59.46,3,7,3,2,3,0,Yes,1
STU05608,7.12,74.99,67.71,0,0,1,0,3,0,No,0
STU05609,7.26,62.89,74.55,0,0,3,5,2,0,No,0
STU05610,7.54,79.75,64.28,0,0,2,3,1,0,No,1
STU05611,8.06,77.83,79.48,3,10,7,1,1,1,No,0
STU05612,6.2,54.81,45.24,2,3,5,3,3,0,Yes,1
STU05613,6.21,55.3,53.71,0,0,5,5,2,0,Yes,0
STU05614,8.67,85.29,82.06,1,1,1,1,2,0,No,0
STU05615,7.89,78.6,77.17,1,3,0,1,4,0,Yes,0
STU05616,6.55,58.1,62.86,3,6,2,2,4,0,Yes,1
STU05617,6.88,62.42,67.76,1,3,4,2,2,0,No,0
STU05618,6.88,73.83,69.43,2,3,2,2,1,0,Yes,0
STU05619,7.04,68.65,63.12,0,0,1,1,2,0,Yes,0
STU05620,7.54,75.29,77.26,1,1,4,1,1,2,Yes,1
STU05621,9.92,85.85,89.76,2,4,2,1,2,0,No,0
STU05622,7.22,68.81,66.03,0,0,2,2,1,1,Yes,0
STU05623,7.76,75.02,76.57,1,2,7,2,2,0,Yes,1
STU05624,5.06,51.71,43.32,2,3,6,2,2,0,Yes,1
STU05625,6.44,54.69,64.58,2,5,1,3,3,0,No,0
STU05626,8.41,71.57,86.91,0,0,3,1,3,0,Yes,1
STU05627,7.46,75.21,69.84,1,2,4,2,3,0,No,1
STU05628,4.0,43.45,39.69,1,3,4,3,2,0,Yes,1
STU05629,7.78,75.52,81.78,0,0,2,4,1,0,Yes,0
STU05630,9.21,94.19,93.76,0,0,1,1,2,0,Yes,1
STU05631,4.7,35.0,44.9,0,0,0,5,2,0,Yes,0
STU05632,8.75,96.49,87.98,3,10,6,1,1,0,Yes,1
STU05633,4.0,51.45,49.94,1,3,3,2,2,0,Yes,0
STU05634,8.08,78.49,78.21,0,0,1,4,2,0,Yes,1
STU05635,6.99,64.97,65.18,1,3,6,3,1,2,Yes,1
STU05636,4.3,48.47,45.36,0,0,0,0,2,3,Yes,0
STU05637,7.51,78.75,69.99,2,6,2,2,0,0,No,1
STU05638,8.32,80.6,91.6,1,1,3,4,2,0,Yes,1
STU05639,7.42,64.48,68.56,1,3,5,2,2,0,Yes,1
STU05640,7.67,90.5,75.18,1,3,3,3,3,0,Yes,1
STU05641,6.53,66.16,68.92,0,0,1,0,3,0,Yes,1
STU05642,4.86,47.32,35.0,1,1,5,2,2,0,Yes,1
STU05643,7.8,80.31,77.55,0,0,2,0,1,0,No,0
STU05644,9.01,91.84,81.15,0,0,1,0,1,2,No,1
STU05645,8.3,88.64,81.19,0,0,6,1,2,2,No,0
STU05646,4.71,35.0,35.8,0,0,0,3,3,0,No,0
STU05647,5.26,45.88,42.76,1,1,1,2,5,0,No,0
STU05648,6.03,51.25,51.13,0,0,1,5,1,2,Yes,0
STU05649,5.17,46.63,46.02,0,0,1,1,1,0,No,0
STU05650,7.05,73.34,71.09,0,0,1,3,1,0,No,0
STU05651,7.45,63.96,57.76,0,0,1,0,2,2,No,0
STU05652,5.36,40.42,44.76,0,0,1,2,1,0,No,0
STU05653,7.89,76.31,76.35,0,0,2,1,3,0,Yes,0
STU05654,7.69,78.97,74.66,3,7,3,0,1,0,Yes,1
STU05655,6.37,63.2,55.41,0,0,4,0,3,0,No,0
STU05656,6.8,74.51,56.74,1,3,1,1,2,0,Yes,0
STU05657,4.76,44.41,35.0,2,4,5,0,2,1,No,0
STU05658,6.62,66.74,60.06,3,7,7,2,1,0,No,0
STU05659,7.01,72.25,59.02,0,0,0,4,1,0,Yes,0
STU05660,7.19,74.1,70.27,0,0,4,4,5,0,No,0
STU05661,7.44,74.28,65.8,1,2,3,2,1,0,Yes,1
STU05662,7.28,69.82,73.37,1,3,4,0,0,0,No,1
STU05663,6.7,56.53,59.59,1,3,5,4,1,0,No,1
STU05664,7.33,66.12,70.0,0,0,1,1,3,3,No,1
STU05665,8.15,84.96,78.4,2,4,8,1,2,0,No,1
STU05666,6.89,65.75,60.64,1,2,2,2,3,0,No,1
STU05667,7.37,70.93,69.03,0,0,2,2,5,1,Yes,1
STU05668,6.79,68.42,68.52,3,11,5,1,0,2,No,0
STU05669,6.26,55.53,44.52,1,3,3,2,2,1,No,0
STU05670,7.6,71.27,69.86,2,5,6,2,3,0,No,1
STU05671,6.36,56.51,61.45,0,0,1,0,1,0,No,0
STU05672,7.44,79.48,76.47,0,0,1,3,4,0,Yes,1
STU05673,7.03,62.27,73.47,0,0,1,0,2,0,Yes,0
STU05674,6.65,63.52,58.91,2,5,5,1,0,0,Yes,1
STU05675,6.62,61.49,50.92,3,12,5,0,2,1,No,1
STU05676,6.42,54.29,49.21,2,5,4,2,1,2,Yes,0
STU05677,5.11,45.56,42.53,1,3,8,0,1,0,No,0
STU05678,7.44,65.07,76.06,1,1,2,1,1,1,No,1
STU05679,7.27,72.63,67.45,0,0,3,2,1,0,Yes,0
STU05680,7.98,73.13,76.33,0,0,1,2,4,0,Yes,1
STU05681,6.39,64.95,57.9,0,0,3,0,2,0,No,0
STU05682,9.18,88.1,85.82,1,3,1,5,1,0,Yes,1
STU05683,6.56,57.51,55.3,3,10,5,1,2,0,No,1
STU05684,5.99,60.61,44.64,1,2,1,0,3,0,No,0
STU05685,5.86,46.15,55.02,1,3,3,2,3,1,No,1
STU05686,5.01,42.42,50.19,0,0,4,2,3,0,Yes,0
STU05687,8.76,76.12,77.75,1,2,7,3,1,0,Yes,1
STU05688,8.58,93.92,80.65,0,0,1,2,2,0,No,1
STU05689,7.69,89.27,79.03,2,6,1,4,2,0,No,0
STU05690,5.97,43.4,43.62,1,2,3,4,2,0,Yes,0
STU05691,9.08,83.47,87.56,0,0,2,3,3,0,Yes,1
STU05692,6.6,61.84,56.47,1,2,1,5,2,0,Yes,0
STU05693,6.69,59.73,52.52,0,0,1,0,1,0,No,1
STU05694,8.65,86.35,94.21,0,0,3,2,2,0,Yes,1
STU05695,7.76,78.1,73.76,1,2,4,2,1,0,No,1
STU05696,9.53,91.81,89.51,1,2,6,2,1,2,No,1
STU05697,7.29,66.55,62.59,0,0,3,1,3,0,Yes,1
STU05698,6.54,61.82,66.98,0,0,0,1,2,0,Yes,0
STU05699,6.3,50.52,65.9,0,0,0,3,2,0,Yes,0
STU05700,4.88,43.97,35.0,0,0,0,1,3,3,No,0
STU05701,6.68,52.24,58.68,0,0,1,2,1,0,No,0
STU05702,8.32,81.91,89.3,1,1,3,2,2,0,No,1
STU05703,7.69,74.57,72.2,1,3,5,3,1,0,No,1
STU05704,7.02,73.95,67.75,0,0,2,3,2,0,No,0
STU05705,5.86,51.97,39.24,3,9,10,1,4,0,No,1
STU05706,7.26,72.64,64.17,1,3,6,2,1,0,No,1
STU05707,8.16,82.85,81.82,1,1,3,5,3,1,Yes,1
STU05708,7.5,62.57,68.81,1,3,0,4,1,0,Yes,1
STU05709,7.19,58.85,65.66,2,6,6,4,2,0,Yes,1
STU05710,6.08,52.71,42.53,1,2,1,2,1,0,No,0
STU05711,8.0,83.19,82.44,1,1,3,3,1,0,No,0
STU05712,4.0,43.71,35.0,1,1,3,0,1,0,No,0
STU05713,7.44,69.3,80.73,2,4,4,3,2,3,Yes,1
STU05714,9.96,88.31,82.65,2,4,3,2,2,0,Yes,1
STU05715,5.27,46.05,49.81,2,3,5,1,2,0,No,1
STU05716,6.72,68.02,64.56,0,0,1,2,1,0,No,0
STU05717,6.99,72.03,58.78,1,2,3,0,3,0,No,1
STU05718,6.47,56.24,53.11,1,3,3,1,2,1,No,1
STU05719,8.19,82.92,77.48,0,0,2,4,1,0,Yes,1
STU05720,7.54,77.7,70.7,0,0,1,6,3,0,Yes,1
STU05721,7.18,73.13,59.79,2,5,6,3,2,1,Yes,1
STU05722,7.92,90.62,80.91,0,0,2,0,2,0,Yes,1
STU05723,7.02,68.05,61.08,1,3,6,1,2,2,No,1
STU05724,10.0,96.9,86.21,1,2,3,3,2,0,Yes,1
STU05725,7.17,63.6,73.6,1,1,1,0,2,0,No,0
STU05726,7.22,67.5,71.76,2,4,4,4,2,0,Yes,1
STU05727,5.03,35.0,40.28,2,5,8,1,2,0,Yes,1
STU05728,6.38,59.2,61.54,1,1,0,3,0,0,No,0
STU05729,8.32,88.24,85.35,0,0,2,4,3,0,Yes,0
STU05730,5.46,35.0,41.99,0,0,0,1,3,0,Yes,0
STU05731,4.52,46.81,39.6,0,0,0,0,1,0,No,0
STU05732,7.04,72.13,71.51,1,2,3,3,1,0,Yes,0
STU05733,8.58,89.34,87.73,0,0,0,2,1,0,No,0
STU05734,7.05,61.51,56.67,1,1,1,4,1,0,No,0
STU05735,6.61,66.32,52.65,0,0,3,4,2,1,Yes,0
STU05736,4.86,46.45,47.56,0,0,3,1,5,0,Yes,0
STU05737,7.52,79.21,65.62,2,4,3,2,1,0,No,1
STU05738,7.76,78.08,80.66,3,11,3,0,5,0,No,1
STU05739,4.95,48.99,55.32,1,2,4,4,2,0,Yes,1
STU05740,8.3,90.92,83.51,0,0,3,4,2,0,Yes,1
STU05741,7.88,79.02,71.7,0,0,7,1,2,0,No,0
STU05742,8.3,85.94,82.29,0,0,2,1,2,0,Yes,0
STU05743,7.67,85.3,81.01,1,2,2,1,1,0,Yes,1
STU05744,7.75,77.96,76.35,1,1,1,3,1,1,Yes,1
STU05745,7.6,69.96,76.62,2,5,5,1,1,0,No,1
STU05746,8.0,85.6,73.74,1,3,4,2,3,0,Yes,1
STU05747,4.91,55.18,39.23,0,0,1,1,2,0,Yes,1
STU05748,5.27,55.78,50.49,2,4,5,2,3,0,Yes,0
STU05749,6.15,59.75,48.19,2,5,2,2,5,0,Yes,0
STU05750,6.85,51.38,46.92,2,5,2,3,2,0,No,1
STU05751,7.45,70.78,69.75,3,12,4,0,1,0,No,1
STU05752,7.37,70.03,72.42,2,6,7,2,2,0,No,1
STU05753,8.28,84.33,87.41,1,1,1,0,1,2,No,1
STU05754,8.32,94.51,91.25,2,3,6,1,2,0,No,1
STU05755,6.0,47.2,51.19,1,2,2,3,1,1,Yes,0
STU05756,7.27,85.57,73.07,1,1,2,1,5,2,No,1
STU05757,6.02,51.66,51.68,1,3,2,2,4,0,No,0
STU05758,6.78,59.78,63.51,1,2,2,0,2,0,No,0
STU05759,7.37,78.56,69.37,0,0,0,3,2,3,Yes,0
STU05760,4.0,50.67,44.44,1,1,4,1,1,0,No,1
STU05761,9.77,93.51,82.23,1,2,2,1,2,0,No,1
STU05762,7.65,72.9,86.39,0,0,2,0,0,0,No,0
STU05763,6.31,60.44,40.08,1,3,5,2,1,0,No,0
STU05764,9.22,82.55,89.17,2,5,4,5,1,1,Yes,1
STU05765,6.6,56.72,60.42,3,11,6,3,5,0,Yes,1
STU05766,7.15,69.67,69.47,3,8,0,2,1,0,No,1
STU05767,6.44,54.24,49.06,1,3,5,1,2,0,No,1
STU05768,8.9,94.05,74.67,2,4,5,4,1,0,Yes,1
STU05769,6.88,62.4,66.5,0,0,1,3,2,0,Yes,0
STU05770,7.17,69.21,75.58,1,1,2,0,0,0,No,1
STU05771,8.38,79.57,83.18,0,0,2,2,2,0,Yes,1
STU05772,7.67,84.05,79.65,0,0,1,5,2,1,No,0
STU05773,6.94,62.86,61.11,1,3,1,1,4,0,No,0
STU05774,8.28,90.86,83.0,0,0,1,1,1,0,No,0
STU05775,9.92,96.14,94.08,2,5,6,4,3,2,Yes,1
STU05776,7.37,70.74,68.54,3,9,2,1,3,0,No,1
STU05777,7.13,70.17,74.1,0,0,1,3,1,0,Yes,0
STU05778,7.2,68.04,58.08,0,0,1,4,2,0,No,1
STU05779,8.51,88.99,79.04,2,5,3,1,3,0,No,1
STU05780,6.31,56.21,57.65,2,4,6,2,2,1,No,1
STU05781,6.68,60.17,71.09,2,4,3,1,2,2,Yes,1
STU05782,5.23,48.18,44.99,1,2,2,2,3,0,No,0
STU05783,5.64,40.94,41.23,2,6,7,1,3,1,No,0
STU05784,6.4,58.26,67.0,2,5,3,2,1,0,Yes,0
STU05785,6.94,70.72,63.07,0,0,4,4,3,0,Yes,1
STU05786,9.03,89.01,89.17,3,9,6,0,2,1,No,1
STU05787,7.62,82.66,71.95,2,5,6,3,1,0,Yes,1
STU05788,5.95,50.97,51.09,1,3,2,2,2,0,Yes,1
STU05789,6.16,52.83,49.21,0,0,2,1,2,1,Yes,0
STU05790,8.58,79.39,96.64,3,9,3,4,1,0,Yes,1
STU05791,8.3,81.71,88.29,0,0,1,2,2,0,Yes,1
STU05792,7.03,80.2,76.02,2,6,4,0,1,0,No,1
STU05793,6.49,61.59,52.2,0,0,1,1,1,0,No,0
STU05794,8.29,80.61,70.18,1,2,3,2,1,2,Yes,0
STU05795,5.86,46.31,47.59,1,2,4,2,3,0,Yes,0
STU05796,7.45,65.07,86.76,0,0,3,1,4,0,Yes,1
STU05797,9.61,84.47,84.53,0,0,0,1,2,1,No,1
STU05798,7.24,76.09,74.85,0,0,3,2,2,0,Yes,1
STU05799,6.11,52.35,45.76,0,0,0,2,1,0,Yes,0
STU05800,7.47,69.24,67.01,0,0,3,0,4,2,No,0
STU05801,6.46,54.35,55.96,1,2,4,2,1,1,No,0
STU05802,5.4,52.68,58.44,1,3,3,1,2,0,Yes,0
STU05803,7.81,78.86,82.95,1,3,4,3,2,2,Yes,1
STU05804,8.29,80.3,68.74,0,0,3,2,2,0,Yes,1
STU05805,6.64,60.3,63.15,1,3,3,6,2,0,Yes,1
STU05806,6.57,74.21,51.08,1,3,3,3,3,0,Yes,1
STU05807,5.89,60.05,45.65,1,2,1,2,2,0,No,0
STU05808,6.83,73.95,65.2,3,10,2,2,3,1,Yes,1
STU05809,6.35,47.45,63.36,2,6,4,1,2,0,No,1
STU05810,5.84,51.24,57.24,2,3,2,2,1,0,No,1
STU05811,9.18,84.78,87.63,1,2,1,3,2,0,Yes,1
STU05812,7.54,79.2,75.01,0,0,1,3,3,0,Yes,1
STU05813,7.66,83.97,82.69,0,0,1,0,1,0,Yes,0
STU05814,8.02,83.64,69.22,1,1,0,1,2,0,No,1
STU05815,7.89,75.09,88.29,1,1,3,0,1,0,Yes,1
STU05816,6.52,56.41,52.97,1,1,4,6,2,0,Yes,1
STU05817,7.31,76.4,71.24,1,3,0,2,3,0,No,0
STU05818,6.69,67.14,56.84,1,1,2,2,0,0,No,0
STU05819,7.5,76.3,65.51,0,0,0,0,2,1,Yes,0
STU05820,7.39,74.62,73.61,2,3,7,1,2,3,Yes,1
STU05821,6.56,61.2,59.32,2,5,1,3,3,0,No,0
STU05822,5.47,50.89,45.64,0,0,0,1,2,0,No,0
STU05823,7.17,74.77,66.56,1,1,2,2,2,0,Yes,1
STU05824,6.77,67.85,70.23,2,4,3,2,2,0,Yes,1
STU05825,4.83,46.41,56.43,1,3,8,0,1,0,No,0
STU05826,7.58,76.25,81.06,1,2,2,1,3,0,No,0
STU05827,8.11,81.97,81.16,2,6,3,2,1,0,Yes,1
STU05828,9.91,85.03,76.89,2,5,3,1,3,1,Yes,1
STU05829,6.55,56.0,61.52,1,3,5,4,1,0,No,1
STU05830,6.38,61.64,59.41,1,1,6,6,1,0,Yes,0
STU05831,5.72,46.83,52.74,2,3,5,4,4,0,Yes,0
STU05832,7.24,76.48,61.75,2,6,5,3,2,0,No,1
STU05833,7.23,71.15,73.56,0,0,2,1,5,0,Yes,1
STU05834,6.07,59.36,60.81,1,2,6,2,0,1,Yes,1
STU05835,6.8,68.5,55.79,1,3,4,4,1,0,Yes,1
STU05836,4.72,51.11,47.16,0,0,0,0,1,0,Yes,0
STU05837,8.07,79.27,74.26,2,3,5,7,2,0,Yes,1
STU05838,6.11,57.44,51.36,2,6,3,2,2,0,Yes,0
STU05839,6.96,71.67,58.55,0,0,2,2,1,0,No,1
STU05840,5.36,39.23,43.44,1,2,2,2,1,1,Yes,0
STU05841,6.33,67.85,52.58,0,0,0,0,1,0,No,0
STU05842,6.68,76.25,62.13,0,0,0,0,1,0,No,0
STU05843,6.99,73.3,69.96,0,0,2,1,1,0,Yes,0
STU05844,7.55,80.98,80.45,1,2,3,3,1,0,Yes,0
STU05845,8.65,90.08,79.64,2,6,1,1,3,0,Yes,1
STU05846,7.84,77.83,78.93,1,3,4,1,2,0,No,1
STU05847,8.11,81.79,72.87,0,0,2,1,0,0,Yes,1
STU05848,8.66,92.37,82.92,0,0,1,1,2,0,Yes,0
STU05849,7.66,71.72,74.82,0,0,0,3,4,0,No,1
STU05850,6.96,60.85,58.68,0,0,3,3,2,2,Yes,1
STU05851,8.16,80.56,83.3,1,1,3,6,2,0,Yes,1
STU05852,8.23,87.52,79.65,3,7,4,5,2,0,Yes,1
STU05853,7.75,73.5,76.63,2,5,6,1,2,0,No,1
STU05854,5.33,47.01,52.71,0,0,1,1,2,1,Yes,0
STU05855,6.03,53.4,48.48,0,0,5,2,3,1,No,0
STU05856,6.68,56.65,64.82,1,3,4,2,4,0,Yes,1
STU05857,7.9,65.8,86.09,1,2,1,3,2,0,Yes,0
STU05858,6.98,61.29,72.74,0,0,5,2,5,0,Yes,1
STU05859,8.31,85.85,80.15,3,11,3,1,4,0,Yes,1
STU05860,8.51,88.65,76.9,1,1,1,3,3,0,Yes,1
STU05861,8.38,87.77,77.54,1,1,3,1,3,0,No,1
STU05862,8.39,88.52,72.35,2,3,1,0,2,2,No,0
STU05863,5.81,48.08,52.96,0,0,1,1,2,0,No,1
STU05864,7.56,71.15,77.68,1,2,3,0,3,0,No,1
STU05865,6.3,59.55,55.01,2,5,4,1,1,0,Yes,1
STU05866,5.1,46.02,36.03,2,4,2,3,2,0,Yes,1
STU05867,6.67,67.98,57.34,0,0,2,1,3,0,Yes,0
STU05868,8.52,88.06,91.05,0,0,1,1,3,0,No,0
STU05869,7.53,83.53,76.49,1,2,2,1,3,0,No,0
STU05870,9.32,86.21,90.71,0,0,3,1,1,0,Yes,1
STU05871,7.2,77.41,87.85,1,1,4,3,1,0,No,1
STU05872,9.81,100.0,88.63,2,4,2,2,4,0,No,1
STU05873,7.2,71.34,55.06,0,0,2,3,2,2,Yes,0
STU05874,7.03,71.32,58.72,0,0,1,4,1,0,Yes,0
STU05875,5.53,44.08,48.5,1,1,3,3,1,0,Yes,0
STU05876,8.28,89.37,81.12,3,9,1,6,2,0,Yes,1
STU05877,6.42,65.71,54.91,1,3,1,2,2,0,No,1
STU05878,6.26,53.76,52.8,3,7,3,2,2,2,No,1
STU05879,8.47,88.99,77.77,1,3,5,0,1,0,No,1
STU05880,8.33,86.16,83.72,0,0,2,0,2,1,Yes,1
STU05881,8.3,86.57,89.59,0,0,1,0,2,0,No,1
STU05882,6.58,66.12,68.64,1,2,1,1,3,0,Yes,1
STU05883,6.94,70.04,74.15,0,0,5,1,1,1,No,0
STU05884,6.93,65.89,57.98,0,0,1,4,2,0,Yes,1
STU05885,7.9,85.48,77.36,0,0,3,2,1,0,No,1
STU05886,8.79,93.88,82.33,1,3,4,0,3,0,No,1
STU05887,7.42,70.94,74.82,2,5,6,1,1,2,No,1
STU05888,9.27,88.88,85.39,3,12,7,2,1,0,No,1
STU05889,8.03,71.22,77.48,1,1,2,0,2,1,No,1
STU05890,6.73,67.01,69.23,0,0,2,0,2,0,No,1
STU05891,7.95,88.39,78.64,1,3,2,1,1,0,No,1
STU05892,8.96,86.36,85.65,0,0,1,4,1,0,Yes,1
STU05893,9.3,89.76,88.44,1,1,2,2,2,0,No,1
STU05894,8.36,83.36,85.74,1,1,3,3,3,0,Yes,1
STU05895,7.03,66.06,69.46,0,0,2,6,2,0,Yes,0
STU05896,6.75,65.24,70.16,0,0,0,1,4,0,No,1
STU05897,7.66,72.97,66.96,3,12,1,1,4,0,No,1
STU05898,8.93,86.38,86.74,0,0,0,3,4,0,No,0
STU05899,7.5,69.95,71.77,1,2,3,0,3,2,No,1
STU05900,7.52,79.24,70.9,1,3,3,1,3,0,Yes,1
STU05901,7.06,70.25,70.36,1,2,3,2,3,3,Yes,1
STU05902,6.62,59.25,66.62,0,0,0,1,3,0,Yes,0
STU05903,6.81,65.16,58.39,2,3,6,4,2,1,No,1
STU05904,7.16,68.97,77.42,1,1,8,6,1,0,Yes,1
STU05905,8.98,94.82,76.37,1,1,1,1,5,0,No,1
STU05906,6.72,60.74,63.93,1,2,0,3,2,0,No,1
STU05907,7.06,72.66,60.5,0,0,0,1,0,1,No,0
STU05908,6.0,49.53,46.91,1,3,2,3,2,0,Yes,0
STU05909,7.82,84.45,76.93,2,5,8,3,2,1,Yes,1
STU05910,8.57,92.26,80.64,0,0,1,1,2,0,No,0
STU05911,8.87,94.11,67.43,1,2,0,5,1,2,Yes,0
STU05912,7.23,80.31,72.15,0,0,3,3,3,2,No,0
STU05913,7.66,79.4,79.32,2,4,1,4,2,1,Yes,0
STU05914,6.82,72.52,61.13,2,5,4,0,1,0,No,0
STU05915,7.61,86.58,72.4,2,6,3,1,2,1,Yes,0
STU05916,7.36,66.64,68.14,1,1,0,5,3,0,Yes,1
STU05917,7.07,65.33,55.68,1,2,5,2,1,0,Yes,1
STU05918,7.16,61.37,56.44,2,4,4,0,3,2,No,0
STU05919,7.52,82.02,77.48,0,0,0,2,2,0,Yes,1
STU05920,6.66,53.38,65.82,3,9,3,3,1,1,Yes,1
STU05921,6.72,52.65,63.91,2,4,2,2,1,0,No,0
STU05922,8.96,81.33,87.19,0,0,0,0,5,0,No,1
STU05923,10.0,79.46,91.59,0,0,1,2,3,0,Yes,1
STU05924,5.61,51.87,51.54,2,6,5,1,3,0,Yes,0
STU05925,5.55,43.32,42.11,0,0,0,1,3,0,Yes,0
STU05926,5.9,42.65,51.12,0,0,1,3,1,0,Yes,1
STU05927,6.88,65.65,61.12,0,0,3,3,2,0,Yes,1
STU05928,8.03,81.92,77.12,2,5,4,2,1,0,Yes,1
STU05929,7.68,66.7,81.76,0,0,2,3,5,0,No,0
STU05930,7.2,66.63,77.36,0,0,2,1,2,0,No,0
STU05931,7.61,76.4,59.77,0,0,1,0,1,0,No,1
STU05932,6.2,53.93,51.54,1,3,2,4,3,0,Yes,1
STU05933,6.72,61.31,58.44,1,3,2,1,2,0,No,0
STU05934,6.98,74.54,71.44,0,0,2,1,0,0,No,0
STU05935,5.18,60.52,35.94,1,3,3,3,2,0,Yes,0
STU05936,5.66,48.73,35.0,1,2,4,2,1,0,Yes,1
STU05937,5.71,43.08,52.94,0,0,0,2,2,0,Yes,0
STU05938,7.88,78.8,82.99,1,2,7,0,1,1,Yes,1
STU05939,7.28,73.41,58.54,1,3,0,3,1,0,Yes,1
STU05940,7.7,77.85,74.43,1,2,4,2,2,0,Yes,1
STU05941,4.88,50.14,52.66,0,0,0,4,3,0,No,0
STU05942,5.29,61.43,38.69,1,2,3,0,1,0,No,0
STU05943,7.76,68.6,76.48,2,6,2,4,4,0,Yes,1
STU05944,4.0,42.08,45.17,0,0,1,6,1,0,Yes,0
STU05945,8.41,94.25,73.44,2,6,2,4,1,0,Yes,1
STU05946,4.9,43.42,40.16,1,1,6,0,3,0,No,0
STU05947,7.97,85.96,68.08,1,2,3,0,5,0,No,0
STU05948,5.98,57.31,49.54,0,0,3,1,1,0,Yes,0
STU05949,8.21,90.76,75.59,1,1,1,1,2,0,No,1
STU05950,10.0,100.0,88.14,0,0,2,2,2,0,Yes,0
STU05951,4.39,47.52,46.33,2,3,1,2,3,0,No,0
STU05952,7.8,68.81,84.61,0,0,1,3,1,0,Yes,1
STU05953,4.92,42.41,57.6,0,0,2,1,3,0,Yes,0
STU05954,7.49,88.4,73.53,0,0,5,0,2,0,No,1
STU05955,6.76,55.53,59.11,2,3,5,3,4,0,Yes,1
STU05956,7.15,73.15,64.93,2,3,5,1,1,0,No,1
STU05957,5.95,38.15,44.45,0,0,1,0,1,0,Yes,0
STU05958,7.9,72.35,80.14,0,0,1,1,3,0,Yes,1
STU05959,5.33,53.73,42.44,2,3,6,0,2,0,Yes,1
STU05960,8.43,85.38,85.27,0,0,2,0,3,0,No,1
STU05961,6.53,58.23,51.89,0,0,2,0,1,0,No,0
STU05962,5.39,43.84,42.93,0,0,1,1,1,0,Yes,1
STU05963,8.83,75.47,87.04,0,0,1,5,2,1,Yes,0
STU05964,6.92,70.71,62.8,2,6,7,2,2,0,No,1
STU05965,9.19,86.99,74.16,1,2,2,5,3,2,Yes,1
STU05966,8.4,75.84,81.88,0,0,1,1,3,2,No,1
STU05967,6.08,54.79,46.8,2,5,1,4,2,0,Yes,1
STU05968,6.9,69.78,70.38,2,3,4,1,4,1,No,0
STU05969,7.14,68.86,72.89,0,0,0,4,4,0,Yes,0
STU05970,8.76,87.76,70.37,0,0,1,5,2,2,Yes,0
STU05971,7.5,75.66,77.24,0,0,0,2,2,2,No,0
STU05972,7.2,66.74,70.31,0,0,3,1,1,0,No,0
STU05973,6.77,64.48,52.25,0,0,1,4,2,0,Yes,1
STU05974,6.94,71.36,69.21,1,3,2,3,2,0,No,1
STU05975,8.5,91.85,74.96,0,0,2,2,2,0,Yes,1
STU05976,7.0,72.66,71.78,2,4,2,2,1,0,No,1
STU05977,6.55,56.65,53.82,0,0,3,5,2,0,Yes,0
STU05978,6.35,61.72,45.79,1,1,3,0,2,0,No,1
STU05979,6.36,60.93,67.86,1,3,3,4,1,0,Yes,1
STU05980,5.39,44.47,36.45,2,3,5,4,1,0,No,0
STU05981,6.14,52.48,47.43,1,2,4,1,2,0,No,1
STU05982,8.72,91.01,80.27,0,0,3,1,2,0,No,1
STU05983,6.76,72.28,58.28,0,0,1,2,1,1,Yes,0
STU05984,7.81,68.52,80.59,0,0,2,1,0,0,Yes,0
STU05985,4.15,55.16,42.67,0,0,3,3,2,0,Yes,0
STU05986,7.65,84.53,80.57,0,0,2,1,0,0,No,1
STU05987,6.81,66.15,64.19,1,2,2,3,1,0,Yes,0
STU05988,6.45,57.82,46.23,2,5,2,2,3,0,No,1
STU05989,7.21,73.42,71.38,1,2,4,0,2,0,No,1
STU05990,6.43,55.17,57.42,2,6,5,1,2,0,Yes,1
STU05991,4.56,44.71,39.03,0,0,1,1,2,0,Yes,1
STU05992,8.06,73.23,91.52,1,3,2,0,0,0,No,1
STU05993,7.28,61.74,72.84,1,3,3,3,1,0,No,1
STU05994,6.64,76.09,64.75,0,0,0,3,5,0,Yes,0
STU05995,5.89,53.04,55.52,1,3,2,1,1,0,Yes,1
STU05996,5.31,49.47,42.73,3,6,4,2,1,0,Yes,0
STU05997,7.26,71.66,72.64,0,0,1,1,3,1,No,0
STU05998,8.86,82.56,86.42,1,2,1,2,1,0,No,0
STU05999,7.23,69.63,65.13,0,0,1,0,3,1,No,0
STU06000,5.41,49.39,38.52,1,2,4,0,0,0,Yes,0
STU06001,7.26,70.68,69.0,0,0,1,3,3,0,Yes,1
STU06002,6.94,62.36,67.4,1,2,2,0,3,0,No,1
STU06003,7.99,84.35,78.57,0,0,1,3,2,0,Yes,0
STU06004,7.7,79.25,74.02,0,0,2,1,3,0,No,0
STU06005,4.0,47.48,42.29,1,1,2,2,1,0,No,0
STU06006,7.63,81.35,72.39,0,0,0,2,3,0,No,0
STU06007,5.85,51.22,58.53,1,3,1,0,1,0,No,0
STU06008,5.37,47.57,47.2,0,0,1,3,4,0,Yes,0
STU06009,6.78,73.27,58.45,2,4,6,2,3,0,Yes,0
STU06010,7.47,69.33,61.15,1,3,3,2,2,2,Yes,0
STU06011,5.11,36.1,43.16,0,0,1,7,2,0,Yes,0
STU06012,7.81,82.73,72.94,0,0,3,2,4,0,No,1
STU06013,7.88,76.43,73.52,2,5,5,1,2,0,No,1
STU06014,7.05,62.3,71.42,0,0,0,3,2,0,Yes,1
STU06015,6.0,59.04,51.21,0,0,1,4,2,3,Yes,0
STU06016,5.87,51.66,39.43,2,5,6,1,2,1,No,0
STU06017,8.18,75.54,83.84,0,0,1,2,2,0,No,1
STU06018,5.26,59.62,35.51,3,10,3,1,1,1,No,0
STU06019,8.22,73.85,84.67,0,0,3,2,1,3,Yes,0
STU06020,6.81,64.36,59.03,0,0,1,3,2,0,Yes,1
STU06021,6.89,54.73,63.59,2,5,2,2,2,0,No,1
STU06022,5.04,48.65,43.87,1,2,1,4,1,0,Yes,0
STU06023,6.83,61.33,61.29,0,0,0,1,1,0,No,0
STU06024,7.71,83.11,76.46,1,1,1,4,1,1,No,1
STU06025,5.46,49.11,46.7,2,6,4,0,3,1,No,0
STU06026,7.57,84.52,84.64,1,2,3,3,3,0,Yes,1
STU06027,7.1,66.91,67.83,1,3,2,3,2,0,Yes,1
STU06028,6.26,47.13,55.24,0,0,2,2,1,0,Yes,0
STU06029,7.98,82.81,74.12,0,0,1,2,5,1,Yes,1
STU06030,4.47,44.1,44.9,0,0,1,0,3,0,No,0
STU06031,7.4,62.99,64.76,3,6,4,4,2,0,Yes,0
STU06032,8.86,81.23,91.46,0,0,1,1,1,0,No,0
STU06033,8.66,82.13,74.65,2,4,3,2,3,0,Yes,1
STU06034,7.45,83.95,66.56,0,0,4,1,1,0,No,1
STU06035,6.65,66.55,49.54,1,3,1,2,4,1,Yes,0
STU06036,6.27,54.76,56.36,1,1,3,2,2,0,Yes,0
STU06037,6.65,65.11,56.75,0,0,0,0,1,0,No,0
STU06038,7.63,64.85,78.21,0,0,3,0,2,0,No,0
STU06039,6.07,51.09,45.63,0,0,1,2,1,0,No,0
STU06040,7.87,82.5,80.28,1,3,2,2,3,0,No,1
STU06041,9.45,90.25,89.74,0,0,1,2,1,0,No,0
STU06042,6.93,63.43,64.94,0,0,2,2,1,0,Yes,0
STU06043,5.45,48.93,46.34,0,0,0,2,1,0,Yes,0
STU06044,5.45,51.18,46.97,2,4,5,3,0,0,No,0
STU06045,7.89,80.32,71.91,1,2,4,3,2,0,Yes,1
STU06046,6.93,71.89,57.27,2,4,5,0,4,0,No,1
STU06047,8.01,83.55,81.9,0,0,1,3,2,1,No,1
STU06048,6.39,61.54,53.26,0,0,3,4,2,0,Yes,0
STU06049,7.96,91.35,80.79,1,2,5,3,0,1,Yes,1
STU06050,6.82,69.98,71.32,0,0,0,1,2,0,Yes,1
STU06051,6.16,65.97,49.78,0,0,6,1,3,0,Yes,0
STU06052,6.54,56.58,54.01,0,0,2,4,4,0,Yes,0
STU06053,5.62,40.74,45.35,1,1,4,4,2,3,Yes,0
STU06054,9.29,88.09,86.16,0,0,1,3,1,0,Yes,1
STU06055,6.89,64.69,66.73,2,5,0,2,3,0,No,1
STU06056,7.74,87.4,75.47,2,4,2,3,5,0,No,1
STU06057,6.38,51.64,67.89,1,1,4,0,2,2,No,0
STU06058,5.79,51.2,51.2,1,1,1,0,2,0,Yes,1
STU06059,6.73,65.97,65.22,1,3,2,6,2,2,No,1
STU06060,8.27,84.53,80.7,0,0,2,1,0,0,No,1
STU06061,6.4,57.67,61.77,1,2,8,3,1,0,Yes,1
STU06062,6.0,55.84,49.46,0,0,2,1,4,0,No,0
STU06063,7.18,77.1,63.76,2,6,4,4,2,0,Yes,0
STU06064,7.57,85.65,78.86,1,2,2,3,2,0,No,1
STU06065,8.89,87.89,84.35,1,2,3,5,2,0,Yes,1
STU06066,7.41,69.14,72.51,2,5,7,0,1,0,Yes,0
STU06067,7.74,87.84,81.52,2,4,5,3,2,0,No,1
STU06068,7.83,73.13,77.43,0,0,3,7,1,0,Yes,1
STU06069,5.67,61.42,46.78,1,1,3,2,2,0,Yes,0
STU06070,5.89,60.77,46.5,2,4,2,2,4,0,No,0
STU06071,5.75,60.31,54.74,1,2,3,1,4,1,Yes,1
STU06072,5.47,53.35,44.19,0,0,0,1,3,0,Yes,0
STU06073,7.91,68.0,77.37,2,3,4,2,4,1,Yes,1
STU06074,7.33,66.76,71.71,2,5,3,2,2,0,No,1
STU06075,7.09,71.2,68.06,0,0,1,1,2,0,No,0
STU06076,4.02,41.2,48.34,0,0,4,2,4,0,Yes,1
STU06077,9.36,87.21,85.68,0,0,1,1,4,0,No,0
STU06078,5.97,57.14,58.72,2,5,3,2,2,0,No,0
STU06079,9.36,88.06,84.59,3,12,4,1,3,0,Yes,1
STU06080,5.33,41.09,47.63,0,0,1,2,2,0,No,1
STU06081,6.07,59.74,50.33,2,3,6,5,1,0,Yes,1
STU06082,4.47,48.7,55.17,0,0,0,2,4,0,No,0
STU06083,7.42,72.66,69.05,0,0,1,6,1,1,Yes,0
STU06084,5.73,55.46,46.63,0,0,0,2,5,1,Yes,0
STU06085,5.77,52.06,49.17,3,6,1,4,1,0,No,1
STU06086,5.42,56.94,44.35,0,0,0,1,1,0,Yes,0
STU06087,7.89,81.31,79.29,2,5,5,4,2,0,Yes,1
STU06088,7.82,87.43,83.87,2,5,1,2,2,2,No,0
STU06089,9.08,77.13,86.25,2,4,6,1,1,0,No,1
STU06090,6.21,58.9,54.25,1,2,2,2,2,1,Yes,1
STU06091,7.25,69.38,67.39,1,2,5,2,1,0,Yes,0
STU06092,5.52,44.43,43.55,0,0,2,3,5,0,Yes,0
STU06093,6.61,68.65,59.28,0,0,1,4,2,0,Yes,0
STU06094,6.4,64.04,55.75,1,3,3,2,3,0,Yes,0
STU06095,7.53,63.86,79.94,0,0,2,7,2,1,Yes,1
STU06096,8.17,87.32,74.27,1,2,2,2,2,0,Yes,1
STU06097,8.14,86.32,88.48,0,0,2,0,1,0,Yes,0
STU06098,6.03,49.69,50.15,1,1,0,0,2,1,No,0
STU06099,8.15,77.84,80.74,0,0,1,3,3,0,Yes,1
STU06100,6.95,57.51,57.66,0,0,2,5,1,0,No,0
STU06101,6.63,59.89,62.29,0,0,1,3,3,0,Yes,0
STU06102,6.19,54.77,47.07,0,0,1,2,1,0,No,0
STU06103,6.36,62.8,57.25,1,2,2,3,0,0,Yes,1
STU06104,9.0,89.7,86.74,0,0,3,1,5,0,No,1
STU06105,7.35,66.9,68.31,1,1,7,2,4,0,No,0
STU06106,7.2,72.38,55.56,1,3,3,2,2,0,Yes,1
STU06107,6.7,61.43,72.92,0,0,2,1,3,1,No,0
STU06108,9.81,84.04,80.33,1,2,3,2,2,0,No,0
STU06109,8.5,76.12,84.29,0,0,0,1,2,0,No,0
STU06110,6.17,59.45,48.32,0,0,1,0,1,0,No,0
STU06111,6.69,65.43,66.04,2,6,0,1,4,0,Yes,1
STU06112,6.75,67.24,58.62,1,3,3,2,2,2,No,0
STU06113,7.17,66.09,62.95,3,11,9,2,2,0,No,1
STU06114,6.19,56.95,56.49,2,5,0,6,2,0,No,0
STU06115,7.5,67.21,64.83,0,0,2,1,3,0,Yes,1
STU06116,8.67,80.71,81.15,2,3,5,4,2,0,Yes,1
STU06117,5.49,49.61,50.55,0,0,2,4,1,0,Yes,1
STU06118,5.7,52.51,56.98,0,0,2,3,2,0,Yes,0
STU06119,6.44,49.47,50.47,1,3,3,3,1,1,No,1
STU06120,6.5,53.69,53.37,1,1,2,3,1,0,Yes,0
STU06121,9.3,86.77,88.07,2,6,5,0,2,1,No,1
STU06122,8.15,88.62,67.88,2,3,5,1,2,1,No,0
STU06123,8.09,77.42,87.45,1,3,3,2,4,0,No,1
STU06124,6.7,63.76,53.92,2,3,5,6,2,0,Yes,1
STU06125,6.67,64.03,56.93,2,5,1,0,2,0,Yes,1
STU06126,5.33,46.89,46.95,1,2,2,3,1,0,No,0
STU06127,7.9,82.08,77.78,1,3,5,4,1,0,Yes,1
STU06128,7.56,68.25,67.54,1,1,6,2,2,0,No,1
STU06129,8.48,81.57,92.84,1,1,0,1,2,0,No,1
STU06130,6.76,72.57,45.51,0,0,4,2,3,0,No,0
STU06131,6.84,74.28,55.51,0,0,1,4,0,0,No,1
STU06132,7.2,75.93,64.05,0,0,1,1,3,0,Yes,0
STU06133,8.03,88.37,73.07,2,3,3,5,2,0,Yes,1
STU06134,5.31,37.29,52.56,0,0,1,2,3,0,Yes,1
STU06135,7.85,74.13,66.87,0,0,0,2,2,0,No,1
STU06136,6.98,65.59,73.8,1,1,4,0,2,0,Yes,1
STU06137,5.78,66.1,46.94,0,0,0,3,5,1,Yes,0
STU06138,4.6,43.97,35.0,3,9,8,2,4,0,No,0
STU06139,6.84,69.8,49.73,0,0,0,0,2,2,Yes,0
STU06140,8.66,88.87,82.3,1,1,6,1,4,0,No,1
STU06141,8.93,89.94,80.59,3,10,6,1,0,1,No,1
STU06142,7.41,73.91,72.47,2,3,3,3,2,0,No,1
STU06143,9.26,81.65,83.15,2,5,3,2,4,2,No,1
STU06144,6.95,50.87,69.81,2,6,6,2,2,0,Yes,1
STU06145,8.1,90.05,78.51,0,0,1,1,3,1,No,0
STU06146,6.48,56.09,54.24,2,4,6,2,0,0,Yes,1
STU06147,6.41,47.56,61.6,1,1,5,3,2,0,No,1
STU06148,6.22,58.9,54.64,0,0,1,2,2,0,Yes,1
STU06149,4.63,48.41,47.54,1,2,2,6,2,0,Yes,0
STU06150,8.48,90.13,89.41,2,4,4,5,2,1,No,1
STU06151,6.26,63.48,52.02,0,0,0,0,2,2,No,0
STU06152,6.08,49.05,51.79,2,3,1,0,0,0,Yes,1
STU06153,5.64,45.22,52.53,1,3,2,1,1,0,Yes,0
STU06154,6.76,62.16,46.37,0,0,2,2,0,0,Yes,1
STU06155,9.03,93.09,84.55,1,1,3,0,1,0,No,1
STU06156,9.41,76.56,84.83,1,3,3,2,1,0,No,1
STU06157,5.09,48.0,46.47,1,3,1,8,1,0,Yes,0
STU06158,6.59,66.97,53.57,0,0,0,2,0,0,No,0
STU06159,5.81,57.23,55.45,0,0,1,2,3,0,Yes,0
STU06160,8.14,86.97,75.3,1,3,1,3,3,0,Yes,1
STU06161,7.33,79.3,67.16,0,0,2,2,2,0,No,0
STU06162,6.27,40.35,49.85,0,0,2,2,2,0,No,0
STU06163,7.08,78.88,73.58,2,6,6,3,1,1,No,1
STU06164,6.45,61.31,43.81,1,2,3,0,4,0,No,0
STU06165,8.86,95.54,95.26,2,3,10,3,2,0,Yes,1
STU06166,7.63,70.1,82.99,1,1,2,4,3,0,No,1
STU06167,7.77,68.44,72.57,0,0,0,5,1,0,Yes,0
STU06168,4.0,55.84,48.28,2,5,3,0,2,0,Yes,0
STU06169,6.92,61.0,64.34,1,1,6,0,2,0,No,0
STU06170,9.4,87.29,96.07,1,3,2,1,1,0,Yes,1
STU06171,8.53,88.95,88.49,0,0,0,4,2,0,Yes,1
STU06172,4.88,51.08,56.6,0,0,1,0,1,0,No,0
STU06173,6.64,68.57,49.73,0,0,4,1,1,1,Yes,0
STU06174,5.62,51.61,48.41,0,0,3,3,2,0,No,0
STU06175,8.97,81.6,74.59,2,3,4,3,4,0,No,1
STU06176,7.28,76.46,66.1,2,5,9,1,2,0,No,1
STU06177,6.12,59.35,65.51,0,0,1,0,4,0,Yes,0
STU06178,7.04,57.64,68.34,0,0,3,0,1,0,No,1
STU06179,4.0,53.76,48.15,1,3,3,0,2,1,No,1
STU06180,5.75,36.43,51.44,0,0,1,1,2,0,Yes,1
STU06181,7.04,74.78,68.28,1,3,2,0,4,0,No,1
STU06182,7.97,77.45,75.12,0,0,2,0,2,0,No,0
STU06183,4.77,50.37,38.89,1,3,1,3,2,0,No,0
STU06184,6.56,63.99,54.63,2,3,2,3,3,0,No,1
STU06185,8.16,82.73,63.57,1,1,4,0,2,2,No,0
STU06186,5.33,51.1,44.9,2,3,2,1,4,0,Yes,1
STU06187,7.26,71.42,70.37,1,3,2,3,1,0,Yes,1
STU06188,7.08,73.36,62.36,1,1,3,2,3,0,Yes,1
STU06189,8.97,100.0,84.16,1,3,1,1,2,0,No,1
STU06190,6.74,55.55,63.75,1,3,3,2,1,0,Yes,1
STU06191,6.8,45.61,67.05,3,10,3,0,1,2,No,1
STU06192,7.98,78.89,71.2,0,0,2,2,2,0,Yes,1
STU06193,5.47,46.39,41.53,1,2,2,0,3,0,No,0
STU06194,6.75,61.48,65.27,1,1,2,1,5,3,No,1
STU06195,6.48,54.14,60.23,1,2,2,5,2,0,Yes,1
STU06196,6.84,70.54,70.37,1,1,2,0,3,0,No,0
STU06197,7.98,73.02,86.12,0,0,1,1,1,1,No,1
STU06198,7.64,80.01,88.79,0,0,2,5,1,0,No,1
STU06199,6.14,59.14,50.56,0,0,2,1,3,2,No,0
STU06200,7.16,72.22,76.79,1,2,4,5,3,1,Yes,1
STU06201,8.71,89.81,78.36,1,3,4,2,2,0,Yes,1
STU06202,6.04,59.83,65.5,2,5,5,3,1,0,No,1
STU06203,7.17,70.76,70.17,0,0,2,0,0,0,No,1
STU06204,6.78,62.2,64.53,1,1,2,0,2,0,No,1
STU06205,6.93,69.57,69.59,0,0,4,1,1,1,No,1
STU06206,5.12,51.0,36.26,3,8,3,2,2,1,Yes,0
STU06207,8.62,91.69,76.9,1,2,3,6,1,0,Yes,1
STU06208,6.11,44.66,52.63,3,12,4,2,3,0,No,1
STU06209,8.18,82.03,82.2,1,1,2,6,1,0,No,1
STU06210,6.29,50.7,66.59,1,2,2,0,5,0,No,0
STU06211,6.28,60.39,48.33,2,4,5,2,2,0,No,1
STU06212,8.4,89.28,91.16,0,0,0,2,3,0,Yes,0
STU06213,8.14,81.13,78.19,2,6,7,3,1,0,Yes,1
STU06214,7.24,67.23,66.93,1,1,3,2,2,0,No,0
STU06215,7.88,83.74,76.17,3,11,7,0,2,0,Yes,1
STU06216,6.67,61.72,57.69,0,0,4,5,1,1,Yes,1
STU06217,6.99,76.24,67.6,0,0,4,2,5,1,Yes,0
STU06218,6.24,67.14,51.13,0,0,0,0,1,0,No,0
STU06219,8.04,87.92,70.45,0,0,1,1,3,0,No,1
STU06220,6.2,57.44,51.44,0,0,1,1,2,2,No,0
STU06221,8.71,97.79,86.58,0,0,3,5,2,0,Yes,0
STU06222,6.64,63.5,50.64,0,0,3,3,1,1,Yes,0
STU06223,7.02,65.42,68.79,0,0,2,6,3,0,No,1
STU06224,7.87,76.06,84.2,1,2,1,1,2,0,No,0
STU06225,7.03,64.12,74.22,1,2,4,1,4,0,Yes,0
STU06226,6.66,62.33,61.4,0,0,1,3,1,0,Yes,0
STU06227,6.97,70.1,53.49,1,2,1,0,5,0,No,0
STU06228,8.03,73.3,82.68,1,2,3,4,3,2,Yes,1
STU06229,6.24,53.78,59.28,0,0,0,2,3,0,Yes,0
STU06230,6.85,66.79,58.33,0,0,4,0,1,0,No,1
STU06231,7.01,71.92,64.62,1,2,4,2,0,0,Yes,1
STU06232,7.99,81.33,81.39,2,5,8,3,0,0,Yes,1
STU06233,6.89,67.43,73.68,0,0,4,0,3,0,No,0
STU06234,9.08,80.92,83.82,1,1,3,1,3,0,Yes,1
STU06235,6.82,59.58,67.4,0,0,1,1,5,0,Yes,0
STU06236,6.73,63.06,62.32,2,6,4,4,1,0,Yes,1
STU06237,6.8,67.82,62.95,1,3,1,3,2,0,Yes,1
STU06238,5.49,50.78,54.37,1,1,2,1,2,1,Yes,0
STU06239,5.81,46.75,43.86,1,2,0,1,2,1,No,1
STU06240,6.39,57.12,56.92,3,9,5,0,2,0,No,0
STU06241,8.31,93.35,81.44,1,1,0,1,2,0,No,1
STU06242,6.96,70.53,55.23,1,3,4,1,2,0,Yes,1
STU06243,6.44,58.25,63.62,1,2,4,0,2,0,Yes,0
STU06244,8.41,78.87,87.0,0,0,0,2,3,0,No,1
STU06245,8.78,82.92,84.4,2,3,3,2,1,0,Yes,1
STU06246,8.44,85.31,80.71,1,2,0,3,3,1,Yes,0
STU06247,6.02,55.55,50.9,0,0,3,5,1,0,Yes,0
STU06248,6.43,62.41,60.26,2,4,4,3,4,0,Yes,1
STU06249,9.09,90.7,85.69,1,2,1,1,2,0,No,1
STU06250,7.28,69.93,65.15,0,0,2,4,3,0,Yes,1
STU06251,6.69,59.79,56.75,1,2,1,4,2,0,Yes,0
STU06252,7.83,91.87,76.51,3,12,6,3,2,0,Yes,0
STU06253,8.16,79.58,74.32,2,4,3,0,1,1,Yes,1
STU06254,6.34,50.05,56.8,0,0,3,3,2,0,Yes,0
STU06255,7.25,61.95,64.02,2,5,3,0,2,0,No,0
STU06256,8.07,80.01,73.4,1,3,2,2,2,0,Yes,1
STU06257,5.67,56.25,66.77,1,3,3,7,5,0,Yes,0
STU06258,7.01,64.66,76.75,1,1,4,3,1,0,Yes,1
STU06259,5.72,59.93,48.92,0,0,3,2,1,0,Yes,0
STU06260,5.87,52.43,54.58,0,0,2,1,4,0,Yes,0
STU06261,6.35,64.61,61.08,1,1,8,1,1,1,Yes,0
STU06262,7.55,71.56,72.66,0,0,2,3,2,0,Yes,1
STU06263,6.63,57.5,60.65,1,2,3,0,1,0,No,1
STU06264,6.25,57.24,52.12,2,3,2,4,1,0,No,0
STU06265,7.06,71.71,73.35,2,5,2,2,2,0,No,1
STU06266,5.68,49.67,55.36,0,0,3,2,1,0,No,0
STU06267,7.49,77.08,81.7,2,6,1,1,1,1,No,1
STU06268,8.3,87.74,82.81,1,2,5,2,1,0,Yes,1
STU06269,6.91,57.85,76.38,0,0,1,2,1,1,No,0
STU06270,6.77,62.08,60.66,2,3,2,1,3,0,Yes,0
STU06271,7.43,71.23,83.62,0,0,2,1,3,0,Yes,1
STU06272,4.67,43.13,40.17,1,2,3,2,2,0,No,0
STU06273,7.62,79.41,66.18,1,2,7,0,2,0,No,0
STU06274,10.0,86.86,99.06,1,1,1,2,2,0,Yes,0
STU06275,6.86,53.53,66.53,2,4,1,1,1,0,No,0
STU06276,6.86,64.21,65.75,2,4,2,0,1,0,Yes,1
STU06277,7.86,73.52,74.74,1,1,1,2,1,0,No,1
STU06278,8.89,90.68,79.63,1,1,1,1,1,0,Yes,1
STU06279,8.12,87.45,75.11,1,1,2,2,1,0,Yes,1
STU06280,4.52,35.0,43.52,1,3,4,2,3,0,No,0
STU06281,7.65,72.82,73.56,1,2,2,2,4,0,No,1
STU06282,9.96,91.87,75.11,0,0,3,1,1,0,Yes,1
STU06283,7.72,69.89,85.5,1,2,4,2,2,0,No,1
STU06284,5.67,55.35,45.14,1,3,2,1,2,2,Yes,0
STU06285,7.32,79.14,77.27,2,6,9,1,1,0,No,1
STU06286,5.53,48.67,42.41,0,0,3,5,2,0,Yes,0
STU06287,8.42,80.43,83.0,1,3,2,5,3,0,No,1
STU06288,5.9,38.94,55.64,2,4,5,5,0,0,Yes,1
STU06289,7.09,74.13,71.25,1,2,1,5,2,0,Yes,1
STU06290,6.01,65.85,49.23,0,0,2,2,4,0,Yes,1
STU06291,6.37,69.02,58.3,2,6,10,1,1,0,No,0
STU06292,8.71,85.68,87.91,0,0,1,5,4,0,Yes,1
STU06293,7.12,63.24,65.91,1,2,1,2,2,0,No,1
STU06294,6.36,63.06,48.35,1,2,3,2,2,0,No,0
STU06295,5.68,50.0,44.02,2,4,3,2,0,0,No,1
STU06296,4.85,49.21,41.06,2,6,3,1,3,0,No,1
STU06297,5.56,51.69,47.03,2,6,3,2,1,1,No,0
STU06298,7.13,70.47,76.47,1,3,6,4,4,0,Yes,1
STU06299,8.13,88.83,85.1,0,0,1,2,5,0,No,1
STU06300,6.36,64.4,50.11,0,0,0,2,3,0,Yes,0
STU06301,8.81,84.16,95.32,0,0,0,3,2,0,Yes,0
STU06302,6.17,50.2,52.27,1,3,4,1,3,0,No,1
STU06303,6.73,48.43,64.46,1,3,4,4,2,0,Yes,1
STU06304,5.76,49.34,42.78,0,0,2,2,1,0,No,0
STU06305,8.14,76.19,77.04,2,4,5,3,2,0,Yes,1
STU06306,9.41,91.7,92.41,0,0,1,3,1,0,No,1
STU06307,4.97,44.77,38.51,0,0,1,1,3,0,No,0
STU06308,6.6,60.16,58.86,2,4,3,3,5,0,Yes,0
STU06309,8.45,90.2,85.15,1,1,3,1,1,0,No,1
STU06310,5.34,50.81,39.29,0,0,2,4,3,1,Yes,0
STU06311,7.65,76.82,63.85,2,6,5,5,2,0,Yes,1
STU06312,8.4,95.1,87.42,0,0,2,1,1,0,No,1
STU06313,7.09,73.74,83.5,0,0,1,0,2,0,No,1
STU06314,7.63,74.72,76.97,2,5,7,0,2,0,No,0
STU06315,9.03,85.93,89.06,1,2,2,0,1,0,No,1
STU06316,9.24,93.54,80.5,1,1,1,4,2,0,Yes,1
STU06317,6.93,67.88,72.48,0,0,0,2,0,1,Yes,0
STU06318,6.39,51.77,53.24,0,0,4,3,2,0,Yes,1
STU06319,5.94,58.52,57.13,1,1,2,3,1,0,No,0
STU06320,8.12,90.18,83.28,3,11,4,2,5,0,No,1
STU06321,5.42,56.05,49.75,1,1,4,0,2,0,No,1
STU06322,6.71,72.41,63.71,0,0,0,0,3,0,No,0
STU06323,7.12,82.2,70.15,3,8,4,1,2,1,Yes,1
STU06324,6.42,69.31,57.64,3,10,2,2,2,0,Yes,1
STU06325,7.32,74.86,75.63,0,0,4,0,2,0,Yes,0
STU06326,9.95,88.49,82.39,0,0,0,0,2,0,No,1
STU06327,6.86,54.61,61.15,0,0,2,2,1,0,Yes,0
STU06328,6.5,60.12,65.86,1,1,2,0,0,0,Yes,1
STU06329,8.17,86.12,81.04,0,0,1,1,1,0,No,0
STU06330,7.28,72.39,67.17,2,5,1,2,1,0,No,1
STU06331,8.66,75.22,89.76,0,0,2,1,3,0,No,1
STU06332,7.19,69.08,72.82,1,1,4,2,4,0,No,1
STU06333,6.71,67.08,52.41,0,0,2,0,3,0,Yes,1
STU06334,4.95,40.53,48.07,1,1,2,2,1,0,Yes,1
STU06335,5.14,48.44,45.27,1,2,4,3,4,2,Yes,1
STU06336,4.89,49.1,47.78,3,7,4,3,2,0,Yes,1
STU06337,7.44,81.14,71.49,0,0,1,4,2,0,Yes,1
STU06338,5.43,59.3,48.81,2,4,3,0,2,1,No,1
STU06339,8.44,83.01,71.3,1,1,7,3,1,1,Yes,1
STU06340,7.03,69.56,60.09,2,5,5,2,3,0,No,0
STU06341,6.72,64.57,64.72,1,1,2,3,1,1,Yes,1
STU06342,6.03,57.9,66.73,0,0,2,3,2,3,Yes,0
STU06343,7.72,81.56,77.54,0,0,2,1,1,0,Yes,1
STU06344,6.07,63.08,47.37,1,2,0,2,1,0,Yes,1
STU06345,5.87,38.46,50.26,1,1,3,2,2,0,No,0
STU06346,8.37,87.2,76.34,1,3,5,2,4,0,No,1
STU06347,7.41,76.97,78.54,0,0,1,2,2,2,Yes,0
STU06348,6.73,62.09,60.79,0,0,1,2,1,0,Yes,1
STU06349,7.74,65.02,81.92,1,1,1,0,2,0,Yes,0
STU06350,7.01,67.66,64.11,1,1,3,2,0,0,No,1
STU06351,7.44,70.24,78.35,1,1,1,2,2,0,Yes,1
STU06352,6.06,64.41,41.6,0,0,0,5,2,0,Yes,1
STU06353,9.38,91.38,86.28,1,2,1,1,2,0,No,1
STU06354,6.33,52.91,57.92,2,4,2,1,1,0,Yes,1
STU06355,8.79,74.9,82.61,1,2,2,4,2,0,No,1
STU06356,6.78,67.9,63.52,0,0,3,3,1,0,No,0
STU06357,7.93,84.98,79.86,0,0,3,0,1,0,Yes,1
STU06358,7.84,78.5,83.08,0,0,1,1,3,0,Yes,0
STU06359,8.32,87.97,85.08,1,2,5,3,3,1,No,1
STU06360,6.03,51.96,53.41,0,0,2,1,1,0,No,0
STU06361,8.24,90.01,85.88,0,0,2,1,5,0,Yes,1
STU06362,9.12,94.45,77.37,2,6,6,1,2,0,No,1
STU06363,6.7,53.21,55.53,2,5,4,1,1,0,Yes,1
STU06364,7.04,60.17,57.23,2,5,5,1,1,0,Yes,1
STU06365,6.4,70.83,58.94,1,1,6,2,2,0,Yes,0
STU06366,6.6,67.11,61.0,0,0,0,1,1,1,No,0
STU06367,8.97,80.36,93.24,0,0,3,0,4,0,No,1
STU06368,5.85,42.8,51.34,0,0,1,2,0,0,No,0
STU06369,5.92,54.18,46.14,0,0,2,2,2,0,Yes,0
STU06370,8.85,80.66,85.32,2,6,5,1,1,1,No,1
STU06371,7.72,76.46,64.11,2,4,1,1,1,0,Yes,0
STU06372,9.44,88.94,83.78,1,2,1,1,2,2,No,1
STU06373,6.48,59.26,42.72,0,0,0,5,1,0,Yes,1
STU06374,7.15,76.88,69.09,1,2,1,0,4,0,No,1
STU06375,6.24,67.53,51.84,1,3,1,1,2,0,Yes,1
STU06376,7.16,67.54,66.62,1,3,3,2,5,0,Yes,0
STU06377,4.96,39.95,38.14,2,3,7,2,5,1,Yes,0
STU06378,7.79,81.49,72.14,0,0,1,0,2,0,No,1
STU06379,7.37,83.31,74.68,0,0,2,3,2,0,No,1
STU06380,6.93,64.36,55.17,0,0,1,1,1,0,No,0
STU06381,6.55,65.88,60.81,0,0,4,0,2,1,No,0
STU06382,5.97,48.43,45.59,1,3,3,3,2,0,Yes,0
STU06383,7.84,79.83,66.62,2,5,4,0,3,0,No,1
STU06384,5.65,43.56,54.89,0,0,2,2,1,0,Yes,0
STU06385,7.59,76.67,81.58,1,3,3,2,2,0,Yes,1
STU06386,9.39,88.44,82.9,0,0,2,5,2,2,Yes,1
STU06387,8.71,90.49,80.55,2,5,6,2,1,0,No,1
STU06388,5.27,58.7,43.52,1,3,1,1,4,0,Yes,0
STU06389,6.38,56.09,50.56,0,0,4,2,1,0,No,0
STU06390,7.48,63.19,68.38,0,0,4,5,3,0,Yes,1
STU06391,6.92,65.29,66.2,2,4,6,1,3,0,No,1
STU06392,5.39,50.54,58.19,1,2,5,2,1,0,No,0
STU06393,7.44,75.75,69.41,0,0,3,0,2,0,No,1
STU06394,6.99,66.7,70.79,0,0,0,1,2,0,No,0
STU06395,9.2,97.63,87.82,0,0,2,0,4,0,No,1
STU06396,6.71,63.95,50.1,1,3,2,1,3,1,No,0
STU06397,8.34,83.93,81.41,0,0,3,3,4,1,Yes,1
STU06398,5.54,45.09,45.86,1,2,5,0,1,0,No,0
STU06399,5.82,41.49,57.76,0,0,0,3,2,0,Yes,1
STU06400,7.83,81.6,85.65,1,1,3,6,3,0,Yes,1
STU06401,8.25,85.18,82.97,1,2,0,2,3,0,No,0
STU06402,5.9,46.43,57.07,2,5,9,0,3,0,No,1
STU06403,7.03,68.08,64.47,1,2,1,4,3,0,No,0
STU06404,5.41,48.0,52.58,2,4,1,2,2,0,Yes,1
STU06405,6.79,60.78,62.13,3,8,3,2,2,0,No,1
STU06406,7.96,76.38,84.72,1,1,2,0,4,1,Yes,1
STU06407,6.5,62.49,64.26,1,3,2,3,2,0,Yes,0
STU06408,6.71,61.85,64.5,0,0,2,4,5,0,Yes,1
STU06409,5.7,47.36,43.45,2,3,2,2,2,0,No,0
STU06410,6.25,51.53,51.17,2,6,4,3,1,0,No,0
STU06411,9.02,87.36,89.65,0,0,2,0,2,0,No,1
STU06412,7.08,74.76,71.58,0,0,1,2,2,0,Yes,1
STU06413,5.85,53.5,50.21,1,1,2,0,3,1,No,0
STU06414,6.64,60.67,57.21,0,0,3,0,1,0,No,0
STU06415,5.16,49.43,45.73,2,6,3,4,1,2,Yes,0
STU06416,5.83,60.31,47.45,2,6,5,3,1,0,Yes,1
STU06417,8.56,88.95,81.37,0,0,0,1,3,0,No,1
STU06418,6.84,66.8,74.0,1,1,2,4,1,0,No,0
STU06419,9.17,92.47,82.79,2,5,3,2,3,0,No,1
STU06420,6.89,65.13,66.13,1,2,4,1,3,0,Yes,1
STU06421,6.96,68.32,65.14,0,0,2,1,2,0,No,0
STU06422,7.74,75.66,68.23,2,6,8,2,2,0,No,1
STU06423,4.0,35.82,35.0,0,0,2,1,3,0,No,0
STU06424,7.24,73.58,68.03,1,1,1,1,2,0,No,0
STU06425,6.94,69.06,52.26,3,8,4,1,2,2,No,1
STU06426,8.71,85.12,94.83,2,5,4,2,2,0,No,1
STU06427,8.11,88.69,77.31,1,3,1,0,3,0,Yes,0
STU06428,5.7,46.54,45.21,0,0,2,6,2,1,Yes,0
STU06429,8.43,74.54,89.51,0,0,2,3,2,0,Yes,1
STU06430,6.7,58.77,59.1,0,0,0,1,2,0,No,0
STU06431,5.96,44.08,54.23,1,1,4,1,1,0,Yes,0
STU06432,7.23,73.39,64.93,2,6,6,1,1,0,No,1
STU06433,6.77,59.61,61.39,1,2,2,3,1,0,Yes,0
STU06434,8.77,93.03,89.94,1,2,2,2,1,0,Yes,1
STU06435,7.39,79.61,65.65,0,0,1,2,1,0,No,0
STU06436,7.24,66.0,71.71,1,1,0,1,1,0,No,1
STU06437,8.04,77.03,64.38,3,10,2,3,4,0,Yes,1
STU06438,8.26,87.04,88.43,2,3,7,1,4,3,No,1
STU06439,7.9,86.37,74.15,1,1,4,5,4,0,Yes,1
STU06440,8.63,74.33,82.89,2,4,3,2,2,0,Yes,1
STU06441,7.7,79.83,74.55,1,1,2,5,1,0,Yes,1
STU06442,7.19,57.65,61.98,1,1,2,4,2,1,Yes,1
STU06443,8.43,81.85,75.83,2,4,6,2,1,0,No,0
STU06444,6.9,72.72,66.29,0,0,0,2,1,0,Yes,0
STU06445,7.04,86.58,68.93,3,8,2,0,2,0,Yes,1
STU06446,8.98,86.56,79.68,1,1,7,2,4,0,No,1
STU06447,8.87,80.1,87.83,0,0,2,1,3,0,Yes,1
STU06448,6.99,64.61,68.04,0,0,1,0,3,0,No,0
STU06449,6.48,60.14,54.47,1,3,3,3,2,0,No,1
STU06450,8.68,82.67,75.93,1,3,3,1,1,0,Yes,1
STU06451,7.92,75.18,77.5,1,2,1,5,3,0,Yes,1
STU06452,7.36,70.84,72.59,1,1,1,2,2,0,Yes,0
STU06453,6.63,64.33,58.61,1,2,1,2,5,1,No,0
STU06454,7.38,72.66,67.12,1,3,2,7,1,0,Yes,1
STU06455,6.98,62.16,67.25,0,0,3,4,3,3,No,0
STU06456,6.24,52.44,61.05,0,0,1,0,1,0,No,0
STU06457,7.15,67.68,62.55,0,0,1,2,3,0,Yes,1
STU06458,7.31,66.59,67.79,1,1,0,1,3,0,Yes,0
STU06459,6.57,56.76,74.46,0,0,1,0,5,0,No,0
STU06460,8.04,85.77,80.66,2,3,6,5,2,1,Yes,0
STU06461,8.48,84.17,74.95,0,0,2,2,1,0,No,1
STU06462,8.12,72.02,76.68,1,3,0,1,1,0,No,1
STU06463,6.68,68.86,55.16,0,0,1,1,3,0,Yes,0
STU06464,7.87,82.58,79.36,0,0,0,2,2,0,Yes,1
STU06465,7.09,61.01,68.15,0,0,2,0,2,0,No,1
STU06466,5.58,47.78,43.16,1,1,3,4,2,0,Yes,1
STU06467,7.77,74.26,87.15,0,0,2,0,2,0,No,1
STU06468,7.17,74.53,67.98,0,0,1,1,3,0,No,1
STU06469,9.98,87.54,84.03,0,0,3,1,2,0,No,1
STU06470,8.68,86.21,76.32,1,2,6,2,2,2,Yes,1
STU06471,7.82,78.35,71.11,1,1,4,2,4,0,No,1
STU06472,7.29,63.46,61.86,2,5,1,1,2,0,Yes,1
STU06473,7.19,79.21,66.63,0,0,0,2,2,0,No,1
STU06474,5.85,56.21,43.93,0,0,2,0,2,0,No,0
STU06475,5.0,42.39,48.58,1,2,3,5,3,0,No,0
STU06476,6.0,54.83,47.17,1,3,4,2,3,0,Yes,1
STU06477,6.95,72.85,69.05,0,0,0,2,3,0,No,0
STU06478,4.58,46.14,45.76,0,0,0,3,1,0,No,0
STU06479,6.37,67.61,59.15,0,0,5,5,2,0,Yes,1
STU06480,6.72,80.72,65.6,3,7,3,0,2,2,No,1
STU06481,6.75,63.11,72.83,2,4,4,1,2,0,No,0
STU06482,6.24,53.0,48.41,3,8,7,1,4,0,Yes,1
STU06483,6.61,55.67,63.68,0,0,1,6,4,0,Yes,1
STU06484,8.98,74.73,87.4,1,1,1,1,2,2,Yes,1
STU06485,7.76,86.34,82.23,1,1,0,0,1,0,No,1
STU06486,6.36,55.89,55.67,2,4,3,2,3,1,No,0
STU06487,6.92,71.79,70.59,0,0,1,1,1,0,No,0
STU06488,6.97,73.8,56.59,0,0,0,2,1,0,No,1
STU06489,6.12,48.53,45.99,0,0,1,2,4,0,Yes,0
STU06490,6.12,49.41,48.58,1,2,3,1,2,0,No,1
STU06491,8.16,93.44,79.52,3,11,5,1,5,1,No,1
STU06492,6.52,59.86,57.56,0,0,1,1,4,0,No,0
STU06493,5.74,47.3,43.82,1,3,3,5,2,3,Yes,0
STU06494,6.95,60.8,58.13,0,0,1,5,3,0,Yes,0
STU06495,7.14,69.16,63.08,0,0,1,1,2,0,Yes,1
STU06496,4.73,55.12,35.0,1,1,1,3,3,1,Yes,1
STU06497,6.95,71.25,62.41,0,0,1,1,1,0,No,0
STU06498,8.0,82.62,78.18,1,3,1,2,2,0,Yes,1
STU06499,7.52,85.18,75.29,0,0,0,3,2,0,No,1
STU06500,9.56,97.77,87.4,0,0,1,1,5,0,Yes,0
STU06501,8.44,87.25,93.0,1,2,3,5,2,0,Yes,1
STU06502,8.67,100.0,88.48,1,3,3,5,2,2,Yes,1
STU06503,10.0,88.41,91.32,2,4,2,4,4,1,Yes,1
STU06504,7.87,86.69,79.29,1,1,3,0,1,3,No,1
STU06505,7.19,68.41,70.98,0,0,0,1,2,0,Yes,1
STU06506,8.12,88.0,78.26,2,5,6,0,2,0,No,1
STU06507,6.36,56.54,55.63,1,1,1,5,1,0,Yes,0
STU06508,7.12,72.61,78.38,0,0,1,1,0,0,Yes,0
STU06509,6.26,71.05,53.29,2,3,4,4,2,0,Yes,0
STU06510,7.46,80.49,63.78,2,3,1,4,2,0,Yes,0
STU06511,6.25,59.51,57.83,3,6,6,4,3,0,Yes,1
STU06512,6.21,51.48,58.38,1,2,6,1,5,0,Yes,0
STU06513,7.48,76.16,72.96,2,6,8,2,2,0,Yes,1
STU06514,6.84,59.27,51.05,1,1,1,1,2,0,No,0
STU06515,4.78,51.5,50.9,1,1,4,1,2,1,Yes,0
STU06516,5.33,53.52,46.73,0,0,3,2,1,0,No,0
STU06517,5.68,49.66,45.87,1,1,3,2,2,0,Yes,0
STU06518,5.98,63.55,57.7,0,0,0,2,3,0,No,0
STU06519,7.48,84.2,59.91,0,0,2,3,5,0,Yes,1
STU06520,7.25,72.67,69.44,2,5,4,7,1,0,Yes,1
STU06521,8.23,86.92,77.28,0,0,2,3,4,1,Yes,1
STU06522,7.87,76.52,86.0,2,6,0,1,1,0,Yes,1
STU06523,8.23,81.95,82.04,0,0,3,2,2,0,No,1
STU06524,7.7,71.67,69.95,1,2,6,1,3,0,Yes,1
STU06525,7.24,68.75,75.45,1,1,2,2,1,3,Yes,1
STU06526,8.26,83.27,66.15,2,3,4,2,2,0,No,1
STU06527,8.06,72.09,82.1,0,0,2,2,3,0,No,1
STU06528,7.43,77.84,63.8,2,3,1,2,1,0,No,0
STU06529,8.46,91.5,79.59,2,4,1,1,1,0,Yes,1
STU06530,4.3,45.4,41.0,0,0,0,2,1,0,Yes,0
STU06531,6.67,46.3,64.94,0,0,2,0,3,0,No,1
STU06532,6.65,60.71,72.45,0,0,0,1,2,0,No,0
STU06533,8.33,76.06,70.75,0,0,3,2,2,0,Yes,1
STU06534,8.81,83.65,86.98,0,0,3,1,4,1,No,0
STU06535,5.33,57.11,58.61,1,1,3,1,3,0,No,0
STU06536,8.62,71.75,79.91,0,0,0,1,1,0,No,0
STU06537,5.65,45.63,43.72,1,2,1,3,1,0,No,1
STU06538,5.69,55.77,49.21,1,3,3,1,2,0,Yes,1
STU06539,6.73,59.31,65.5,1,1,4,1,1,0,Yes,1
STU06540,6.63,57.34,62.96,2,5,5,1,3,3,No,1
STU06541,5.21,59.98,42.63,1,2,3,3,2,0,No,1
STU06542,7.75,80.99,70.9,0,0,3,1,3,0,Yes,1
STU06543,7.78,84.72,84.01,0,0,4,5,3,0,Yes,1
STU06544,8.21,86.36,75.75,1,3,2,2,4,0,No,1
STU06545,6.5,61.05,45.58,1,3,2,3,2,0,No,1
STU06546,6.95,74.74,55.43,1,2,4,0,1,0,No,1
STU06547,6.97,78.75,60.86,2,6,3,3,2,1,Yes,0
STU06548,8.94,77.76,93.81,2,3,3,2,2,0,Yes,1
STU06549,4.0,44.91,35.0,1,1,1,2,4,0,Yes,0
STU06550,5.9,52.53,58.93,0,0,2,2,2,0,Yes,0
STU06551,7.01,65.37,72.79,2,4,5,1,4,0,Yes,0
STU06552,5.75,57.23,49.7,1,2,4,2,1,0,No,0
STU06553,6.7,64.59,44.76,0,0,1,5,2,0,Yes,0
STU06554,6.86,77.06,55.41,2,3,4,5,2,0,Yes,0
STU06555,6.24,63.16,49.75,0,0,0,3,3,2,No,0
STU06556,7.07,77.23,76.43,0,0,1,1,1,1,No,1
STU06557,7.72,71.2,71.98,0,0,1,3,3,0,Yes,0
STU06558,6.73,58.63,55.82,0,0,0,2,2,2,No,0
STU06559,6.48,55.41,57.88,0,0,1,1,2,0,Yes,0
STU06560,6.81,72.8,53.4,1,2,3,2,2,0,Yes,1
STU06561,6.99,61.9,64.56,0,0,1,1,3,0,Yes,0
STU06562,5.0,41.24,39.08,2,6,4,4,0,0,Yes,1
STU06563,7.53,69.12,88.97,1,1,3,3,3,1,No,1
STU06564,6.48,76.31,51.28,1,1,3,6,1,2,Yes,0
STU06565,8.45,84.46,93.9,1,1,2,3,3,0,Yes,0
STU06566,7.68,81.1,68.07,0,0,2,1,2,0,No,0
STU06567,8.35,77.73,83.15,0,0,2,2,5,0,No,1
STU06568,5.84,57.91,52.15,1,2,5,1,2,0,No,1
STU06569,6.57,50.44,58.94,0,0,2,1,1,0,Yes,0
STU06570,5.57,44.07,47.43,0,0,1,6,1,0,Yes,0
STU06571,6.19,51.49,58.05,1,2,1,1,3,0,No,0
STU06572,8.44,86.57,84.76,0,0,1,0,2,0,No,0
STU06573,8.71,82.1,82.82,2,5,4,2,1,0,No,1
STU06574,5.68,59.86,43.67,0,0,1,2,1,0,Yes,0
STU06575,6.47,62.67,55.66,0,0,0,1,3,0,Yes,0
STU06576,6.91,62.28,62.35,1,2,3,1,4,1,Yes,1
STU06577,7.67,83.82,73.65,0,0,0,2,4,1,No,1
STU06578,4.98,44.44,44.25,2,6,0,1,2,0,No,0
STU06579,5.16,44.0,36.09,0,0,2,2,5,0,No,0
STU06580,7.56,81.68,67.14,1,3,5,1,2,0,No,1
STU06581,4.76,35.0,48.12,2,5,8,1,1,0,No,0
STU06582,6.49,64.29,43.38,0,0,0,1,1,0,No,0
STU06583,7.19,66.47,74.93,3,9,3,1,2,0,No,1
STU06584,7.48,70.79,68.72,2,6,4,0,3,0,No,1
STU06585,6.84,77.0,72.27,0,0,2,2,1,1,Yes,0
STU06586,6.58,57.99,65.53,1,2,6,1,1,2,No,1
STU06587,7.97,86.98,76.28,0,0,3,0,2,2,No,1
STU06588,7.33,74.58,68.56,0,0,2,1,5,0,No,1
STU06589,6.26,59.02,63.29,0,0,0,1,1,0,No,0
STU06590,7.04,67.1,73.24,0,0,1,2,3,0,Yes,0
STU06591,7.44,72.69,77.34,2,6,2,0,4,0,No,0
STU06592,8.98,97.13,91.83,2,6,3,4,3,0,Yes,1
STU06593,7.9,86.11,71.0,0,0,3,1,1,0,Yes,0
STU06594,8.4,81.93,83.16,0,0,2,2,1,0,No,1
STU06595,6.3,50.97,49.62,0,0,1,2,1,0,Yes,0
STU06596,6.4,55.13,48.96,3,9,6,1,5,0,No,1
STU06597,6.73,69.37,61.47,0,0,2,2,5,0,No,0
STU06598,6.83,72.3,59.74,1,3,1,0,4,0,No,1
STU06599,5.84,55.52,48.2,0,0,1,2,1,1,Yes,0
STU06600,8.46,75.64,79.34,2,3,0,1,1,0,No,0
STU06601,8.02,86.2,71.15,0,0,1,3,0,0,No,1
STU06602,6.65,70.06,69.42,0,0,1,0,3,1,No,0
STU06603,7.74,79.65,76.54,0,0,2,3,4,1,Yes,1
STU06604,7.26,83.7,60.17,3,11,5,4,1,0,Yes,1
STU06605,7.83,71.68,77.7,1,1,3,5,2,1,Yes,1
STU06606,5.45,53.27,55.29,0,0,0,2,2,0,Yes,0
STU06607,6.83,59.07,67.95,0,0,3,2,3,0,Yes,1
STU06608,6.93,73.13,60.66,1,3,4,3,3,1,Yes,0
STU06609,7.72,82.03,72.38,0,0,2,3,3,0,No,0
STU06610,6.28,67.76,48.21,1,3,4,6,4,0,Yes,0
STU06611,4.13,48.31,37.86,0,0,2,2,2,0,Yes,0
STU06612,5.76,48.98,44.44,0,0,5,5,1,0,Yes,0
STU06613,6.93,63.74,54.88,2,6,3,3,1,1,Yes,1
STU06614,7.07,67.53,63.37,0,0,2,4,2,0,No,0
STU06615,8.94,84.78,86.91,0,0,3,3,2,0,Yes,1
STU06616,7.67,85.87,72.3,2,4,4,0,2,0,No,1
STU06617,7.09,77.04,67.69,1,2,2,2,1,0,Yes,1
STU06618,6.96,58.3,74.02,2,4,5,3,2,0,Yes,1
STU06619,8.27,84.18,91.96,0,0,1,2,3,0,Yes,1
STU06620,6.32,57.87,54.09,2,3,1,4,1,0,Yes,1
STU06621,6.84,60.59,67.56,2,6,3,0,3,0,Yes,1
STU06622,5.75,53.94,47.31,0,0,0,4,4,0,Yes,0
STU06623,8.63,95.17,80.47,1,2,4,5,1,0,Yes,1
STU06624,7.45,80.03,64.98,0,0,0,1,3,0,No,0
STU06625,6.19,63.94,53.37,2,6,4,0,4,0,No,0
STU06626,6.87,61.41,69.23,1,1,2,1,1,0,No,1
STU06627,7.59,76.8,65.93,1,3,1,0,0,0,No,1
STU06628,6.71,58.6,58.47,2,4,2,0,0,1,No,0
STU06629,6.39,59.9,53.45,0,0,0,3,1,0,No,0
STU06630,6.25,58.58,55.09,0,0,0,0,4,1,No,0
STU06631,7.39,79.55,72.37,1,2,0,2,1,1,No,0
STU06632,6.59,69.19,61.53,2,6,3,1,2,0,No,1
STU06633,6.48,63.87,68.11,1,1,3,0,2,1,No,0
STU06634,5.46,44.05,40.99,0,0,3,6,3,0,Yes,0
STU06635,7.09,61.19,60.75,3,7,11,6,2,1,Yes,1
STU06636,6.79,67.65,63.01,1,1,1,1,2,0,No,1
STU06637,6.63,70.97,67.68,0,0,1,1,3,2,No,0
STU06638,7.23,71.25,59.63,1,3,2,3,3,0,Yes,1
STU06639,7.86,70.8,78.95,1,2,2,1,2,0,Yes,1
STU06640,7.81,91.86,75.14,2,6,1,4,3,0,Yes,1
STU06641,7.64,80.21,79.4,0,0,0,2,0,2,No,0
STU06642,6.72,64.4,64.14,1,3,4,0,1,0,No,0
STU06643,6.35,50.86,55.16,0,0,1,2,1,0,No,1
STU06644,5.8,51.87,51.7,1,1,2,4,1,1,No,0
STU06645,6.32,61.58,50.51,2,5,6,0,1,0,Yes,1
STU06646,7.02,71.29,70.08,2,4,4,3,2,0,Yes,1
STU06647,6.1,50.7,60.1,2,5,3,2,5,0,No,1
STU06648,7.11,69.27,67.22,0,0,2,1,2,0,No,0
STU06649,5.89,48.98,47.23,1,3,4,0,2,1,Yes,1
STU06650,5.09,57.21,43.36,1,2,2,1,1,1,No,0
STU06651,7.94,86.31,82.68,0,0,1,3,1,0,Yes,1
STU06652,6.45,56.21,56.1,1,3,1,2,2,0,No,1
STU06653,6.04,47.08,43.89,0,0,1,2,2,0,No,0
STU06654,5.74,52.94,53.98,0,0,1,2,1,2,Yes,0
STU06655,7.49,72.26,66.32,0,0,1,3,0,0,Yes,1
STU06656,8.58,83.59,85.65,1,2,4,2,3,0,No,1
STU06657,6.54,53.77,46.38,0,0,1,0,2,0,No,1
STU06658,6.75,57.8,61.51,0,0,1,1,1,0,No,1
STU06659,8.23,84.55,80.16,3,8,3,0,2,2,Yes,1
STU06660,4.92,44.99,35.0,1,2,1,0,1,0,No,0
STU06661,9.26,100.0,87.86,1,2,1,1,2,0,No,1
STU06662,9.81,93.21,80.04,1,1,3,2,4,0,No,0
STU06663,4.0,38.21,42.63,0,0,1,0,3,0,Yes,0
STU06664,6.89,56.79,60.54,2,3,5,3,3,0,Yes,1
STU06665,6.17,58.12,43.85,1,3,3,2,3,0,Yes,1
STU06666,6.7,60.53,53.63,1,1,3,1,1,0,No,0
STU06667,6.52,68.29,51.51,0,0,1,3,1,0,Yes,1
STU06668,7.93,82.54,83.74,1,2,3,4,5,0,Yes,0
STU06669,6.87,53.86,67.77,0,0,1,1,2,2,Yes,0
STU06670,5.95,47.13,63.42,1,3,4,3,2,1,Yes,0
STU06671,6.8,60.68,58.66,0,0,0,1,1,0,No,0
STU06672,7.59,79.29,70.37,1,2,6,2,2,0,Yes,1
STU06673,5.64,44.13,48.25,2,4,5,1,1,0,No,1
STU06674,5.11,48.23,42.18,0,0,1,4,2,1,Yes,0
STU06675,9.29,80.92,82.44,0,0,1,3,3,0,Yes,1
STU06676,6.26,56.82,54.1,1,1,4,1,3,0,No,1
STU06677,6.84,67.55,66.55,0,0,1,2,5,0,No,0
STU06678,6.54,69.42,44.98,3,6,6,2,1,0,No,1
STU06679,7.63,78.65,70.74,0,0,2,2,2,0,Yes,0
STU06680,9.04,83.31,76.79,0,0,1,3,0,2,No,0
STU06681,7.67,86.7,73.82,1,2,6,0,3,0,Yes,1
STU06682,5.25,46.88,47.58,1,1,2,3,2,1,Yes,1
STU06683,5.41,53.48,52.54,0,0,1,3,3,1,Yes,0
STU06684,6.54,56.97,55.04,0,0,2,1,1,0,No,1
STU06685,6.69,63.38,60.47,0,0,0,1,1,0,Yes,0
STU06686,5.02,42.15,35.0,0,0,2,1,3,0,Yes,0
STU06687,7.94,82.87,72.77,0,0,3,1,2,0,Yes,0
STU06688,5.75,56.16,49.58,1,2,2,4,1,0,Yes,1
STU06689,8.72,83.93,75.74,1,1,0,0,1,1,Yes,1
STU06690,9.09,85.08,92.81,1,2,2,1,1,0,Yes,1
STU06691,6.71,65.35,63.35,0,0,1,3,2,0,Yes,1
STU06692,7.5,70.51,67.04,1,1,3,1,2,0,No,0
STU06693,5.58,40.9,38.11,0,0,4,0,3,0,No,0
STU06694,7.72,80.47,71.04,1,3,2,2,4,0,Yes,1
STU06695,6.43,58.35,50.6,0,0,0,2,1,0,No,0
STU06696,5.75,50.55,41.03,1,2,6,2,2,0,No,0
STU06697,6.67,65.62,51.06,1,1,2,2,2,0,No,1
STU06698,6.46,63.46,55.12,2,6,3,4,5,0,No,1
STU06699,6.63,60.94,63.3,0,0,0,2,2,0,No,0
STU06700,8.09,75.6,75.07,1,3,1,1,2,0,No,1
STU06701,6.1,50.96,54.46,0,0,5,3,3,0,Yes,1
STU06702,9.0,91.57,83.1,0,0,1,3,2,2,No,0
STU06703,5.48,50.12,49.98,1,3,3,1,1,0,Yes,1
STU06704,8.86,84.24,79.82,2,4,3,4,2,0,Yes,1
STU06705,5.83,47.4,50.79,1,2,2,2,3,0,Yes,1
STU06706,7.0,71.53,65.54,0,0,3,6,1,0,Yes,1
STU06707,6.44,57.78,64.28,1,2,1,1,2,1,No,0
STU06708,6.6,66.08,61.91,1,2,1,2,4,0,No,1
STU06709,7.92,86.02,79.28,0,0,0,0,1,0,No,0
STU06710,8.72,85.06,75.11,0,0,2,0,2,0,No,0
STU06711,8.37,90.42,78.57,0,0,2,0,3,0,No,0
STU06712,6.53,61.39,52.76,1,2,1,0,3,0,Yes,1
STU06713,7.21,72.75,63.21,0,0,1,2,1,0,Yes,1
STU06714,6.1,41.72,51.95,0,0,0,2,3,0,No,0
STU06715,5.86,46.54,50.81,1,3,2,2,2,0,Yes,0
STU06716,5.68,45.25,49.43,2,5,6,1,1,0,Yes,1
STU06717,6.5,58.11,64.59,0,0,1,0,3,0,No,0
STU06718,7.29,73.03,72.24,2,3,4,1,2,0,No,1
STU06719,4.8,47.15,35.85,1,1,2,4,2,0,Yes,1
STU06720,6.95,68.73,65.23,0,0,1,0,2,0,No,0
STU06721,8.74,82.9,87.52,3,7,5,1,2,0,No,1
STU06722,8.29,88.24,88.66,1,1,3,1,3,0,No,1
STU06723,6.33,68.44,53.66,0,0,2,0,1,1,No,1
STU06724,5.39,46.65,44.91,0,0,0,4,2,0,Yes,0
STU06725,7.53,71.83,79.28,1,2,4,2,1,0,Yes,1
STU06726,4.33,41.39,43.57,0,0,0,0,2,0,No,0
STU06727,8.28,84.52,71.41,2,5,1,1,4,1,No,1
STU06728,6.75,60.77,50.04,0,0,1,1,1,0,Yes,0
STU06729,9.11,78.04,96.47,0,0,0,2,2,0,Yes,0
STU06730,5.01,38.19,35.0,1,2,2,0,2,2,Yes,0
STU06731,8.06,88.16,78.04,2,4,5,1,3,0,No,1
STU06732,6.88,73.64,68.25,2,6,3,1,2,0,Yes,1
STU06733,6.62,71.38,48.19,0,0,0,1,2,0,No,0
STU06734,5.42,50.32,39.48,0,0,2,2,0,0,Yes,0
STU06735,7.69,72.03,67.5,1,3,3,0,3,0,No,1
STU06736,7.78,76.44,86.87,0,0,1,3,2,1,Yes,0
STU06737,9.05,79.32,97.37,0,0,1,0,1,0,No,1
STU06738,8.16,73.75,75.53,0,0,3,0,3,0,No,0
STU06739,6.32,58.99,57.93,3,11,8,0,2,0,Yes,1
STU06740,5.85,55.47,51.08,1,2,3,0,2,0,Yes,1
STU06741,5.43,60.72,44.28,0,0,1,0,2,0,No,0
STU06742,8.69,86.26,74.0,1,2,1,1,5,0,Yes,1
STU06743,6.11,46.74,65.73,2,5,5,5,1,0,Yes,0
STU06744,8.7,86.09,72.92,2,6,5,2,5,3,No,0
STU06745,7.6,75.09,75.06,1,2,2,2,3,0,Yes,1
STU06746,7.38,70.68,66.74,2,3,5,2,3,0,Yes,1
STU06747,6.65,64.27,65.26,2,6,2,1,2,0,Yes,1
STU06748,7.76,71.54,80.9,1,1,1,1,4,0,No,1
STU06749,6.98,68.34,58.68,0,0,1,1,2,2,No,0
STU06750,6.58,65.04,53.39,2,4,4,1,2,0,No,0
STU06751,7.8,87.81,66.99,0,0,0,1,0,0,No,0
STU06752,6.83,67.09,63.39,1,3,0,0,1,0,No,1
STU06753,6.08,60.86,55.87,0,0,3,4,3,0,Yes,0
STU06754,7.69,75.36,72.37,0,0,1,2,1,0,No,0
STU06755,6.93,64.79,62.14,0,0,0,0,2,0,No,0
STU06756,7.56,84.39,84.75,0,0,1,2,5,1,Yes,1
STU06757,6.48,51.5,62.35,2,5,5,5,1,0,Yes,1
STU06758,5.61,47.8,55.3,0,0,3,4,2,2,Yes,0
STU06759,9.0,94.84,71.61,2,3,5,0,2,0,No,1
STU06760,8.78,85.9,87.45,3,9,7,2,3,0,No,1
STU06761,8.02,79.97,80.19,1,2,1,1,2,0,No,1
STU06762,6.55,59.22,50.3,2,3,3,1,1,0,Yes,0
STU06763,6.65,63.04,53.07,1,1,1,4,5,0,Yes,1
STU06764,8.59,92.66,81.83,1,2,2,1,0,0,Yes,1
STU06765,6.59,66.93,50.34,0,0,0,4,3,0,No,0
STU06766,6.27,56.95,49.09,1,3,4,1,3,0,Yes,1
STU06767,9.15,95.12,82.8,0,0,3,3,3,0,Yes,1
STU06768,6.95,69.06,67.45,0,0,2,3,5,0,No,1
STU06769,9.03,93.33,80.94,0,0,1,1,1,2,No,1
STU06770,5.39,42.58,43.07,1,1,2,6,3,0,Yes,1
STU06771,7.6,87.11,79.82,0,0,2,2,3,0,No,1
STU06772,9.38,90.45,75.55,2,6,2,2,5,0,Yes,1
STU06773,7.03,51.95,66.8,1,2,1,3,2,0,Yes,0
STU06774,6.7,72.89,62.26,1,3,1,4,5,0,No,1
STU06775,5.66,50.6,50.07,1,3,5,2,1,0,No,0
STU06776,8.24,81.32,77.69,2,5,2,4,3,0,Yes,0
STU06777,6.11,51.36,45.6,2,5,6,1,1,0,No,1
STU06778,6.89,68.73,72.21,1,3,3,1,2,0,No,0
STU06779,5.58,44.66,41.86,0,0,4,1,2,0,No,1
STU06780,8.79,83.76,77.52,1,2,1,3,1,0,No,1
STU06781,8.33,81.11,81.55,3,11,3,0,2,0,Yes,1
STU06782,6.96,65.54,59.86,0,0,2,3,2,0,Yes,0
STU06783,5.67,47.57,53.97,1,1,1,4,3,0,Yes,0
STU06784,8.77,92.23,82.52,0,0,2,0,5,1,No,1
STU06785,6.58,62.79,65.25,3,9,2,1,2,2,No,0
STU06786,5.73,53.51,50.85,2,5,1,1,1,2,Yes,1
STU06787,4.97,50.44,41.45,2,5,6,2,2,0,Yes,1
STU06788,6.26,56.18,60.42,0,0,3,1,3,3,No,1
STU06789,5.33,42.24,41.46,0,0,1,2,2,1,Yes,0
STU06790,6.28,67.9,52.15,1,1,2,4,2,0,Yes,1
STU06791,7.86,85.48,80.09,0,0,1,2,2,0,Yes,1
STU06792,6.57,70.68,59.36,0,0,1,0,1,3,No,0
STU06793,7.41,80.26,67.01,0,0,3,9,2,0,Yes,1
STU06794,6.17,52.91,43.45,0,0,2,2,2,2,No,0
STU06795,7.07,54.97,65.95,0,0,1,1,1,0,No,1
STU06796,9.21,81.35,81.36,0,0,2,1,3,0,No,1
STU06797,6.6,65.3,58.66,1,3,1,4,4,0,Yes,1
STU06798,7.44,73.91,68.99,0,0,2,0,2,0,No,1
STU06799,5.2,45.22,40.43,1,2,7,2,2,0,No,0
STU06800,8.75,72.07,82.43,1,2,9,6,2,0,Yes,1
STU06801,6.45,59.25,55.89,0,0,2,3,1,0,Yes,0
STU06802,8.21,76.87,84.53,0,0,1,6,2,2,Yes,0
STU06803,6.86,61.21,65.09,3,11,7,1,3,0,No,1
STU06804,7.7,83.28,87.75,0,0,5,2,1,0,No,1
STU06805,7.77,72.81,76.83,2,5,5,1,3,1,Yes,1
STU06806,6.48,54.16,52.72,0,0,2,1,3,2,Yes,0
STU06807,8.26,84.93,79.82,0,0,0,1,1,1,No,0
STU06808,6.13,60.38,55.56,2,6,4,4,2,0,No,0
STU06809,7.89,78.0,83.44,1,3,5,1,2,0,No,1
STU06810,6.55,69.58,65.83,2,5,1,1,2,0,No,1
STU06811,7.4,66.28,64.85,1,1,2,0,5,1,No,1
STU06812,6.47,50.87,64.28,3,8,4,2,2,0,No,1
STU06813,7.06,59.56,65.52,0,0,0,1,3,0,No,1
STU06814,5.76,41.55,42.91,0,0,0,0,2,0,No,0
STU06815,7.28,74.31,68.07,0,0,1,2,2,0,Yes,0
STU06816,7.05,62.85,72.98,1,1,2,2,1,1,Yes,0
STU06817,6.38,49.89,58.09,0,0,1,0,1,0,Yes,0
STU06818,6.94,69.12,56.57,2,6,3,2,1,0,No,1
STU06819,7.15,75.22,60.04,0,0,4,2,0,0,No,0
STU06820,6.29,63.47,46.77,0,0,2,0,2,1,No,0
STU06821,6.85,70.72,58.08,0,0,0,1,3,1,No,0
STU06822,5.84,46.71,49.68,3,10,8,3,4,0,Yes,1
STU06823,9.7,91.2,79.79,1,1,2,2,4,0,Yes,1
STU06824,8.22,86.43,77.88,0,0,1,4,4,0,Yes,1
STU06825,7.31,69.85,78.11,1,3,2,1,1,0,No,1
STU06826,8.35,85.59,91.3,1,3,3,4,1,0,No,1
STU06827,4.72,38.54,52.35,2,6,3,0,3,0,Yes,0
STU06828,4.06,41.51,35.0,0,0,1,1,1,1,No,0
STU06829,6.54,62.87,67.68,0,0,1,7,3,0,Yes,0
STU06830,5.41,57.94,46.44,0,0,4,2,3,1,No,0
STU06831,6.73,70.36,60.92,2,3,5,1,2,0,No,0
STU06832,7.24,75.51,74.72,2,4,3,6,3,0,Yes,1
STU06833,8.06,82.55,83.29,0,0,1,1,1,0,No,0
STU06834,5.69,50.38,36.62,1,2,3,3,4,0,No,1
STU06835,7.46,66.13,68.14,1,1,5,0,2,0,No,0
STU06836,7.02,63.16,62.98,0,0,0,1,2,0,No,1
STU06837,7.4,69.1,62.93,0,0,2,1,2,0,No,0
STU06838,6.4,62.15,61.69,0,0,1,3,2,1,No,1
STU06839,8.59,91.83,91.79,1,3,1,1,3,0,No,0
STU06840,6.88,70.31,62.82,2,5,4,1,1,0,No,1
STU06841,9.04,95.3,87.0,0,0,4,1,1,0,No,1
STU06842,6.09,55.16,51.66,0,0,1,1,1,0,No,0
STU06843,7.85,73.99,77.48,1,3,0,2,2,0,No,0
STU06844,6.93,66.43,70.44,1,3,4,3,1,0,No,0
STU06845,6.62,57.49,48.25,0,0,0,1,3,0,Yes,1
STU06846,7.73,82.4,78.37,0,0,2,1,2,0,Yes,0
STU06847,6.66,60.21,59.43,0,0,2,3,2,0,Yes,1
STU06848,4.0,44.53,37.84,0,0,2,1,2,0,Yes,0
STU06849,4.0,49.28,39.1,2,4,3,1,4,0,No,1
STU06850,8.46,80.94,93.38,1,3,4,0,1,0,No,1
STU06851,8.41,90.84,74.09,2,5,2,2,1,0,Yes,1
STU06852,9.17,80.54,84.61,2,3,4,2,1,0,No,1
STU06853,6.98,69.35,74.29,1,1,2,1,2,0,No,0
STU06854,5.51,49.03,38.95,2,4,3,2,2,0,Yes,0
STU06855,6.52,65.25,54.55,0,0,2,0,2,0,No,0
STU06856,7.01,59.84,65.34,1,3,1,2,2,0,No,1
STU06857,5.84,43.02,51.68,2,6,5,3,3,0,Yes,1
STU06858,8.9,92.23,84.25,1,2,2,5,3,0,Yes,1
STU06859,9.58,87.07,81.05,1,3,3,2,5,1,No,1
STU06860,7.55,75.58,75.81,1,2,2,0,4,0,No,0
STU06861,6.99,63.66,64.02,0,0,3,2,2,0,Yes,0
STU06862,5.51,55.03,50.32,0,0,2,0,1,0,No,0
STU06863,8.78,88.96,89.71,0,0,2,1,2,0,No,1
STU06864,7.09,70.74,57.38,0,0,0,3,2,0,Yes,0
STU06865,6.67,55.48,65.7,1,2,2,2,5,0,No,0
STU06866,7.55,79.19,71.65,1,3,5,1,3,0,No,0
STU06867,6.33,51.62,59.52,2,5,3,5,2,0,Yes,0
STU06868,7.17,66.54,70.45,1,1,5,4,1,0,Yes,1
STU06869,5.34,40.26,56.57,2,4,1,2,1,1,Yes,1
STU06870,8.25,82.83,80.8,0,0,1,1,2,0,No,1
STU06871,6.88,72.27,60.46,0,0,0,3,2,0,Yes,0
STU06872,8.33,85.84,78.4,0,0,1,2,2,0,No,1
STU06873,6.77,61.49,54.92,0,0,0,2,2,0,No,0
STU06874,6.84,65.99,67.19,2,6,6,1,1,0,No,1
STU06875,5.61,50.81,40.58,1,1,4,5,2,0,Yes,0
STU06876,7.87,80.54,81.94,2,5,6,3,1,0,No,1
STU06877,5.99,54.7,49.29,0,0,2,2,0,0,Yes,0
STU06878,6.44,52.94,45.6,2,6,5,2,2,0,No,0
STU06879,7.0,68.5,73.79,1,1,1,1,2,0,No,1
STU06880,7.14,59.54,46.81,2,5,4,2,2,0,Yes,1
STU06881,5.04,50.49,43.55,1,3,2,0,1,0,No,0
STU06882,6.73,56.98,62.0,0,0,3,3,3,0,No,1
STU06883,7.91,87.73,63.83,1,1,4,3,3,0,No,0
STU06884,6.56,46.29,60.6,3,10,3,2,3,0,No,1
STU06885,6.74,73.75,56.68,0,0,5,1,1,0,Yes,1
STU06886,7.19,60.91,66.26,1,1,3,4,3,0,Yes,1
STU06887,6.86,58.31,70.57,0,0,2,4,2,0,Yes,1
STU06888,5.81,53.74,49.8,1,1,4,1,2,0,No,1
STU06889,6.96,70.93,62.11,1,2,2,2,1,0,No,0
STU06890,8.14,81.08,78.76,0,0,2,2,3,0,No,1
STU06891,5.79,57.04,59.34,0,0,2,2,2,0,Yes,0
STU06892,6.57,56.25,60.46,0,0,2,2,3,0,No,0
STU06893,5.41,46.47,40.56,0,0,2,4,3,0,Yes,0
STU06894,8.08,80.47,76.35,0,0,2,3,3,0,Yes,0
STU06895,6.89,62.9,55.99,0,0,1,0,2,0,No,0
STU06896,6.02,42.32,48.22,1,1,1,1,2,0,Yes,0
STU06897,7.11,69.4,76.19,1,2,2,0,2,1,Yes,0
STU06898,5.62,49.56,46.25,0,0,1,0,1,1,No,0
STU06899,5.81,58.37,40.88,0,0,1,1,0,1,Yes,0
STU06900,5.32,40.6,47.9,0,0,1,1,4,0,No,0
STU06901,5.77,47.69,46.18,0,0,1,1,3,0,No,0
STU06902,8.56,93.2,86.35,0,0,1,2,3,0,No,1
STU06903,6.16,57.28,51.06,0,0,1,1,5,0,Yes,0
STU06904,7.54,79.22,81.6,0,0,2,1,3,0,No,1
STU06905,6.04,56.81,45.63,1,1,6,2,3,0,Yes,0
STU06906,7.87,82.89,70.15,0,0,3,1,2,1,No,0
STU06907,5.82,62.92,54.62,1,2,2,2,0,0,Yes,0
STU06908,7.05,69.17,53.6,2,5,4,0,2,0,No,1
STU06909,7.06,62.78,64.82,0,0,2,2,3,0,No,0
STU06910,9.68,93.36,91.34,0,0,2,4,2,1,Yes,1
STU06911,7.72,75.02,62.25,1,3,1,1,4,0,No,1
STU06912,6.32,56.81,54.86,0,0,1,0,2,1,No,0
STU06913,7.79,81.38,67.19,1,1,3,1,2,0,Yes,1
STU06914,9.46,84.34,75.2,1,2,2,1,2,2,Yes,1
STU06915,5.13,44.34,38.01,2,6,7,0,2,0,No,1
STU06916,6.03,56.89,49.93,3,10,6,3,2,0,Yes,1
STU06917,6.73,60.15,56.21,0,0,2,0,3,2,Yes,0
STU06918,6.52,66.17,63.97,2,3,2,0,2,0,No,1
STU06919,6.62,55.83,59.24,0,0,0,4,1,0,Yes,1
STU06920,5.5,43.54,43.54,1,2,2,0,1,0,No,0
STU06921,8.61,97.73,75.44,1,1,7,3,1,0,No,1
STU06922,5.36,39.39,46.91,0,0,3,3,2,0,No,0
STU06923,6.77,63.99,73.5,0,0,1,2,2,0,Yes,0
STU06924,8.2,94.42,76.1,2,5,3,3,1,0,Yes,1
STU06925,6.97,67.15,60.8,0,0,0,1,5,2,Yes,1
STU06926,5.87,60.6,43.16,1,1,0,1,1,1,No,0
STU06927,5.45,53.04,53.23,3,8,4,1,2,1,No,1
STU06928,6.74,63.56,66.17,0,0,5,1,2,1,No,0
STU06929,6.13,54.39,49.5,0,0,0,0,2,0,Yes,0
STU06930,7.24,58.82,64.94,0,0,2,0,2,0,No,0
STU06931,5.39,46.82,40.07,0,0,4,0,2,0,No,1
STU06932,7.93,82.26,76.13,0,0,2,5,1,0,Yes,1
STU06933,7.13,71.36,73.09,1,2,3,4,1,0,Yes,0
STU06934,7.22,86.06,68.51,1,2,1,8,5,0,No,1
STU06935,8.66,88.25,91.29,1,3,2,1,2,0,No,1
STU06936,6.5,63.8,52.7,0,0,2,5,4,3,Yes,0
STU06937,6.17,62.62,38.75,1,2,0,1,1,0,No,1
STU06938,6.37,61.46,70.85,1,1,3,0,1,0,No,0
STU06939,6.78,63.77,62.57,1,3,3,1,1,0,Yes,0
STU06940,6.9,65.67,67.82,1,1,2,0,1,0,No,0
STU06941,6.04,52.04,46.42,1,1,0,2,1,0,No,1
STU06942,4.67,48.62,35.0,2,4,5,3,1,0,Yes,1
STU06943,6.35,56.96,55.91,0,0,0,1,3,0,Yes,0
STU06944,7.41,77.87,59.17,0,0,1,3,1,0,Yes,1
STU06945,7.16,64.25,65.71,0,0,3,2,2,0,No,1
STU06946,8.38,85.69,87.94,1,1,4,0,2,1,Yes,1
STU06947,9.25,98.15,88.53,1,2,0,4,1,0,No,1
STU06948,7.87,78.79,78.66,1,1,0,4,2,0,Yes,1
STU06949,8.59,97.21,93.61,0,0,2,1,3,0,No,1
STU06950,7.88,81.24,79.51,3,8,7,3,1,0,Yes,1
STU06951,8.97,87.58,73.5,0,0,2,1,5,0,No,1
STU06952,9.13,89.21,84.62,0,0,1,1,1,0,No,1
STU06953,8.09,80.48,90.9,1,3,2,1,2,0,No,1
STU06954,7.81,67.54,74.57,0,0,1,2,2,0,Yes,1
STU06955,6.76,69.33,72.23,2,6,8,4,2,0,Yes,1
STU06956,6.95,80.28,70.26,1,2,1,3,2,0,Yes,1
STU06957,6.61,64.52,56.19,0,0,2,1,2,0,Yes,1
STU06958,7.71,81.57,68.84,0,0,2,0,2,0,Yes,0
STU06959,6.17,54.61,54.74,0,0,1,3,2,0,No,0
STU06960,6.78,71.25,68.92,1,2,2,6,4,0,Yes,0
STU06961,4.29,45.2,35.0,1,1,2,2,3,0,Yes,1
STU06962,8.98,89.6,85.72,0,0,0,0,2,0,No,1
STU06963,6.75,54.37,48.52,1,1,4,4,2,0,Yes,1
STU06964,7.52,72.55,70.69,0,0,0,2,3,1,No,0
STU06965,8.68,88.85,73.72,0,0,2,1,2,0,Yes,1
STU06966,7.35,78.57,73.5,0,0,0,1,2,0,No,0
STU06967,8.66,92.19,79.44,0,0,2,2,2,0,No,1
STU06968,5.57,40.48,53.9,2,4,4,2,3,0,Yes,1
STU06969,9.76,80.73,83.36,1,2,2,2,1,0,Yes,1
STU06970,8.25,87.27,76.98,3,10,3,4,0,0,Yes,1
STU06971,7.24,67.13,58.92,1,3,2,0,3,0,No,0
STU06972,8.64,91.8,85.78,0,0,3,2,2,0,Yes,1
STU06973,5.66,40.77,50.51,0,0,2,2,1,0,Yes,0
STU06974,6.67,61.92,65.15,1,3,1,1,2,0,Yes,1
STU06975,8.66,86.37,87.51,0,0,3,5,2,0,Yes,1
STU06976,4.85,49.24,45.76,1,2,2,0,2,0,Yes,0
STU06977,7.64,71.23,77.99,2,5,6,2,4,1,Yes,1
STU06978,7.61,65.12,78.1,0,0,4,1,1,0,Yes,1
STU06979,9.26,89.89,91.31,2,3,2,1,2,0,Yes,0
STU06980,5.18,50.8,35.48,2,5,6,2,1,0,No,1
STU06981,8.85,93.55,81.74,0,0,0,2,3,1,Yes,1
STU06982,6.36,55.87,45.28,1,3,2,1,1,0,Yes,0
STU06983,6.49,64.53,58.87,0,0,3,2,0,0,No,0
STU06984,5.59,53.01,56.87,0,0,2,1,2,0,No,0
STU06985,5.75,59.25,53.7,0,0,0,1,2,2,No,0
STU06986,7.46,74.55,68.24,0,0,2,4,3,0,Yes,1
STU06987,5.72,40.7,51.11,2,4,3,2,2,0,No,0
STU06988,7.85,79.46,78.96,2,3,3,4,2,0,Yes,1
STU06989,6.24,57.0,54.87,0,0,2,2,0,0,Yes,1
STU06990,5.61,53.28,39.35,0,0,3,0,1,0,No,1
STU06991,6.39,49.39,63.48,2,3,7,0,1,0,No,0
STU06992,7.39,71.89,63.69,1,2,4,3,3,0,No,1
STU06993,6.68,67.9,57.49,0,0,0,3,4,3,No,1
STU06994,7.04,67.91,71.29,2,4,4,0,1,0,Yes,1
STU06995,7.8,77.46,74.05,2,6,4,2,1,0,No,1
STU06996,8.24,95.14,81.18,0,0,1,2,1,0,Yes,1
STU06997,6.64,55.74,59.88,1,3,4,1,2,0,No,0
STU06998,5.8,59.16,49.16,0,0,2,3,2,0,Yes,0
STU06999,7.09,75.42,66.98,0,0,3,3,3,1,Yes,0
STU07000,7.54,74.65,74.28,0,0,1,4,1,0,Yes,1
STU07001,5.32,48.11,45.76,0,0,1,1,1,0,Yes,1
STU07002,5.98,53.29,45.14,2,4,5,4,1,0,Yes,1
STU07003,6.17,56.82,43.43,1,2,1,4,1,1,No,0
STU07004,6.76,60.43,66.99,2,6,1,2,4,0,No,1
STU07005,6.12,52.55,58.38,1,3,3,0,3,0,Yes,1
STU07006,7.81,77.31,78.46,1,1,2,1,4,0,Yes,1
STU07007,5.15,45.58,46.5,1,2,6,3,2,0,Yes,0
STU07008,5.18,45.8,39.17,0,0,2,4,2,1,Yes,1
STU07009,6.62,48.28,44.09,0,0,0,2,2,0,Yes,1
STU07010,6.8,65.25,60.17,0,0,1,3,2,0,Yes,1
STU07011,5.33,45.2,35.0,1,2,4,5,2,0,Yes,0
STU07012,6.3,46.11,55.42,2,5,2,0,4,0,Yes,1
STU07013,6.54,58.51,65.44,0,0,1,4,1,0,Yes,1
STU07014,6.55,58.44,54.03,0,0,1,0,2,0,No,0
STU07015,7.17,78.22,64.22,2,5,3,0,1,1,Yes,1
STU07016,6.24,53.27,47.47,0,0,0,3,1,0,No,0
STU07017,8.7,90.8,84.06,0,0,4,2,2,0,No,1
STU07018,7.56,84.59,73.09,0,0,1,3,2,3,No,1
STU07019,6.07,50.72,45.37,0,0,3,0,1,0,No,0
STU07020,7.11,69.3,72.06,0,0,1,2,1,0,No,1
STU07021,7.14,80.46,83.31,1,2,1,2,0,0,No,1
STU07022,8.4,86.3,89.07,0,0,1,0,2,0,No,1
STU07023,6.31,59.6,53.7,2,4,7,4,4,0,Yes,0
STU07024,7.88,77.82,76.53,1,3,1,3,1,0,No,0
STU07025,7.05,72.8,62.59,0,0,2,0,3,0,Yes,1
STU07026,8.72,86.65,80.68,3,12,6,3,5,0,Yes,1
STU07027,8.48,74.57,88.31,3,9,1,1,2,0,No,1
STU07028,7.23,69.23,74.37,2,6,5,5,2,0,Yes,1
STU07029,6.7,55.85,52.93,0,0,3,2,1,0,Yes,1
STU07030,7.58,77.21,75.73,1,1,4,6,2,0,Yes,1
STU07031,6.79,59.04,68.21,1,2,2,0,3,1,No,0
STU07032,8.93,90.69,82.72,0,0,2,1,1,0,No,1
STU07033,7.09,69.6,65.06,1,2,0,1,2,0,No,1
STU07034,6.53,53.06,61.72,1,3,2,0,1,0,No,0
STU07035,6.47,56.68,60.98,0,0,1,1,3,0,No,0
STU07036,5.61,53.9,49.75,1,2,3,4,1,0,Yes,1
STU07037,7.64,84.25,75.89,2,4,2,2,2,0,Yes,1
STU07038,6.06,48.89,53.63,1,1,1,1,3,0,Yes,0
STU07039,8.26,77.3,79.22,2,5,6,2,2,0,Yes,1
STU07040,5.51,61.27,39.86,0,0,0,2,2,0,Yes,0
STU07041,7.15,70.08,57.8,1,3,5,1,2,0,No,1
STU07042,8.32,84.94,84.97,1,1,5,3,5,0,Yes,1
STU07043,4.52,41.27,43.35,0,0,2,2,3,1,No,0
STU07044,9.32,90.3,88.75,0,0,1,2,3,1,Yes,1
STU07045,6.51,70.49,52.23,0,0,2,2,3,0,Yes,0
STU07046,7.16,71.92,68.0,1,3,2,6,1,0,Yes,1
STU07047,7.66,83.98,75.06,0,0,1,2,1,0,No,0
STU07048,7.84,79.86,84.36,0,0,0,3,3,1,Yes,1
STU07049,7.31,66.56,74.83,2,6,2,5,2,0,Yes,1
STU07050,8.15,78.74,75.4,2,5,6,4,2,2,Yes,1
STU07051,7.6,69.98,76.71,1,1,1,1,1,0,No,1
STU07052,9.03,89.46,80.67,1,3,1,1,1,0,No,0
STU07053,7.6,84.07,58.05,1,1,3,6,1,0,Yes,1
STU07054,9.26,89.82,96.21,1,3,3,1,3,0,No,0
STU07055,8.04,80.03,76.63,2,4,3,1,2,0,No,1
STU07056,4.92,41.89,49.86,1,2,2,0,3,0,No,0
STU07057,10.0,92.02,82.92,0,0,2,1,3,0,Yes,1
STU07058,6.34,50.34,49.92,0,0,3,1,1,1,No,0
STU07059,8.72,80.1,80.62,1,2,1,5,1,0,Yes,1
STU07060,7.03,73.79,66.9,1,1,2,3,2,2,Yes,0
STU07061,8.22,81.81,81.53,2,4,2,0,2,0,No,1
STU07062,6.21,54.32,56.1,0,0,3,2,1,0,No,1
STU07063,7.72,77.37,72.4,1,1,0,0,2,0,Yes,1
STU07064,6.71,67.49,60.38,1,3,3,1,2,0,No,1
STU07065,8.82,88.34,79.29,2,6,3,1,1,0,No,1
STU07066,7.5,71.0,81.27,1,3,3,4,2,0,Yes,1
STU07067,8.08,77.99,71.35,2,5,0,3,2,0,No,0
STU07068,4.51,44.5,37.74,2,6,2,6,1,0,Yes,0
STU07069,6.9,68.1,60.74,2,6,2,2,1,0,Yes,1
STU07070,7.47,74.77,86.32,1,1,2,2,1,0,No,0
STU07071,7.26,71.09,73.44,0,0,1,2,0,0,Yes,0
STU07072,8.11,82.73,74.33,1,2,2,1,2,2,No,1
STU07073,6.58,60.95,63.1,1,3,1,6,3,0,Yes,1
STU07074,7.06,64.1,68.87,2,4,3,3,2,0,Yes,1
STU07075,8.36,91.29,83.29,1,2,2,1,1,1,No,0
STU07076,4.38,42.63,46.69,2,3,1,1,1,1,No,0
STU07077,7.68,78.66,75.23,1,2,0,2,4,0,Yes,1
STU07078,6.62,49.36,59.75,1,3,2,0,2,0,No,0
STU07079,5.95,51.94,40.91,2,4,3,2,2,1,No,1
STU07080,7.39,67.15,79.41,0,0,1,2,3,2,Yes,0
STU07081,8.41,79.16,79.35,2,3,5,5,1,3,Yes,0
STU07082,8.2,97.78,72.82,2,5,4,2,3,0,Yes,1
STU07083,6.84,66.85,59.33,3,9,9,3,4,0,Yes,1
STU07084,8.01,88.98,75.84,0,0,1,1,2,0,No,1
STU07085,8.0,86.67,73.73,2,5,5,3,3,0,Yes,1
STU07086,6.9,72.15,67.91,0,0,1,2,2,0,Yes,0
STU07087,6.2,54.86,58.9,0,0,0,1,3,0,Yes,0
STU07088,6.27,66.49,42.1,0,0,4,0,1,2,Yes,1
STU07089,7.96,86.22,75.06,0,0,1,2,2,0,No,1
STU07090,6.95,67.35,61.44,0,0,2,1,4,0,Yes,0
STU07091,5.8,53.32,47.71,2,4,2,5,1,0,Yes,1
STU07092,5.06,46.31,54.37,1,2,2,2,2,2,Yes,0
STU07093,7.96,81.41,73.21,1,1,2,2,4,2,No,1
STU07094,6.37,57.97,64.6,2,6,2,0,3,0,Yes,1
STU07095,7.38,75.94,69.77,2,3,2,1,3,0,Yes,1
STU07096,8.43,95.58,91.57,3,6,10,2,3,2,No,0
STU07097,5.49,42.23,44.6,2,3,2,1,1,0,No,0
STU07098,6.95,73.89,61.46,2,5,1,0,2,0,No,1
STU07099,6.8,62.55,61.63,0,0,1,3,0,0,No,0
STU07100,7.44,82.06,79.2,1,1,2,2,2,0,Yes,1
STU07101,8.43,83.14,83.09,0,0,1,2,2,0,No,1
STU07102,5.47,51.75,47.53,0,0,2,0,3,0,No,0
STU07103,7.66,76.61,78.39,0,0,2,1,3,0,No,0
STU07104,8.19,72.8,74.91,1,1,2,0,2,0,Yes,1
STU07105,6.79,74.86,63.45,2,3,1,3,3,0,Yes,1
STU07106,6.84,59.67,58.55,1,3,2,1,0,0,Yes,0
STU07107,7.48,75.62,80.94,2,5,8,4,2,0,Yes,0
STU07108,7.4,67.57,73.4,0,0,1,4,2,0,Yes,1
STU07109,7.67,69.76,78.93,0,0,0,0,1,0,Yes,1
STU07110,7.65,76.2,62.19,2,3,4,4,1,1,Yes,1
STU07111,5.87,48.93,53.73,0,0,3,6,4,1,Yes,0
STU07112,8.14,75.73,78.68,1,1,4,3,3,0,Yes,1
STU07113,8.34,84.34,72.93,0,0,2,0,3,0,No,1
STU07114,7.21,62.31,68.77,0,0,0,0,3,0,No,0
STU07115,5.28,48.86,36.0,1,1,3,2,2,0,No,0
STU07116,6.87,64.95,66.38,1,3,6,1,1,0,No,1
STU07117,7.22,56.43,76.92,0,0,0,3,0,0,Yes,1
STU07118,5.68,47.63,37.03,2,4,7,2,4,1,Yes,1
STU07119,6.59,64.09,58.1,0,0,0,1,1,0,Yes,0
STU07120,5.38,42.3,44.69,1,1,2,0,1,0,No,0
STU07121,7.7,81.19,63.19,1,2,1,4,2,2,Yes,1
STU07122,7.19,73.41,73.31,1,3,3,1,2,2,No,0
STU07123,5.11,41.22,48.08,1,1,2,1,2,0,No,1
STU07124,7.4,73.92,83.15,0,0,2,2,4,3,Yes,1
STU07125,6.94,71.75,66.78,1,2,2,2,2,0,Yes,1
STU07126,7.59,71.4,68.39,0,0,3,4,1,0,Yes,1
STU07127,6.55,59.52,60.84,0,0,0,0,2,0,No,0
STU07128,6.08,61.46,59.27,0,0,0,1,1,0,No,1
STU07129,6.11,49.83,49.19,1,1,7,0,1,0,No,0
STU07130,6.38,61.15,60.51,2,5,3,2,1,1,Yes,0
STU07131,7.02,61.78,51.13,0,0,2,1,2,0,No,1
STU07132,7.17,69.54,76.35,1,1,3,3,2,0,Yes,1
STU07133,6.78,66.99,66.11,1,3,2,3,2,0,Yes,1
STU07134,6.51,45.8,41.96,0,0,1,2,2,0,Yes,0
STU07135,6.6,58.23,60.73,1,1,2,3,2,0,Yes,1
STU07136,9.88,92.28,74.79,2,3,2,4,1,0,Yes,1
STU07137,6.11,56.34,48.31,3,6,3,3,2,1,Yes,1
STU07138,6.36,54.93,59.14,1,1,4,2,5,0,Yes,1
STU07139,10.0,83.26,86.08,1,1,7,1,1,0,No,1
STU07140,7.48,78.95,79.72,0,0,2,1,5,0,No,1
STU07141,5.41,46.94,46.26,0,0,3,3,1,0,Yes,0
STU07142,7.97,84.49,77.99,1,3,4,2,1,0,No,0
STU07143,5.95,55.54,56.85,0,0,2,1,1,0,Yes,0
STU07144,8.05,79.28,76.94,1,2,3,2,2,0,No,1
STU07145,6.76,70.39,60.8,0,0,0,1,2,0,Yes,1
STU07146,6.49,56.43,57.64,1,1,3,1,2,0,Yes,0
STU07147,8.85,94.65,84.1,1,1,1,5,2,0,Yes,1
STU07148,7.65,85.44,81.47,2,4,3,6,2,0,Yes,1
STU07149,8.12,88.88,75.58,0,0,2,3,1,0,Yes,1
STU07150,7.5,74.32,67.43,2,4,4,1,2,0,No,1
STU07151,6.49,75.18,50.53,1,3,4,1,2,1,Yes,0
STU07152,7.7,79.09,62.33,1,1,4,0,2,0,No,1
STU07153,8.39,86.34,90.79,1,3,1,0,3,0,No,0
STU07154,7.15,70.15,61.88,0,0,1,1,3,0,Yes,1
STU07155,9.07,81.56,83.91,0,0,3,3,0,0,Yes,1
STU07156,7.98,89.1,87.67,1,1,3,2,1,1,Yes,1
STU07157,7.24,68.24,67.82,2,6,1,0,3,0,No,0
STU07158,7.29,77.88,72.45,2,6,6,3,0,0,No,1
STU07159,7.16,77.29,58.81,0,0,1,1,1,1,No,0
STU07160,5.56,53.5,55.27,0,0,2,4,1,0,Yes,0
STU07161,6.9,62.04,62.46,1,2,5,2,1,0,Yes,1
STU07162,7.25,69.76,62.69,1,2,4,0,1,0,No,0
STU07163,6.52,44.28,51.22,0,0,1,2,3,0,No,0
STU07164,7.39,73.07,80.91,1,1,4,0,1,0,No,1
STU07165,7.02,73.13,61.79,1,3,1,5,2,0,Yes,1
STU07166,7.89,78.93,71.38,2,3,2,1,4,0,No,1
STU07167,7.76,75.33,73.27,0,0,0,1,2,1,No,0
STU07168,7.19,69.04,68.1,2,6,1,0,3,0,No,1
STU07169,5.43,56.28,46.9,2,6,5,1,1,1,No,1
STU07170,9.06,87.95,87.94,1,3,3,0,2,0,No,0
STU07171,6.84,76.39,63.65,2,6,3,2,3,0,Yes,1
STU07172,6.91,62.92,67.23,1,3,1,1,1,0,No,0
STU07173,6.61,62.89,56.95,1,3,3,3,2,0,Yes,1
STU07174,6.44,56.53,68.56,1,1,3,0,1,1,No,0
STU07175,8.78,99.6,81.22,1,2,1,1,2,0,No,0
STU07176,8.59,87.26,91.3,0,0,2,0,2,3,No,1
STU07177,7.51,88.31,68.95,0,0,1,2,2,0,No,0
STU07178,6.88,63.33,54.28,2,5,0,0,2,0,Yes,1
STU07179,7.71,87.44,65.27,0,0,3,2,0,0,No,1
STU07180,7.08,69.94,68.06,1,2,0,0,4,0,No,1
STU07181,6.78,69.34,68.29,2,4,2,1,3,0,No,1
STU07182,7.39,66.46,63.88,1,2,3,5,5,0,No,1
STU07183,6.49,62.06,51.71,2,3,6,0,3,0,No,1
STU07184,7.29,65.96,71.69,2,3,6,1,3,0,No,1
STU07185,7.23,73.04,68.49,0,0,3,0,5,0,Yes,0
STU07186,7.69,68.96,71.56,0,0,4,0,3,0,No,0
STU07187,6.29,56.57,46.46,1,3,1,0,3,0,No,0
STU07188,7.82,86.04,78.32,2,6,5,2,2,0,No,0
STU07189,5.96,56.58,54.22,1,3,2,2,2,2,Yes,1
STU07190,6.34,50.38,57.74,0,0,2,1,1,0,No,0
STU07191,6.39,47.17,55.72,1,3,2,1,1,0,No,0
STU07192,5.77,54.47,42.16,1,3,3,3,3,0,Yes,0
STU07193,8.17,92.5,81.9,0,0,1,2,2,3,No,1
STU07194,5.89,46.85,51.07,0,0,2,2,1,0,Yes,0
STU07195,6.2,68.54,45.08,2,6,6,3,2,1,Yes,1
STU07196,8.44,85.24,80.46,1,3,2,4,1,0,Yes,1
STU07197,6.34,46.07,57.02,2,5,0,4,1,0,No,1
STU07198,6.78,55.03,60.92,0,0,1,3,3,0,No,0
STU07199,5.84,56.76,37.37,0,0,1,4,2,0,Yes,0
STU07200,7.96,81.88,74.26,0,0,2,4,1,2,Yes,1
STU07201,7.97,90.17,74.03,1,3,1,3,1,0,Yes,1
STU07202,7.85,72.65,80.19,2,6,0,2,2,0,No,1
STU07203,7.62,77.7,89.58,2,5,5,2,1,2,No,0
STU07204,7.08,69.27,67.03,0,0,0,3,2,0,Yes,1
STU07205,6.4,57.77,48.44,0,0,1,1,2,1,No,0
STU07206,6.06,52.1,50.43,1,1,3,4,2,0,Yes,1
STU07207,8.48,83.37,82.61,0,0,2,1,2,0,No,1
STU07208,7.88,81.28,81.77,1,3,0,1,2,0,No,1
STU07209,6.2,57.86,60.5,0,0,2,0,2,0,No,0
STU07210,7.05,70.16,73.99,2,3,6,2,2,0,Yes,1
STU07211,6.65,69.58,62.57,1,3,2,2,1,0,No,0
STU07212,5.7,43.72,47.93,0,0,2,2,1,0,Yes,1
STU07213,7.2,60.15,76.92,1,2,5,0,3,0,No,0
STU07214,6.52,66.45,55.26,2,5,3,0,0,0,Yes,1
STU07215,5.9,47.17,50.16,2,4,4,2,3,0,No,1
STU07216,5.3,45.92,43.73,0,0,3,4,3,0,Yes,0
STU07217,5.2,44.07,35.0,1,1,5,1,4,0,No,0
STU07218,6.57,57.28,65.71,0,0,0,2,2,0,Yes,0
STU07219,6.9,57.54,67.34,3,10,2,0,2,2,Yes,0
STU07220,5.99,50.23,36.42,1,2,5,2,5,0,No,1
STU07221,7.75,82.62,81.74,2,5,3,2,1,2,No,1
STU07222,6.92,66.57,61.77,0,0,1,2,2,0,No,0
STU07223,7.66,80.72,80.62,0,0,1,2,1,2,No,1
STU07224,6.79,61.52,61.95,1,1,2,0,3,0,No,1
STU07225,6.09,60.18,43.62,1,1,2,2,2,0,Yes,1
STU07226,7.13,66.89,67.1,0,0,2,2,1,0,No,0
STU07227,5.55,37.15,41.41,0,0,2,1,1,0,No,0
STU07228,7.62,78.92,66.68,1,2,1,3,3,1,Yes,1
STU07229,5.92,57.57,55.17,0,0,5,3,1,0,Yes,0
STU07230,8.06,78.69,81.39,0,0,1,2,1,2,Yes,1
STU07231,6.61,68.82,67.61,2,5,2,2,1,0,No,1
STU07232,8.22,78.39,78.12,2,6,2,1,1,0,No,1
STU07233,5.71,55.02,42.22,1,1,2,1,2,0,Yes,0
STU07234,6.22,66.72,57.08,0,0,0,3,2,0,Yes,0
STU07235,7.44,74.68,66.46,0,0,1,0,5,0,No,0
STU07236,8.35,83.22,79.72,0,0,0,2,1,0,Yes,0
STU07237,8.92,87.15,87.93,0,0,2,1,4,0,Yes,1
STU07238,7.05,78.43,64.9,0,0,1,2,4,0,No,0
STU07239,9.11,90.86,82.51,0,0,0,2,3,0,Yes,1
STU07240,6.67,75.36,51.08,1,1,0,1,1,0,No,0
STU07241,8.26,85.57,86.51,1,1,1,2,2,0,No,1
STU07242,5.92,49.0,47.72,0,0,2,2,1,0,No,0
STU07243,7.48,71.65,75.86,0,0,0,1,2,0,Yes,1
STU07244,4.31,45.83,45.37,0,0,3,1,4,0,Yes,0
STU07245,5.71,38.76,54.56,0,0,1,3,1,0,No,0
STU07246,7.54,73.09,71.52,2,5,4,3,1,0,Yes,1
STU07247,5.49,46.7,44.33,3,7,3,4,2,0,No,0
STU07248,7.49,76.73,65.64,0,0,1,4,3,0,Yes,1
STU07249,8.04,93.59,75.68,0,0,2,0,1,2,No,0
STU07250,6.42,59.28,57.99,0,0,1,2,4,3,No,0
STU07251,5.89,41.1,44.74,2,6,5,1,2,0,No,1
STU07252,6.45,53.87,58.25,1,3,5,1,1,0,No,0
STU07253,5.89,54.24,58.47,3,8,4,1,2,2,Yes,0
STU07254,6.88,66.5,60.27,1,2,1,4,2,0,Yes,1
STU07255,7.12,79.51,58.88,0,0,3,1,1,0,No,0
STU07256,6.65,67.99,56.75,2,5,5,3,2,0,Yes,1
STU07257,8.93,93.38,76.26,2,3,5,1,3,0,No,1
STU07258,6.17,54.42,60.73,0,0,1,1,2,1,Yes,0
STU07259,8.6,92.81,83.72,0,0,1,2,3,0,Yes,0
STU07260,5.8,46.42,44.42,2,6,4,3,2,0,Yes,1
STU07261,7.08,75.02,62.85,3,6,7,1,4,0,No,0
STU07262,8.36,82.97,74.57,1,3,3,8,2,1,Yes,0
STU07263,8.3,75.52,87.28,0,0,2,3,1,0,No,1
STU07264,6.52,63.84,68.3,0,0,1,3,5,0,No,1
STU07265,7.64,85.7,65.35,1,3,6,1,2,0,Yes,1
STU07266,7.48,72.74,78.44,0,0,1,2,1,0,Yes,0
STU07267,6.38,67.73,53.87,0,0,1,1,2,0,No,0
STU07268,7.71,68.3,82.84,0,0,1,1,2,0,No,0
STU07269,9.14,81.36,74.54,1,3,4,2,2,0,No,1
STU07270,7.54,75.14,74.37,1,3,3,4,1,0,Yes,1
STU07271,7.65,75.28,72.06,3,11,8,1,3,1,No,1
STU07272,7.77,75.0,79.96,0,0,0,2,1,2,No,0
STU07273,5.32,49.11,45.68,2,3,4,1,1,0,No,1
STU07274,7.53,72.65,72.96,0,0,2,5,1,0,Yes,1
STU07275,5.83,49.95,48.47,2,3,3,0,1,0,No,0
STU07276,6.32,59.17,63.87,1,3,1,3,1,0,Yes,1
STU07277,9.49,85.3,85.26,0,0,4,0,2,0,No,1
STU07278,6.71,62.5,65.32,2,6,1,0,1,0,Yes,1
STU07279,6.15,51.55,56.19,1,1,4,1,1,0,No,1
STU07280,8.33,77.19,86.75,1,1,5,6,3,0,No,1
STU07281,5.91,57.45,43.77,2,6,2,0,3,0,No,1
STU07282,6.49,70.11,61.11,1,2,3,2,3,0,No,0
STU07283,8.44,91.61,84.24,0,0,1,3,3,0,No,0
STU07284,7.05,70.69,58.56,0,0,2,2,3,0,Yes,0
STU07285,5.2,43.91,43.49,0,0,1,3,0,0,No,0
STU07286,7.63,75.38,87.87,2,3,6,3,1,0,No,1
STU07287,6.54,67.01,55.32,3,7,6,0,2,0,No,0
STU07288,8.77,73.44,81.93,1,3,4,1,3,0,No,1
STU07289,6.3,55.13,57.02,1,2,3,4,2,0,No,0
STU07290,8.21,87.78,77.13,0,0,2,0,2,0,No,0
STU07291,9.04,81.39,86.06,2,4,6,0,1,0,No,1
STU07292,6.02,56.46,48.23,0,0,3,0,1,1,No,0
STU07293,6.78,66.54,63.69,1,1,4,0,1,1,No,0
STU07294,7.45,65.88,71.23,3,11,3,1,3,0,Yes,1
STU07295,6.01,54.37,62.56,2,3,6,2,3,0,No,1
STU07296,7.31,68.93,69.92,2,5,5,3,1,0,Yes,1
STU07297,6.74,66.19,59.36,1,1,4,3,2,2,Yes,1
STU07298,6.72,67.28,66.43,0,0,1,3,3,0,Yes,0
STU07299,7.06,71.18,57.44,0,0,2,2,2,0,No,1
STU07300,7.08,69.61,76.32,1,1,4,3,1,0,Yes,0
STU07301,7.19,72.51,61.85,2,4,5,2,1,0,Yes,0
STU07302,6.31,50.32,61.53,2,5,2,1,1,0,No,0
STU07303,6.36,57.93,63.86,2,4,3,3,3,0,Yes,1
STU07304,6.86,60.87,59.49,0,0,1,3,2,0,Yes,0
STU07305,6.95,73.23,61.47,1,3,0,6,1,0,Yes,1
STU07306,6.5,64.11,56.36,2,5,5,2,3,0,Yes,1
STU07307,7.37,77.61,74.26,1,2,1,3,0,0,Yes,0
STU07308,4.91,56.86,37.59,0,0,0,2,1,0,Yes,0
STU07309,6.16,53.57,51.9,2,4,5,4,1,1,Yes,0
STU07310,6.68,59.35,57.77,0,0,1,0,0,0,No,0
STU07311,6.02,51.74,43.95,0,0,1,3,2,0,Yes,0
STU07312,8.87,78.02,78.37,1,3,0,2,4,0,No,1
STU07313,7.02,59.12,66.03,0,0,0,5,1,0,Yes,0
STU07314,7.2,74.71,68.65,2,4,3,3,2,0,Yes,1
STU07315,6.44,50.87,51.66,0,0,3,2,1,3,Yes,0
STU07316,6.98,61.1,65.03,0,0,1,0,2,0,Yes,0
STU07317,5.6,49.54,43.27,2,4,4,0,2,0,No,0
STU07318,6.8,62.31,69.62,0,0,1,2,2,1,No,0
STU07319,5.92,58.28,49.35,1,3,2,2,1,0,Yes,0
STU07320,6.68,63.05,66.28,1,1,2,3,2,0,Yes,0
STU07321,4.06,40.48,35.0,0,0,2,4,2,0,Yes,1
STU07322,5.7,56.77,49.87,0,0,1,3,2,0,Yes,0
STU07323,8.68,91.07,87.27,1,1,3,2,2,0,Yes,0
STU07324,7.95,72.6,77.24,2,3,4,4,2,0,Yes,1
STU07325,8.52,87.26,79.52,1,2,0,2,2,0,Yes,1
STU07326,8.6,81.9,82.27,1,3,1,3,1,1,No,0
STU07327,7.77,74.57,80.47,1,1,2,2,3,0,Yes,1
STU07328,6.48,70.97,49.49,0,0,1,0,1,0,No,0
STU07329,5.81,52.59,53.04,0,0,2,2,0,1,No,0
STU07330,8.32,83.04,83.26,1,2,1,5,2,0,No,0
STU07331,7.07,69.56,64.48,1,2,2,2,4,0,Yes,0
STU07332,9.87,94.95,85.39,0,0,2,1,1,0,Yes,1
STU07333,6.58,56.98,58.56,0,0,1,4,2,0,Yes,0
STU07334,9.27,85.69,95.83,2,4,2,2,1,0,Yes,0
STU07335,6.82,68.98,64.13,1,1,4,0,2,3,No,1
STU07336,8.54,76.75,77.19,2,6,4,3,2,0,Yes,1
STU07337,8.95,93.83,82.27,2,4,1,2,4,0,No,1
STU07338,5.82,42.4,42.16,1,2,4,2,0,0,Yes,1
STU07339,6.44,57.73,44.87,1,3,5,1,3,0,No,1
STU07340,5.81,42.32,41.94,2,3,3,3,2,0,No,0
STU07341,5.59,43.68,47.73,1,2,4,2,1,0,No,0
STU07342,7.77,86.72,83.57,0,0,1,0,1,0,Yes,0
STU07343,6.77,70.48,67.19,2,5,2,1,2,0,Yes,0
STU07344,7.06,75.75,58.91,0,0,0,0,3,0,No,1
STU07345,7.64,68.66,69.57,2,3,2,5,2,0,Yes,0
STU07346,4.86,40.09,37.77,3,9,2,1,4,0,No,0
STU07347,8.48,87.55,67.03,0,0,1,2,1,0,Yes,0
STU07348,6.6,65.76,57.46,0,0,3,5,1,0,Yes,1
STU07349,7.61,72.13,78.75,2,5,2,2,2,0,No,1
STU07350,7.71,74.83,73.79,2,3,4,3,4,0,Yes,1
STU07351,8.58,79.28,75.46,1,3,1,1,2,0,Yes,1
STU07352,6.88,75.83,57.81,1,3,4,5,2,0,Yes,1
STU07353,4.56,42.93,40.8,2,3,7,2,3,0,Yes,0
STU07354,7.07,69.12,70.55,1,3,4,3,1,2,No,0
STU07355,7.23,71.93,67.34,2,5,4,4,2,0,Yes,1
STU07356,5.81,58.52,52.7,0,0,1,2,1,0,Yes,0
STU07357,7.17,64.78,67.01,0,0,3,5,2,0,Yes,1
STU07358,6.58,68.27,59.68,1,3,5,2,1,0,No,0
STU07359,5.46,41.5,40.53,1,1,2,4,3,0,Yes,0
STU07360,7.77,85.99,71.88,0,0,1,2,2,0,Yes,0
STU07361,6.35,47.64,47.4,0,0,1,0,1,0,No,1
STU07362,6.53,59.91,61.15,2,6,6,1,3,0,Yes,0
STU07363,6.47,69.32,54.82,1,1,2,1,1,0,No,0
STU07364,8.42,89.29,60.52,0,0,1,1,2,0,Yes,1
STU07365,6.95,69.66,67.01,0,0,0,3,2,0,Yes,1
STU07366,7.09,63.06,72.19,2,5,3,1,5,0,Yes,1
STU07367,6.49,55.58,52.11,0,0,4,3,2,0,No,1
STU07368,7.53,83.94,75.75,1,1,4,4,3,0,Yes,1
STU07369,8.55,88.76,81.66,1,3,5,1,1,0,No,0
STU07370,7.75,84.03,62.98,3,11,3,2,2,1,Yes,1
STU07371,7.79,79.62,87.9,2,3,7,1,3,1,Yes,0
STU07372,7.7,76.42,73.89,1,2,3,5,2,0,Yes,1
STU07373,5.41,53.48,47.08,2,5,1,1,3,0,No,0
STU07374,5.99,55.18,46.87,2,3,2,2,4,0,Yes,1
STU07375,6.76,63.04,59.28,0,0,2,4,3,0,Yes,1
STU07376,6.17,47.13,53.59,0,0,1,3,2,0,No,0
STU07377,5.78,57.27,42.29,0,0,1,4,2,0,Yes,0
STU07378,4.85,48.97,53.5,2,3,2,1,1,0,Yes,0
STU07379,5.45,45.5,51.16,1,2,2,2,1,0,No,0
STU07380,6.7,70.15,63.18,0,0,1,1,1,0,Yes,0
STU07381,6.92,67.99,62.67,0,0,1,2,2,0,Yes,0
STU07382,6.09,56.26,47.11,1,1,3,2,1,1,No,0
STU07383,7.09,74.64,72.52,0,0,0,2,5,0,Yes,1
STU07384,6.5,64.09,60.74,1,1,3,1,1,0,Yes,0
STU07385,8.25,85.57,78.41,0,0,2,3,1,0,No,1
STU07386,6.81,63.82,55.44,1,2,3,3,4,0,Yes,1
STU07387,7.8,91.2,66.84,0,0,0,2,2,0,No,1
STU07388,7.23,67.08,68.65,1,1,2,1,3,0,Yes,0
STU07389,5.39,53.21,44.24,0,0,1,1,3,0,No,0
STU07390,6.9,65.67,70.28,1,2,2,1,2,1,Yes,1
STU07391,5.58,52.71,52.94,1,3,2,2,1,0,Yes,0
STU07392,6.88,73.23,63.07,2,3,6,0,2,1,Yes,0
STU07393,6.14,53.48,51.86,1,2,4,2,2,0,No,0
STU07394,7.44,78.09,64.57,1,2,3,4,1,0,Yes,1
STU07395,5.46,50.77,52.54,1,3,0,4,4,0,Yes,0
STU07396,7.02,64.34,64.85,0,0,1,4,3,0,Yes,0
STU07397,7.66,85.17,78.25,1,3,3,3,4,1,Yes,1
STU07398,8.04,86.21,86.01,0,0,4,2,3,0,No,1
STU07399,6.12,52.46,48.67,1,1,2,3,2,0,Yes,0
STU07400,7.02,74.86,60.27,0,0,0,3,3,0,Yes,0
STU07401,7.21,66.16,82.96,0,0,1,2,0,0,Yes,1
STU07402,8.78,87.01,87.75,1,1,0,1,1,0,No,1
STU07403,5.3,45.6,43.51,2,6,4,2,3,1,No,0
STU07404,5.95,57.75,57.69,1,1,1,1,3,0,Yes,1
STU07405,10.0,87.01,85.04,1,2,3,2,1,0,Yes,1
STU07406,6.69,67.31,61.71,2,6,1,1,1,0,No,1
STU07407,4.83,49.83,39.86,1,2,4,1,1,1,No,0
STU07408,6.33,55.38,54.53,1,1,4,0,2,2,Yes,0
STU07409,4.0,56.1,40.48,1,2,1,3,4,1,Yes,0
STU07410,7.28,67.68,64.64,2,3,6,1,1,0,No,1
STU07411,7.93,72.37,79.29,1,2,1,0,1,0,Yes,1
STU07412,5.95,58.37,46.41,0,0,0,4,0,0,Yes,0
STU07413,6.46,46.52,59.87,0,0,0,3,1,0,Yes,0
STU07414,8.06,91.05,77.27,1,2,2,0,1,0,No,1
STU07415,4.99,47.44,35.0,1,2,3,3,2,0,No,0
STU07416,5.48,40.78,50.07,0,0,0,2,2,0,Yes,1
STU07417,6.74,57.93,64.44,1,3,3,2,5,1,No,0
STU07418,6.13,45.43,65.75,1,1,1,3,4,0,Yes,0
STU07419,6.66,64.73,59.54,0,0,1,0,3,0,No,0
STU07420,5.55,41.82,47.88,0,0,1,0,2,1,No,0
STU07421,7.25,74.7,71.56,1,1,0,2,2,0,No,0
STU07422,6.83,63.32,68.27,0,0,2,2,3,0,No,1
STU07423,7.63,74.34,79.93,2,4,5,0,1,1,No,0
STU07424,7.23,74.48,70.34,1,1,3,6,2,0,Yes,1
STU07425,7.24,75.31,68.37,1,3,1,3,1,2,No,0
STU07426,5.34,55.3,50.48,3,9,5,2,2,0,No,1
STU07427,7.57,72.54,72.9,1,1,3,4,1,0,Yes,0
STU07428,6.62,61.6,51.05,2,6,4,5,1,0,Yes,1
STU07429,6.81,61.03,52.83,3,7,6,1,0,0,Yes,1
STU07430,8.21,84.31,78.57,1,1,2,1,2,0,No,1
STU07431,6.17,51.05,53.44,0,0,2,3,2,0,Yes,0
STU07432,8.55,83.41,97.78,2,4,4,2,3,0,Yes,0
STU07433,8.66,84.07,82.86,0,0,0,0,2,0,No,1
STU07434,7.87,81.81,77.33,1,1,1,4,3,0,No,1
STU07435,5.87,52.53,47.09,1,2,1,0,2,0,No,0
STU07436,4.49,48.69,46.36,2,4,4,4,1,0,No,1
STU07437,8.24,83.01,82.34,1,1,2,2,3,0,Yes,1
STU07438,7.13,66.43,63.08,0,0,5,2,2,0,No,0
STU07439,6.14,56.49,46.28,1,2,0,2,2,0,No,0
STU07440,8.35,79.1,79.19,1,3,2,3,2,0,Yes,1
STU07441,6.01,57.23,45.76,0,0,2,0,1,0,Yes,0
STU07442,6.51,58.51,55.83,0,0,1,2,2,0,Yes,1
STU07443,7.6,78.0,74.62,1,1,0,4,3,0,Yes,1
STU07444,5.72,52.39,45.06,1,1,3,2,2,0,No,1
STU07445,6.87,75.41,71.53,1,2,0,3,2,1,Yes,0
STU07446,8.25,86.07,87.74,1,2,4,2,3,0,No,1
STU07447,7.24,72.09,67.27,3,12,7,4,2,0,Yes,1
STU07448,8.43,81.05,76.42,1,2,2,0,2,0,Yes,0
STU07449,8.3,89.07,81.08,0,0,1,0,1,0,No,1
STU07450,7.01,66.37,64.19,1,3,3,1,1,0,Yes,1
STU07451,4.31,36.31,42.09,0,0,1,1,2,0,Yes,0
STU07452,5.73,49.98,45.76,0,0,2,1,2,1,Yes,0
STU07453,7.88,81.35,70.9,1,1,2,2,1,0,No,1
STU07454,5.22,42.91,45.03,1,3,1,1,3,0,Yes,0
STU07455,6.62,61.15,56.75,2,4,4,3,1,0,No,0
STU07456,7.39,73.36,69.22,1,2,2,1,3,0,Yes,1
STU07457,8.69,86.39,84.29,1,3,2,1,1,0,Yes,1
STU07458,6.34,65.17,54.35,0,0,4,3,5,0,No,0
STU07459,6.26,48.9,54.2,2,5,3,6,2,0,Yes,1
STU07460,6.94,79.11,61.52,0,0,3,2,2,0,Yes,0
STU07461,7.4,73.78,73.14,1,2,2,0,2,0,Yes,1
STU07462,6.82,68.57,57.78,1,1,1,1,2,3,No,0
STU07463,8.21,84.12,73.83,3,11,5,3,3,0,Yes,1
STU07464,6.08,44.23,46.25,0,0,3,0,1,0,Yes,0
STU07465,7.14,63.71,62.99,1,2,4,1,3,0,Yes,1
STU07466,7.51,72.41,64.83,1,3,2,3,1,0,Yes,1
STU07467,6.54,66.59,47.47,0,0,2,2,3,0,No,0
STU07468,7.97,72.87,81.2,0,0,1,1,1,0,No,0
STU07469,7.17,65.39,75.17,0,0,1,0,2,0,No,0
STU07470,7.91,81.55,80.91,0,0,0,3,1,0,Yes,1
STU07471,7.22,74.14,65.41,0,0,2,1,3,0,No,0
STU07472,7.43,77.04,61.08,0,0,1,4,1,0,No,1
STU07473,6.27,50.98,55.04,1,2,3,1,2,0,Yes,1
STU07474,6.27,47.33,44.27,0,0,3,2,4,0,No,0
STU07475,8.41,88.24,81.49,0,0,2,2,2,0,Yes,1
STU07476,7.73,87.12,70.72,1,1,3,1,1,3,Yes,1
STU07477,5.82,49.96,35.35,0,0,2,2,3,0,Yes,0
STU07478,7.21,64.2,76.96,0,0,2,2,3,3,Yes,1
STU07479,4.27,42.83,35.0,1,3,5,0,0,0,No,0
STU07480,6.34,60.14,52.64,1,3,1,0,0,0,Yes,1
STU07481,8.11,81.05,78.67,1,3,2,1,1,0,Yes,1
STU07482,6.86,73.97,59.7,0,0,1,2,2,2,No,0
STU07483,7.14,75.55,69.79,2,3,3,2,1,1,Yes,1
STU07484,4.0,46.23,37.68,2,5,3,0,1,0,No,0
STU07485,6.55,49.02,60.03,0,0,2,0,2,0,No,1
STU07486,7.39,69.63,72.7,1,3,0,2,1,0,No,1
STU07487,7.54,72.62,64.64,1,3,5,0,3,1,No,1
STU07488,8.11,77.98,80.87,0,0,3,3,2,0,No,1
STU07489,6.76,65.11,54.65,0,0,1,3,2,0,Yes,1
STU07490,6.81,66.13,54.87,0,0,1,1,1,0,No,0
STU07491,5.47,39.2,47.99,0,0,5,2,1,0,Yes,0
STU07492,6.76,68.9,58.62,0,0,0,2,1,0,No,1
STU07493,5.55,49.9,49.04,0,0,1,2,1,0,Yes,0
STU07494,4.87,48.59,45.73,1,2,3,2,1,1,No,0
STU07495,5.75,55.82,39.79,1,3,2,1,2,0,No,0
STU07496,8.73,82.37,88.42,1,1,3,3,4,0,Yes,1
STU07497,6.69,70.35,61.51,1,1,2,2,3,0,No,0
STU07498,7.25,70.93,65.26,0,0,2,2,4,0,No,1
STU07499,6.41,67.86,54.97,1,2,6,3,1,0,Yes,1
STU07500,4.94,41.3,48.28,0,0,1,0,2,0,Yes,0
STU07501,8.08,90.86,77.32,0,0,1,0,3,2,No,0
STU07502,4.5,40.24,55.36,2,4,2,1,2,0,Yes,0
STU07503,6.36,73.41,64.07,1,1,2,0,1,0,No,0
STU07504,6.94,61.14,64.55,1,1,4,2,2,0,No,1
STU07505,7.27,78.29,67.59,0,0,1,5,4,0,Yes,1
STU07506,6.16,53.43,51.5,2,5,5,2,3,0,Yes,1
STU07507,4.89,50.78,39.89,0,0,1,0,1,0,No,0
STU07508,6.08,54.32,52.32,1,2,3,0,1,0,No,0
STU07509,6.14,48.75,56.43,1,1,1,1,0,3,Yes,1
STU07510,6.11,38.17,43.86,2,5,3,0,3,0,No,1
STU07511,8.12,97.59,83.4,2,6,6,1,0,0,No,1
STU07512,5.6,50.6,52.77,0,0,0,2,2,0,Yes,0
STU07513,7.35,55.48,73.57,0,0,0,2,3,0,No,0
STU07514,7.18,72.47,66.88,2,5,4,5,2,0,No,0
STU07515,8.1,86.58,82.62,0,0,5,1,2,1,No,1
STU07516,6.85,61.09,70.18,2,6,8,1,1,0,Yes,1
STU07517,7.91,76.36,77.26,1,3,2,2,1,0,No,0
STU07518,6.8,64.61,61.87,0,0,2,1,2,0,No,0
STU07519,7.5,82.61,85.19,0,0,2,3,5,1,Yes,1
STU07520,5.27,48.64,46.88,3,10,7,2,2,0,Yes,1
STU07521,4.0,53.9,36.08,0,0,1,1,2,0,No,0
STU07522,7.43,81.18,76.63,1,3,6,1,2,0,Yes,1
STU07523,7.5,73.98,74.76,1,3,1,2,1,0,Yes,0
STU07524,7.55,66.67,69.16,1,2,5,1,1,0,Yes,1
STU07525,6.4,57.26,49.0,0,0,1,4,2,0,Yes,0
STU07526,8.71,90.04,85.31,0,0,3,1,0,2,Yes,1
STU07527,6.47,59.99,56.27,0,0,3,3,2,0,Yes,0
STU07528,7.48,78.98,64.71,2,3,3,2,2,0,Yes,1
STU07529,7.68,83.14,74.43,1,2,5,5,1,0,No,1
STU07530,8.98,91.15,84.06,0,0,1,3,2,0,Yes,1
STU07531,6.64,60.38,58.66,0,0,1,1,2,0,No,1
STU07532,6.25,59.74,56.57,1,2,1,1,0,0,Yes,1
STU07533,5.28,61.49,35.0,1,1,2,2,2,0,No,0
STU07534,8.79,78.27,77.53,0,0,1,0,1,0,No,1
STU07535,7.48,78.11,69.26,0,0,0,2,2,0,Yes,0
STU07536,7.52,86.67,80.64,1,1,2,2,3,0,No,0
STU07537,10.0,82.84,100.0,3,10,5,1,1,0,No,1
STU07538,7.37,79.56,70.58,1,1,3,0,2,0,No,1
STU07539,5.5,56.3,46.76,0,0,3,1,1,2,No,0
STU07540,6.77,55.37,46.58,2,5,3,3,2,0,Yes,1
STU07541,5.88,56.87,55.02,1,2,1,3,1,0,No,0
STU07542,6.54,59.05,60.37,1,1,1,3,3,3,Yes,0
STU07543,6.54,60.23,59.3,0,0,3,3,0,1,Yes,0
STU07544,6.32,55.59,47.07,2,4,6,1,1,2,Yes,1
STU07545,5.4,56.67,57.67,0,0,1,3,2,0,Yes,0
STU07546,8.83,86.76,93.56,1,2,3,0,3,2,No,1
STU07547,7.34,70.32,71.87,1,2,1,1,3,1,No,1
STU07548,6.74,61.0,66.63,0,0,3,0,4,0,No,0
STU07549,7.87,78.05,77.4,0,0,3,2,1,0,No,1
STU07550,7.54,69.52,77.93,2,3,4,4,4,0,Yes,1
STU07551,7.32,69.91,61.9,1,2,6,2,3,0,Yes,0
STU07552,7.79,79.86,62.52,1,2,4,2,3,0,Yes,1
STU07553,7.15,72.69,59.65,0,0,0,1,1,0,No,0
STU07554,7.77,86.2,71.13,0,0,1,1,3,2,No,0
STU07555,7.87,81.5,73.19,0,0,1,0,3,2,No,0
STU07556,7.19,67.91,70.44,0,0,1,1,3,1,No,1
STU07557,6.75,57.7,59.22,1,2,4,1,1,0,No,0
STU07558,8.76,88.86,83.92,0,0,2,1,2,0,No,1
STU07559,6.45,58.61,49.21,1,3,3,2,2,1,No,0
STU07560,7.45,74.14,64.02,1,2,4,2,1,0,No,0
STU07561,7.48,76.63,72.3,1,3,2,2,3,0,No,1
STU07562,6.3,60.38,51.01,0,0,1,4,1,0,Yes,0
STU07563,6.07,56.1,51.5,2,5,4,3,2,0,No,1
STU07564,6.59,60.36,61.65,3,12,2,0,2,0,No,1
STU07565,6.43,54.27,65.92,1,1,1,1,3,1,Yes,0
STU07566,5.32,44.65,45.2,1,1,2,1,5,0,Yes,0
STU07567,6.25,61.74,64.53,0,0,1,4,2,0,Yes,0
STU07568,7.31,70.05,72.03,1,3,0,4,2,0,Yes,0
STU07569,8.46,77.26,86.48,0,0,1,0,2,0,No,0
STU07570,7.64,84.27,80.63,0,0,1,0,2,1,No,1
STU07571,4.01,39.6,46.57,1,3,3,1,3,0,Yes,1
STU07572,7.74,78.81,70.79,0,0,1,1,3,1,No,1
STU07573,6.36,61.0,61.55,1,2,4,0,1,0,No,0
STU07574,7.52,75.7,70.44,2,5,7,2,1,0,Yes,1
STU07575,6.98,52.7,66.38,1,2,2,2,2,1,Yes,1
STU07576,6.78,66.62,62.08,0,0,1,3,2,0,No,0
STU07577,6.88,73.9,69.8,0,0,2,4,3,0,Yes,1
STU07578,6.97,72.15,66.79,1,1,1,0,3,0,No,0
STU07579,8.55,73.17,74.6,1,1,1,2,2,1,No,1
STU07580,6.98,80.25,77.03,1,3,3,3,0,0,Yes,0
STU07581,8.25,75.79,85.76,2,6,3,1,2,0,No,1
STU07582,8.08,75.8,75.97,2,6,4,0,3,0,No,1
STU07583,7.77,83.62,69.1,1,2,5,0,1,2,No,0
STU07584,4.95,49.4,49.38,0,0,1,2,1,0,No,0
STU07585,8.28,84.53,74.94,0,0,0,1,4,0,No,0
STU07586,6.47,56.25,61.47,0,0,2,6,1,0,No,0
STU07587,7.82,87.54,82.97,1,2,2,1,3,0,No,1
STU07588,5.88,52.36,45.7,2,4,3,2,1,0,Yes,0
STU07589,5.64,41.02,42.98,1,3,3,1,4,0,Yes,0
STU07590,9.27,96.29,83.07,2,6,3,3,5,0,No,1
STU07591,5.9,54.11,43.86,0,0,2,2,2,0,No,0
STU07592,8.32,91.03,82.72,1,2,6,1,1,0,Yes,1
STU07593,7.14,73.46,69.25,0,0,1,1,2,1,No,1
STU07594,6.52,74.63,61.65,1,3,2,2,3,0,No,1
STU07595,6.95,65.18,59.04,0,0,0,1,2,0,Yes,1
STU07596,5.5,49.6,51.55,1,2,2,1,1,0,Yes,0
STU07597,6.98,71.89,58.65,2,4,5,0,3,1,No,0
STU07598,5.75,49.56,53.42,0,0,0,0,1,2,No,0
STU07599,6.55,65.5,48.76,2,5,7,1,1,1,No,0
STU07600,8.06,64.43,88.53,0,0,0,1,1,1,No,0
STU07601,7.29,71.97,66.28,1,1,4,0,2,0,No,1
STU07602,5.3,47.55,48.77,1,3,5,5,2,0,Yes,1
STU07603,7.98,80.5,82.41,0,0,1,1,3,1,No,0
STU07604,6.99,62.46,57.1,1,2,2,1,2,0,No,1
STU07605,6.38,63.74,60.32,0,0,2,3,1,0,No,1
STU07606,7.86,76.91,73.63,1,3,4,0,3,0,No,0
STU07607,6.81,66.03,59.99,0,0,3,1,3,0,No,0
STU07608,5.66,50.35,43.55,0,0,1,1,4,0,No,0
STU07609,9.12,91.5,95.18,0,0,2,1,2,0,Yes,1
STU07610,6.98,76.11,57.5,1,3,2,2,5,0,Yes,1
STU07611,6.91,67.51,65.92,0,0,0,0,1,0,Yes,0
STU07612,6.53,65.61,53.82,0,0,2,1,2,0,Yes,1
STU07613,8.36,85.51,88.19,0,0,1,1,2,0,No,0
STU07614,6.4,55.59,69.55,0,0,3,2,1,0,Yes,0
STU07615,5.22,47.0,41.07,0,0,0,1,1,0,Yes,0
STU07616,6.22,54.53,54.08,1,2,1,1,2,1,Yes,0
STU07617,8.53,89.2,80.48,2,3,4,1,5,0,No,1
STU07618,7.96,81.74,84.33,0,0,1,2,5,0,No,0
STU07619,6.71,58.34,58.61,0,0,1,0,2,0,No,0
STU07620,8.58,84.76,88.52,2,4,6,3,1,0,No,1
STU07621,7.86,70.8,74.57,2,5,2,0,3,3,No,1
STU07622,6.69,61.77,73.34,3,12,8,4,4,0,Yes,1
STU07623,6.81,64.86,48.7,1,1,4,0,2,0,No,0
STU07624,7.38,84.47,72.88,0,0,3,2,2,1,No,0
STU07625,6.04,62.22,51.06,0,0,2,1,1,0,No,0
STU07626,7.01,61.72,64.65,0,0,0,5,0,0,Yes,1
STU07627,7.35,74.49,71.99,0,0,2,3,1,0,Yes,1
STU07628,5.06,48.43,44.47,0,0,1,1,2,0,No,0
STU07629,6.78,62.97,62.66,0,0,2,4,1,0,No,0
STU07630,6.65,61.29,61.73,0,0,2,1,2,0,No,1
STU07631,8.18,81.03,90.65,3,7,6,2,2,0,Yes,1
STU07632,4.88,57.69,35.0,0,0,2,3,3,0,No,0
STU07633,6.56,58.42,69.0,0,0,1,4,2,0,Yes,1
STU07634,6.45,61.31,71.62,0,0,1,0,2,1,No,0
STU07635,8.1,67.26,68.93,1,3,1,4,2,0,Yes,1
STU07636,6.95,72.0,64.35,0,0,2,3,2,2,Yes,1
STU07637,9.07,95.42,93.54,1,3,1,2,1,0,No,1
STU07638,7.76,72.55,81.37,1,3,7,2,2,0,No,1
STU07639,6.53,57.4,67.53,2,4,4,0,3,0,No,1
STU07640,7.28,74.84,71.36,0,0,3,4,2,0,No,0
STU07641,6.59,61.5,46.19,0,0,2,3,1,2,Yes,0
STU07642,7.99,84.22,86.24,1,1,0,4,0,0,Yes,0
STU07643,5.47,47.52,50.05,1,2,0,2,1,0,No,0
STU07644,6.05,65.44,60.06,1,1,2,2,2,1,Yes,0
STU07645,7.52,71.71,63.53,1,2,1,2,1,0,No,1
STU07646,8.41,100.0,74.72,2,4,3,3,3,0,Yes,1
STU07647,4.47,53.07,42.72,0,0,0,5,2,0,Yes,0
STU07648,8.58,91.09,91.09,3,10,5,3,1,0,Yes,1
STU07649,6.84,59.04,71.95,0,0,1,0,2,0,No,1
STU07650,4.83,51.75,38.94,0,0,1,2,1,0,Yes,0
STU07651,4.0,48.75,39.68,0,0,2,0,3,0,No,0
STU07652,5.24,35.22,62.17,1,2,2,0,4,0,No,1
STU07653,6.98,59.05,61.17,1,3,4,2,0,0,No,1
STU07654,6.92,68.72,67.63,0,0,2,2,5,1,Yes,0
STU07655,7.73,77.68,72.77,2,4,2,2,3,2,Yes,1
STU07656,6.37,55.08,58.03,3,12,6,2,1,0,No,1
STU07657,5.73,57.6,42.93,1,2,4,3,0,1,No,0
STU07658,6.52,55.08,52.36,0,0,5,2,1,0,Yes,0
STU07659,7.04,65.79,63.3,1,2,3,1,3,1,Yes,1
STU07660,7.27,68.08,65.69,1,2,4,0,5,0,Yes,0
STU07661,6.09,57.8,49.91,0,0,2,4,2,0,Yes,1
STU07662,8.04,71.57,82.04,0,0,1,3,2,0,No,1
STU07663,6.29,54.1,65.43,1,3,3,1,1,0,Yes,0
STU07664,6.0,43.37,47.16,2,5,5,0,3,0,No,1
STU07665,6.38,56.43,49.37,0,0,2,3,4,0,Yes,0
STU07666,8.24,87.94,80.66,0,0,2,3,1,0,Yes,1
STU07667,6.85,69.84,57.29,2,5,1,1,4,0,No,0
STU07668,6.2,51.65,43.21,1,2,2,1,2,0,Yes,0
STU07669,8.07,85.32,85.51,1,1,4,1,3,0,No,1
STU07670,9.46,88.17,86.76,0,0,3,4,5,0,Yes,1
STU07671,7.24,79.79,69.69,3,6,4,1,1,0,Yes,1
STU07672,8.42,84.32,70.54,1,3,2,1,4,0,No,1
STU07673,8.19,65.38,76.71,0,0,4,2,2,0,No,1
STU07674,6.3,62.69,45.83,0,0,1,1,2,0,No,0
STU07675,7.03,65.63,65.26,1,1,3,2,5,0,Yes,1
STU07676,5.53,47.99,47.44,0,0,1,0,3,0,Yes,1
STU07677,6.76,66.08,61.86,0,0,0,3,2,0,No,0
STU07678,6.28,48.45,50.0,1,3,7,3,4,1,Yes,0
STU07679,6.54,61.03,52.47,2,3,1,6,2,0,Yes,1
STU07680,6.14,58.48,51.12,1,3,4,1,1,0,Yes,0
STU07681,6.67,64.73,61.69,0,0,1,1,1,2,No,0
STU07682,7.61,73.33,70.45,0,0,1,1,0,0,No,0
STU07683,6.86,71.57,56.99,1,3,3,0,4,2,No,0
STU07684,4.86,40.38,37.99,0,0,4,1,2,0,Yes,0
STU07685,6.14,51.58,48.38,1,2,4,5,1,0,Yes,0
STU07686,5.25,47.16,42.26,3,11,12,1,2,0,No,1
STU07687,7.28,73.98,62.62,0,0,2,2,1,0,Yes,0
STU07688,7.58,74.54,70.82,1,2,5,2,2,0,No,0
STU07689,7.3,79.82,76.87,0,0,1,1,3,0,No,1
STU07690,6.09,56.53,49.99,0,0,3,2,3,0,Yes,0
STU07691,7.28,72.72,61.84,1,3,3,0,1,0,Yes,0
STU07692,6.46,60.99,42.88,1,2,2,4,1,0,Yes,0
STU07693,5.69,55.23,58.85,0,0,0,3,1,1,Yes,0
STU07694,7.85,81.33,83.72,1,1,5,1,1,0,Yes,1
STU07695,7.94,70.06,79.63,1,2,2,3,4,0,Yes,1
STU07696,8.09,88.87,86.31,0,0,0,1,3,0,No,1
STU07697,6.3,58.0,57.45,2,5,1,8,3,0,Yes,0
STU07698,8.36,88.75,81.18,1,3,4,0,0,0,No,1
STU07699,6.43,56.61,48.6,3,9,8,0,4,0,No,1
STU07700,7.75,67.79,87.2,2,6,3,1,2,0,Yes,1
STU07701,6.41,45.14,53.2,2,5,4,3,2,0,Yes,0
STU07702,6.74,58.04,58.41,0,0,1,1,1,0,No,0
STU07703,4.22,48.47,42.59,1,3,2,4,1,3,Yes,0
STU07704,6.65,70.09,59.63,0,0,1,3,1,0,No,0
STU07705,7.1,71.34,69.97,2,3,4,2,0,0,No,1
STU07706,6.53,54.16,60.23,1,2,0,2,1,0,No,0
STU07707,9.02,83.43,81.67,1,3,5,2,0,0,Yes,1
STU07708,5.66,58.75,47.74,0,0,0,2,2,0,No,0
STU07709,6.35,50.07,58.19,0,0,0,3,1,0,No,1
STU07710,5.96,65.93,46.34,0,0,2,2,3,0,Yes,1
STU07711,6.35,69.18,63.6,1,3,0,1,3,0,Yes,0
STU07712,8.19,95.99,80.06,0,0,1,1,3,0,No,0
STU07713,8.7,89.08,93.38,0,0,2,2,2,0,Yes,0
STU07714,6.19,53.88,44.58,0,0,0,4,2,0,Yes,0
STU07715,6.17,57.81,56.6,2,6,1,7,3,0,Yes,0
STU07716,5.67,56.09,42.29,0,0,1,1,1,0,No,0
STU07717,8.5,81.76,78.86,2,4,4,3,0,0,Yes,1
STU07718,8.29,77.47,86.51,0,0,0,2,1,0,No,1
STU07719,6.88,64.16,61.49,1,1,4,2,1,0,No,0
STU07720,5.39,44.14,61.36,1,3,2,0,1,1,No,1
STU07721,5.5,56.91,49.58,0,0,2,2,2,0,No,0
STU07722,7.2,67.19,63.72,0,0,1,4,3,0,Yes,1
STU07723,7.63,77.77,77.31,2,4,3,0,2,0,Yes,1
STU07724,4.62,51.78,41.46,2,3,2,3,1,0,No,1
STU07725,6.63,69.65,63.97,2,5,6,3,1,0,Yes,1
STU07726,8.86,88.81,82.78,0,0,6,2,2,0,No,1
STU07727,6.75,66.13,63.27,0,0,0,2,2,3,Yes,0
STU07728,8.71,80.77,85.06,0,0,1,3,5,0,Yes,1
STU07729,7.75,84.84,76.18,2,6,4,1,1,1,Yes,1
STU07730,5.75,58.95,54.62,2,6,2,2,2,1,No,0
STU07731,6.66,51.24,48.65,1,3,5,1,2,0,No,1
STU07732,6.85,76.05,63.05,1,2,1,3,0,0,No,1
STU07733,5.9,48.63,45.63,2,4,5,3,2,0,Yes,1
STU07734,5.88,56.19,41.53,0,0,1,3,2,0,No,0
STU07735,8.73,87.43,78.94,0,0,1,2,2,0,No,1
STU07736,5.88,52.19,45.83,0,0,0,0,2,0,No,1
STU07737,8.24,82.41,79.24,2,5,5,2,2,0,Yes,1
STU07738,6.5,54.09,59.07,1,1,1,1,1,0,No,1
STU07739,6.97,70.52,67.63,0,0,0,0,2,2,No,0
STU07740,7.65,75.73,71.99,3,6,5,3,4,0,Yes,1
STU07741,6.31,49.52,63.89,2,4,4,2,4,0,Yes,1
STU07742,7.65,71.33,72.31,1,3,1,3,0,0,Yes,1
STU07743,4.65,38.16,35.0,2,4,2,3,3,0,No,1
STU07744,7.51,72.34,70.42,0,0,2,3,2,0,Yes,0
STU07745,4.16,48.23,42.61,2,3,2,3,1,1,No,0
STU07746,6.74,59.39,41.02,2,4,5,4,2,0,Yes,0
STU07747,7.98,87.22,85.61,1,2,4,3,3,0,Yes,1
STU07748,7.72,77.62,74.74,0,0,3,1,2,0,No,1
STU07749,5.51,47.78,39.61,0,0,0,1,2,0,Yes,0
STU07750,5.65,50.64,41.78,1,3,2,2,3,0,No,0
STU07751,6.21,64.48,57.68,0,0,1,4,1,0,Yes,1
STU07752,7.21,62.97,73.51,0,0,0,4,4,0,Yes,1
STU07753,4.66,55.88,39.05,2,4,5,2,2,0,Yes,0
STU07754,6.98,73.34,56.45,2,4,3,1,1,0,No,1
STU07755,7.36,73.19,71.11,0,0,1,3,1,1,Yes,1
STU07756,6.67,69.71,61.5,0,0,0,4,3,0,No,1
STU07757,7.6,74.86,77.19,0,0,0,2,1,0,Yes,1
STU07758,7.26,73.56,65.46,1,3,3,2,4,1,Yes,1
STU07759,6.38,55.07,54.59,1,1,2,4,3,2,Yes,1
STU07760,4.77,51.95,43.28,1,3,2,2,4,0,No,0
STU07761,7.15,66.01,73.05,2,3,2,1,2,0,No,1
STU07762,5.9,52.52,57.81,0,0,1,1,2,0,No,0
STU07763,6.33,61.77,64.3,2,3,5,8,1,0,Yes,1
STU07764,7.55,82.43,80.95,1,2,2,4,2,0,Yes,1
STU07765,8.63,81.47,94.27,1,1,4,1,3,0,Yes,1
STU07766,6.96,71.71,70.27,1,1,3,2,3,0,No,1
STU07767,7.64,71.41,70.76,3,10,3,4,2,0,Yes,0
STU07768,5.34,35.53,54.64,0,0,4,5,2,0,Yes,0
STU07769,7.28,67.76,60.99,1,1,0,4,2,0,No,1
STU07770,6.93,71.72,77.9,0,0,3,3,0,0,Yes,1
STU07771,8.41,84.97,76.2,0,0,7,7,1,0,Yes,1
STU07772,6.38,55.13,60.67,2,3,5,1,2,0,Yes,1
STU07773,6.72,63.67,69.0,1,1,4,4,2,0,Yes,1
STU07774,8.22,83.58,83.2,0,0,1,4,3,0,Yes,0
STU07775,6.89,69.86,50.83,2,5,3,2,0,0,Yes,1
STU07776,5.72,41.45,42.43,0,0,1,0,2,0,No,0
STU07777,9.93,89.12,88.88,1,1,1,1,1,0,Yes,0
STU07778,5.76,52.17,52.24,1,3,2,1,2,0,No,0
STU07779,6.93,58.42,62.54,2,3,1,1,2,0,No,0
STU07780,7.4,65.63,71.35,1,3,6,0,0,0,Yes,0
STU07781,7.31,70.41,60.79,0,0,0,3,1,2,Yes,0
STU07782,6.78,64.38,71.98,0,0,2,3,3,0,Yes,1
STU07783,6.79,64.54,59.2,1,1,0,2,1,0,Yes,1
STU07784,6.73,60.16,65.23,0,0,0,1,1,0,No,0
STU07785,5.72,47.47,56.47,1,1,2,1,2,1,No,0
STU07786,9.47,86.92,79.36,0,0,2,5,2,0,Yes,1
STU07787,6.75,65.56,61.54,1,3,1,3,1,1,Yes,1
STU07788,7.69,85.46,76.66,1,1,1,2,2,0,No,1
STU07789,6.62,48.38,57.16,2,3,6,3,1,0,Yes,1
STU07790,6.59,65.1,63.93,1,1,3,6,1,0,Yes,1
STU07791,6.48,59.04,52.71,1,1,1,0,2,0,Yes,1
STU07792,5.22,50.98,45.15,1,3,2,0,4,0,No,0
STU07793,6.82,72.08,59.75,0,0,0,2,2,0,Yes,0
STU07794,6.53,55.99,71.48,2,6,2,2,2,0,Yes,1
STU07795,8.35,90.26,77.61,0,0,4,3,3,0,No,1
STU07796,5.62,42.77,51.77,0,0,1,2,3,0,No,0
STU07797,6.34,58.49,65.5,0,0,4,1,2,0,No,0
STU07798,5.97,51.96,44.9,1,3,3,2,0,0,No,0
STU07799,8.66,86.85,84.14,0,0,0,1,1,0,No,1
STU07800,6.0,47.77,44.79,0,0,1,2,2,0,No,0
STU07801,7.65,80.08,62.38,1,2,6,1,3,0,Yes,1
STU07802,8.12,92.07,74.84,3,8,6,0,4,2,No,1
STU07803,6.83,59.35,58.76,0,0,4,0,1,2,No,1
STU07804,5.42,50.05,42.84,0,0,1,2,1,0,No,1
STU07805,5.43,54.15,44.21,0,0,2,1,1,0,Yes,1
STU07806,7.99,79.64,78.46,1,1,2,4,1,0,Yes,1
STU07807,5.55,57.98,39.63,0,0,2,1,2,0,Yes,1
STU07808,7.45,72.08,73.77,2,4,2,1,1,0,No,1
STU07809,7.13,69.25,74.23,1,2,2,0,2,1,No,0
STU07810,7.43,68.44,79.38,0,0,1,2,3,0,No,1
STU07811,7.54,76.78,71.46,0,0,0,4,1,0,Yes,1
STU07812,5.93,53.02,55.36,0,0,0,2,0,0,No,0
STU07813,5.88,56.4,45.49,1,2,3,1,3,1,No,0
STU07814,7.82,75.72,74.48,1,1,1,2,3,1,Yes,1
STU07815,6.28,52.84,56.32,1,1,2,4,2,1,Yes,0
STU07816,4.0,47.9,40.11,0,0,3,2,1,0,Yes,1
STU07817,7.75,87.09,68.12,0,0,1,3,3,0,No,1
STU07818,5.81,55.63,53.85,1,1,2,1,5,0,No,1
STU07819,7.54,87.02,67.97,1,2,5,2,1,2,Yes,1
STU07820,8.6,89.55,80.1,1,3,1,0,2,0,Yes,1
STU07821,7.02,71.34,71.57,1,1,3,2,1,0,Yes,1
STU07822,8.15,86.89,83.04,0,0,1,4,3,2,Yes,0
STU07823,7.18,79.53,68.65,1,1,3,2,3,0,No,1
STU07824,8.83,94.82,75.57,0,0,1,2,1,0,No,1
STU07825,5.78,45.06,41.59,0,0,3,1,1,0,No,0
STU07826,6.99,72.49,67.07,1,1,3,0,1,0,Yes,0
STU07827,7.77,80.61,79.8,1,3,2,1,3,0,Yes,1
STU07828,6.78,63.16,62.84,1,3,5,3,2,0,Yes,0
STU07829,8.33,73.77,78.57,1,1,4,2,2,0,No,1
STU07830,6.5,50.87,54.07,2,3,1,2,3,0,No,1
STU07831,9.38,86.94,87.42,1,1,3,1,2,0,No,1
STU07832,9.44,80.45,78.73,1,3,5,4,2,2,Yes,1
STU07833,7.32,70.78,70.4,0,0,1,3,3,0,Yes,1
STU07834,7.64,81.55,65.94,1,1,1,2,2,1,No,0
STU07835,8.37,81.26,75.43,0,0,1,2,1,0,No,1
STU07836,5.63,50.89,48.46,2,5,2,2,1,1,No,0
STU07837,5.49,43.01,49.93,0,0,2,1,2,1,Yes,0
STU07838,8.44,87.08,84.34,1,1,4,2,3,0,No,1
STU07839,7.32,75.77,63.03,1,3,2,2,2,2,No,0
STU07840,6.74,55.12,49.43,1,1,1,4,0,0,No,0
STU07841,7.01,63.57,65.03,0,0,1,3,2,3,Yes,0
STU07842,4.26,37.79,35.0,1,1,3,1,1,0,No,0
STU07843,6.78,67.37,66.98,2,5,8,1,3,1,No,1
STU07844,6.13,56.21,45.74,0,0,2,0,2,0,No,0
STU07845,8.06,81.74,92.44,0,0,2,3,1,0,Yes,1
STU07846,8.14,82.03,74.03,2,3,0,0,1,0,Yes,1
STU07847,7.66,79.62,77.46,1,3,4,2,1,0,No,1
STU07848,7.45,76.78,67.31,0,0,4,3,1,0,Yes,1
STU07849,5.28,45.11,44.08,0,0,3,1,1,0,Yes,1
STU07850,7.68,74.09,76.01,1,1,1,1,2,0,No,1
STU07851,7.72,78.05,80.57,0,0,0,2,5,2,Yes,1
STU07852,8.43,84.05,88.3,0,0,3,3,2,0,No,1
STU07853,9.44,100.0,90.58,0,0,1,2,2,0,No,1
STU07854,5.05,44.78,50.31,3,12,3,2,2,0,Yes,1
STU07855,6.55,62.54,54.1,3,12,9,1,3,3,No,1
STU07856,6.15,58.18,56.28,1,2,2,5,1,0,No,1
STU07857,7.2,79.33,65.88,1,1,4,0,1,0,No,1
STU07858,7.02,63.29,71.07,3,7,3,0,2,2,No,0
STU07859,6.73,71.57,61.22,1,3,2,4,1,2,Yes,1
STU07860,8.18,82.26,83.87,0,0,0,1,3,0,No,0
STU07861,5.73,66.2,49.94,0,0,3,1,2,0,No,0
STU07862,5.8,53.98,53.36,1,2,2,1,4,3,No,0
STU07863,5.82,44.64,44.17,2,4,4,1,2,0,No,0
STU07864,6.59,60.09,48.84,0,0,0,5,3,0,Yes,0
STU07865,5.59,58.04,52.96,0,0,2,1,2,0,No,0
STU07866,6.94,67.48,72.06,2,6,4,2,1,0,No,1
STU07867,6.81,64.51,61.17,0,0,0,2,2,0,Yes,1
STU07868,6.1,59.09,56.64,0,0,1,5,1,0,Yes,0
STU07869,8.0,79.53,68.83,1,2,2,2,1,0,Yes,1
STU07870,6.93,65.47,60.01,1,2,5,1,4,0,No,0
STU07871,8.22,77.82,80.98,1,2,2,1,2,0,No,1
STU07872,6.78,74.63,50.84,0,0,1,1,2,0,No,0
STU07873,6.97,60.07,55.23,0,0,1,0,2,2,No,0
STU07874,6.35,58.98,55.91,1,3,4,3,2,2,Yes,1
STU07875,6.99,70.6,61.09,1,3,1,0,3,1,No,0
STU07876,7.82,79.42,74.42,2,4,2,5,3,0,Yes,1
STU07877,6.53,52.91,55.0,1,1,2,3,5,0,Yes,1
STU07878,7.6,70.69,65.98,1,2,1,4,4,0,Yes,1
STU07879,6.07,57.56,50.12,0,0,1,3,3,0,Yes,1
STU07880,7.87,75.44,77.04,0,0,0,2,3,2,Yes,0
STU07881,6.33,45.25,51.19,1,3,3,3,3,0,No,0
STU07882,7.98,83.66,75.33,0,0,0,2,1,0,No,1
STU07883,7.07,63.75,64.76,0,0,0,6,2,3,Yes,0
STU07884,8.75,90.83,88.96,0,0,1,5,1,0,Yes,1
STU07885,5.67,49.45,47.1,1,3,3,1,4,0,No,1
STU07886,5.3,46.71,35.0,0,0,2,6,5,2,Yes,0
STU07887,6.29,57.49,47.01,0,0,3,1,3,0,No,0
STU07888,5.41,42.0,51.42,1,1,5,1,4,0,No,0
STU07889,5.41,43.9,41.74,1,3,3,1,3,2,Yes,0
STU07890,7.71,76.76,74.79,0,0,0,0,2,1,No,0
STU07891,7.0,60.89,76.31,1,1,3,1,3,0,No,1
STU07892,6.45,63.57,60.07,1,1,2,1,4,3,Yes,0
STU07893,6.55,58.98,44.94,0,0,5,1,1,0,No,0
STU07894,6.31,48.7,63.07,1,1,1,3,0,2,No,1
STU07895,8.9,84.38,85.63,0,0,1,0,3,1,No,0
STU07896,6.15,56.08,54.69,2,5,5,2,2,0,No,0
STU07897,5.48,46.66,48.17,0,0,0,2,2,1,Yes,0
STU07898,7.92,83.1,83.18,0,0,1,2,2,0,Yes,0
STU07899,6.75,67.3,60.38,1,1,1,0,1,2,No,0
STU07900,9.34,100.0,77.17,1,3,3,5,1,0,Yes,1
STU07901,6.39,65.51,57.55,0,0,1,6,1,0,Yes,0
STU07902,7.97,71.44,69.97,3,11,5,2,2,3,No,1
STU07903,8.24,81.53,91.59,0,0,1,0,3,0,No,0
STU07904,6.4,57.09,53.51,1,1,0,2,2,0,Yes,0
STU07905,6.15,58.82,52.06,0,0,4,2,0,0,Yes,0
STU07906,7.85,74.27,72.82,0,0,1,2,1,0,No,0
STU07907,7.66,74.47,76.69,2,6,3,3,1,0,Yes,1
STU07908,5.38,41.2,48.39,0,0,2,2,3,0,Yes,1
STU07909,5.7,47.31,43.85,1,1,1,0,2,0,No,0
STU07910,4.08,41.9,45.0,2,5,3,1,3,0,No,0
STU07911,7.68,76.1,75.38,0,0,0,5,2,0,Yes,1
STU07912,6.7,55.84,59.39,1,2,2,1,5,0,Yes,1
STU07913,6.81,70.83,57.43,0,0,1,3,2,0,No,1
STU07914,5.05,49.93,57.98,2,3,3,2,2,0,Yes,0
STU07915,5.74,42.55,55.34,0,0,2,2,2,0,No,0
STU07916,6.45,59.47,60.68,3,8,5,1,2,0,Yes,1
STU07917,6.23,46.95,60.1,0,0,1,1,2,0,Yes,0
STU07918,7.14,78.06,68.8,0,0,0,4,3,2,No,1
STU07919,7.67,87.48,72.7,1,1,4,0,1,0,No,1
STU07920,9.61,89.12,70.59,0,0,1,1,1,0,Yes,1
STU07921,6.98,62.35,57.16,0,0,1,5,2,1,No,0
STU07922,8.28,80.06,94.04,1,2,2,3,2,0,Yes,1
STU07923,6.05,51.44,58.12,0,0,1,1,3,0,Yes,0
STU07924,5.07,46.53,45.39,1,2,4,2,1,0,No,0
STU07925,6.59,69.63,48.94,1,2,4,2,1,2,No,0
STU07926,5.16,53.31,48.39,2,5,3,2,2,0,No,0
STU07927,7.02,74.01,63.51,0,0,1,2,5,0,No,0
STU07928,6.1,55.89,56.06,1,1,3,0,1,0,No,0
STU07929,4.75,39.19,36.44,2,5,4,2,2,0,Yes,0
STU07930,9.0,83.45,82.13,1,1,4,7,4,1,Yes,0
STU07931,6.38,58.77,60.71,0,0,0,1,1,1,No,0
STU07932,5.12,40.16,55.93,0,0,2,0,2,0,No,0
STU07933,8.03,83.67,74.9,0,0,2,0,1,0,No,1
STU07934,6.16,60.41,46.58,0,0,1,3,2,0,Yes,0
STU07935,8.25,87.07,86.93,1,2,3,0,2,0,Yes,1
STU07936,6.16,58.54,44.95,1,1,0,2,3,0,No,0
STU07937,6.38,47.14,48.21,0,0,1,4,3,0,Yes,0
STU07938,7.4,81.89,72.48,2,6,4,2,1,0,Yes,1
STU07939,7.68,68.54,87.46,1,2,1,0,2,0,No,1
STU07940,7.88,79.37,72.19,3,7,4,0,2,0,No,0
STU07941,6.9,69.91,60.98,0,0,1,2,2,0,No,1
STU07942,7.61,79.0,74.51,1,3,5,3,2,0,Yes,0
STU07943,7.86,72.26,74.09,0,0,2,2,2,0,No,1
STU07944,7.23,64.84,57.83,2,6,2,4,2,0,Yes,1
STU07945,6.84,66.95,67.04,0,0,1,4,2,0,Yes,0
STU07946,5.34,51.5,46.55,0,0,0,2,2,0,Yes,1
STU07947,7.69,71.37,77.21,1,1,1,2,1,0,Yes,1
STU07948,7.05,71.03,64.83,0,0,2,0,2,1,No,0
STU07949,6.52,51.28,66.45,2,5,3,4,5,0,No,1
STU07950,8.47,89.19,79.42,0,0,1,1,3,1,No,0
STU07951,5.36,43.23,39.07,0,0,0,3,2,2,No,1
STU07952,8.89,88.18,94.68,0,0,1,2,0,2,Yes,1
STU07953,6.97,66.92,51.25,0,0,2,2,3,0,Yes,1
STU07954,7.37,80.39,69.5,2,4,0,2,1,0,Yes,0
STU07955,6.55,62.15,57.24,2,6,4,2,1,0,No,1
STU07956,5.08,43.6,43.51,2,4,4,1,3,0,No,0
STU07957,6.84,67.45,52.98,2,4,3,7,2,0,Yes,1
STU07958,7.38,86.57,63.61,0,0,1,3,5,0,Yes,0
STU07959,7.78,83.51,81.82,1,3,3,1,2,0,No,1
STU07960,6.77,63.84,69.51,0,0,0,1,4,0,No,0
STU07961,4.48,40.64,40.14,1,3,3,1,2,0,Yes,1
STU07962,5.23,44.17,39.29,2,5,2,0,2,0,No,1
STU07963,9.36,93.16,75.38,0,0,0,2,5,0,No,1
STU07964,5.74,45.98,53.93,1,3,3,1,2,0,No,1
STU07965,8.64,86.48,89.46,1,1,6,3,3,2,Yes,1
STU07966,5.93,61.62,35.0,2,4,7,3,2,0,Yes,0
STU07967,6.79,65.41,46.96,2,4,8,4,1,0,Yes,1
STU07968,7.72,71.89,76.19,2,5,1,1,2,0,No,1
STU07969,6.06,67.36,52.89,1,2,1,2,2,0,No,1
STU07970,8.83,98.0,81.57,2,4,4,2,2,0,No,1
STU07971,7.09,72.28,66.08,3,11,10,0,2,1,No,1
STU07972,7.53,83.49,71.35,0,0,2,0,1,0,No,0
STU07973,6.69,61.25,60.01,2,4,3,1,2,0,Yes,1
STU07974,7.76,83.15,70.4,1,1,1,1,1,0,No,1
STU07975,8.82,84.8,84.27,0,0,1,5,2,2,Yes,0
STU07976,6.85,57.28,58.37,1,2,1,2,2,0,No,1
STU07977,8.99,100.0,80.49,1,2,3,3,4,0,Yes,1
STU07978,6.3,48.79,43.03,1,3,2,0,2,0,No,0
STU07979,7.88,81.99,76.15,0,0,2,3,2,0,Yes,1
STU07980,7.56,78.02,78.12,1,3,1,0,2,0,No,1
STU07981,5.77,54.62,46.57,1,1,5,1,3,0,No,0
STU07982,7.25,71.15,66.56,0,0,0,2,5,1,No,0
STU07983,7.01,67.51,72.52,2,4,1,2,3,0,Yes,0
STU07984,6.02,54.72,57.04,1,2,4,2,2,0,Yes,1
STU07985,7.41,76.97,81.5,2,4,0,2,2,1,No,1
STU07986,7.17,70.47,81.02,1,1,2,1,2,0,No,1
STU07987,6.92,66.05,63.82,3,9,3,2,3,0,No,1
STU07988,6.92,58.6,56.59,1,3,3,4,1,0,Yes,1
STU07989,6.9,78.28,60.07,1,3,1,5,3,0,Yes,1
STU07990,6.58,64.37,61.59,0,0,3,1,1,0,No,1
STU07991,7.16,71.62,76.01,1,1,4,0,3,0,No,0
STU07992,6.26,53.01,47.46,1,3,3,0,2,0,Yes,0
STU07993,10.0,83.87,88.42,1,1,0,2,5,0,No,0
STU07994,5.38,53.84,40.93,2,5,3,2,3,0,Yes,0
STU07995,6.33,56.63,53.71,2,3,5,4,1,0,Yes,1
STU07996,6.42,62.62,54.92,1,3,1,0,1,0,No,1
STU07997,9.35,80.95,88.35,0,0,1,4,4,0,Yes,1
STU07998,5.48,58.65,58.56,2,6,0,6,1,0,Yes,1
STU07999,7.49,80.67,75.11,0,0,0,6,2,0,Yes,1
STU08000,7.29,71.83,66.74,1,2,2,1,1,0,Yes,1
STU08001,7.38,76.52,67.14,0,0,2,0,3,0,No,0
STU08002,8.42,89.57,80.98,0,0,2,1,1,2,No,0
STU08003,8.4,76.92,76.71,1,2,4,1,3,0,No,0
STU08004,6.48,69.86,57.63,2,4,4,1,2,2,No,0
STU08005,7.22,74.2,53.83,1,3,0,4,3,0,Yes,1
STU08006,4.86,42.14,42.1,1,1,2,3,1,0,No,1
STU08007,7.11,63.1,65.88,2,6,3,2,0,0,Yes,1
STU08008,6.09,60.6,44.71,1,1,2,1,1,0,Yes,0
STU08009,6.79,65.69,59.13,1,3,3,1,1,1,No,1
STU08010,5.06,50.02,50.85,0,0,3,1,2,0,No,1
STU08011,7.47,75.07,79.07,1,2,0,1,1,0,Yes,1
STU08012,5.05,41.06,40.87,2,4,6,2,1,0,Yes,0
STU08013,7.17,73.57,70.66,1,2,2,3,3,0,Yes,1
STU08014,5.59,48.86,38.06,2,5,4,1,4,0,No,1
STU08015,6.02,53.81,49.16,3,10,7,3,3,0,Yes,1
STU08016,8.33,98.69,82.81,3,7,5,4,2,0,Yes,1
STU08017,7.68,83.08,84.03,2,6,4,4,1,0,Yes,1
STU08018,8.32,89.94,88.54,2,6,3,0,3,0,No,1
STU08019,8.79,100.0,85.49,3,9,5,2,1,1,Yes,1
STU08020,6.11,57.26,46.49,1,3,1,0,1,0,Yes,0
STU08021,8.72,87.65,92.08,0,0,0,0,2,0,Yes,1
STU08022,5.31,44.21,43.25,2,5,4,4,2,0,Yes,1
STU08023,7.86,77.22,79.62,0,0,6,0,0,0,No,0
STU08024,6.43,46.77,55.32,1,3,2,3,0,0,No,1
STU08025,5.93,57.78,61.99,2,4,5,1,3,0,No,1
STU08026,7.71,70.62,71.56,2,4,2,1,3,0,No,0
STU08027,8.09,87.73,84.81,0,0,2,2,2,0,Yes,1
STU08028,8.05,81.76,78.5,0,0,3,5,1,1,Yes,0
STU08029,7.25,72.47,72.11,1,1,5,0,1,0,No,1
STU08030,7.15,69.98,76.95,2,5,0,2,3,0,Yes,1
STU08031,7.61,85.13,61.79,2,5,3,2,5,0,No,1
STU08032,7.35,80.45,69.8,2,5,2,1,3,0,No,1
STU08033,7.62,76.87,68.68,0,0,1,3,3,0,No,1
STU08034,7.23,66.1,71.17,1,1,0,1,2,0,No,0
STU08035,7.97,86.76,82.36,1,1,1,3,3,1,Yes,0
STU08036,5.13,41.57,41.59,1,2,4,1,0,0,Yes,1
STU08037,6.85,56.09,59.29,3,11,7,5,2,0,Yes,0
STU08038,5.41,51.83,47.07,1,2,2,3,1,1,Yes,0
STU08039,7.32,80.08,62.13,0,0,1,3,1,0,Yes,0
STU08040,8.89,85.25,86.68,0,0,1,0,3,0,No,0
STU08041,6.45,61.79,51.45,1,3,1,2,1,2,Yes,0
STU08042,7.15,67.65,71.54,1,2,2,1,0,1,No,0
STU08043,7.87,84.42,69.18,3,11,1,2,2,3,Yes,1
STU08044,4.62,52.45,39.47,1,1,1,4,0,0,Yes,0
STU08045,6.4,57.09,51.16,1,2,3,2,2,0,No,1
STU08046,7.42,68.03,69.4,2,3,4,3,3,0,Yes,1
STU08047,4.0,36.38,50.38,1,2,2,2,1,0,No,1
STU08048,5.88,58.12,54.64,2,5,4,2,3,0,No,1
STU08049,8.27,77.1,78.04,1,3,3,2,2,1,Yes,0
STU08050,8.15,85.12,77.01,2,4,2,2,1,0,Yes,1
STU08051,7.43,79.01,76.66,1,1,4,0,2,1,No,1
STU08052,8.01,78.66,71.69,0,0,0,1,3,0,Yes,0
STU08053,7.25,70.71,68.85,0,0,1,0,1,0,Yes,0
STU08054,7.64,83.33,70.7,1,1,6,3,2,0,No,1
STU08055,6.64,57.21,58.03,2,5,4,5,3,0,Yes,1
STU08056,7.13,64.51,71.83,0,0,1,4,3,0,Yes,0
STU08057,6.27,55.48,49.87,1,2,3,3,3,0,Yes,1
STU08058,8.45,92.99,88.17,0,0,1,1,3,0,No,1
STU08059,8.75,96.71,97.25,0,0,3,1,5,0,No,1
STU08060,8.59,85.52,86.74,0,0,2,2,4,0,Yes,1
STU08061,6.53,56.23,57.0,2,4,4,0,2,0,No,1
STU08062,5.9,59.21,56.76,2,5,3,1,2,0,No,0
STU08063,8.47,75.41,75.77,1,3,3,1,1,1,No,0
STU08064,7.63,78.58,83.22,0,0,3,2,2,1,No,1
STU08065,7.38,73.35,66.09,2,3,2,0,1,0,No,0
STU08066,6.27,64.63,66.88,0,0,0,4,5,0,Yes,0
STU08067,7.49,83.63,67.96,0,0,1,2,2,0,Yes,1
STU08068,5.75,45.69,52.32,0,0,4,2,2,0,No,0
STU08069,7.73,79.5,66.14,0,0,1,2,1,0,No,0
STU08070,8.59,82.68,81.83,0,0,2,2,4,0,No,1
STU08071,8.88,85.89,78.17,0,0,0,2,1,0,No,1
STU08072,7.81,83.15,67.8,0,0,1,1,0,0,No,0
STU08073,5.41,46.85,53.09,2,5,5,3,2,0,Yes,0
STU08074,7.23,72.53,61.0,2,6,5,2,2,0,No,1
STU08075,9.46,95.01,81.86,2,3,5,2,2,0,Yes,0
STU08076,6.0,62.81,45.61,2,4,7,0,2,0,Yes,1
STU08077,6.93,68.48,70.59,1,2,2,1,2,0,Yes,1
STU08078,8.63,87.08,89.48,1,3,6,4,3,0,Yes,1
STU08079,7.71,71.61,82.88,3,12,6,4,2,0,Yes,1
STU08080,9.85,99.2,81.97,0,0,0,1,3,0,Yes,0
STU08081,6.16,58.5,60.62,1,1,4,1,2,0,No,1
STU08082,5.86,53.19,44.6,0,0,0,0,2,0,Yes,1
STU08083,8.41,85.51,77.47,0,0,4,3,1,0,No,0
STU08084,5.62,52.47,43.11,1,2,1,1,3,0,No,0
STU08085,6.77,68.84,57.24,2,6,8,1,2,1,No,1
STU08086,6.92,71.96,63.04,2,4,0,0,2,1,No,0
STU08087,8.19,92.88,75.18,0,0,2,0,1,2,No,1
STU08088,7.71,79.67,76.6,0,0,0,6,1,0,Yes,1
STU08089,7.53,86.28,57.1,2,5,3,0,1,1,No,1
STU08090,6.54,66.95,58.97,1,3,3,4,3,0,Yes,1
STU08091,8.4,84.58,75.4,0,0,1,0,3,0,Yes,1
STU08092,10.0,79.89,82.88,1,3,3,6,2,0,Yes,1
STU08093,7.79,79.76,72.38,2,5,0,0,3,0,No,1
STU08094,7.11,79.03,72.34,2,5,1,2,4,0,No,0
STU08095,5.51,44.88,49.55,2,5,0,0,3,1,No,0
STU08096,6.27,57.32,52.83,0,0,2,2,4,0,Yes,0
STU08097,6.75,64.91,56.63,0,0,1,0,2,0,No,1
STU08098,6.39,64.11,60.16,0,0,1,2,3,1,Yes,1
STU08099,6.98,65.22,75.31,0,0,0,3,3,0,No,1
STU08100,9.04,83.01,85.06,1,3,4,0,2,2,Yes,1
STU08101,8.43,88.61,72.6,1,2,2,2,4,3,Yes,1
STU08102,6.82,60.55,57.79,0,0,2,0,1,0,Yes,0
STU08103,5.61,39.22,50.58,1,1,4,0,1,0,No,1
STU08104,8.54,96.91,80.21,0,0,2,6,4,0,Yes,1
STU08105,6.94,72.54,58.82,3,6,4,1,1,2,No,0
STU08106,5.01,58.24,38.52,1,1,3,1,1,0,No,0
STU08107,7.82,84.75,77.05,1,1,3,2,3,0,No,1
STU08108,8.18,87.2,70.92,0,0,4,3,2,0,Yes,1
STU08109,4.21,47.58,42.15,0,0,2,1,1,0,Yes,1
STU08110,6.05,53.11,51.75,2,3,3,5,2,0,Yes,0
STU08111,6.87,68.85,60.08,1,2,4,3,3,0,Yes,0
STU08112,7.84,76.48,70.54,0,0,2,3,2,0,Yes,1
STU08113,6.41,52.33,61.86,0,0,4,2,1,0,Yes,1
STU08114,6.04,52.13,43.12,3,11,3,1,1,0,No,0
STU08115,7.84,87.44,77.73,0,0,1,1,0,0,No,0
STU08116,6.46,52.07,60.83,0,0,1,4,1,0,Yes,0
STU08117,7.62,69.75,75.01,1,2,4,0,3,0,No,0
STU08118,5.72,54.64,55.48,2,6,3,1,1,0,No,1
STU08119,5.44,46.6,39.28,2,5,6,0,0,0,No,1
STU08120,7.87,82.99,72.33,0,0,2,3,2,0,Yes,1
STU08121,7.29,78.32,66.62,1,1,3,1,3,0,Yes,1
STU08122,8.06,84.85,98.83,0,0,0,4,3,0,Yes,1
STU08123,6.39,54.7,58.54,1,2,4,0,4,0,Yes,1
STU08124,6.09,62.34,55.81,0,0,2,0,1,0,No,0
STU08125,8.56,90.46,86.93,0,0,0,1,2,1,No,0
STU08126,5.25,48.12,45.43,1,3,1,4,1,0,Yes,1
STU08127,8.44,85.12,88.54,0,0,1,2,3,0,Yes,1
STU08128,8.52,88.0,71.53,1,2,6,1,2,0,No,0
STU08129,7.99,79.55,80.08,1,1,5,0,3,0,Yes,1
STU08130,6.21,46.33,55.69,1,2,5,3,1,0,Yes,0
STU08131,6.06,58.86,57.47,1,1,1,5,3,0,Yes,1
STU08132,6.76,68.12,54.04,1,1,4,2,0,0,No,1
STU08133,5.51,35.74,40.06,1,2,2,2,3,0,Yes,0
STU08134,5.89,55.8,43.62,1,2,1,2,3,0,No,0
STU08135,7.74,89.19,78.78,0,0,3,1,4,0,Yes,1
STU08136,7.75,71.95,78.93,1,2,4,2,1,0,Yes,1
STU08137,5.79,51.26,43.0,1,3,0,1,2,0,No,0
STU08138,7.78,77.97,87.55,0,0,2,3,2,1,No,0
STU08139,7.52,85.65,74.41,0,0,3,2,2,0,No,0
STU08140,8.74,93.71,84.73,1,2,2,1,1,0,Yes,0
STU08141,7.65,72.29,73.31,1,1,1,4,3,2,Yes,0
STU08142,8.22,85.5,86.03,2,5,4,1,1,0,No,1
STU08143,7.55,89.92,75.44,2,3,3,0,4,1,No,1
STU08144,8.13,78.9,90.99,1,2,6,3,3,0,Yes,1
STU08145,5.52,49.54,39.32,1,1,2,4,2,0,No,0
STU08146,6.86,68.66,53.31,0,0,0,1,1,1,No,0
STU08147,6.96,63.5,59.72,2,6,8,1,2,0,Yes,1
STU08148,6.72,73.88,63.62,1,3,2,1,1,0,No,0
STU08149,7.51,72.7,69.97,0,0,3,4,2,0,Yes,1
STU08150,7.73,70.16,83.12,1,2,1,4,3,0,Yes,1
STU08151,7.45,71.52,69.31,1,2,4,0,2,0,No,1
STU08152,6.8,68.57,68.14,1,1,3,2,1,0,Yes,0
STU08153,6.15,50.68,47.49,2,6,3,3,2,0,Yes,1
STU08154,8.26,85.69,87.98,1,2,1,1,1,0,No,1
STU08155,7.4,77.34,79.18,2,5,3,5,1,0,Yes,1
STU08156,5.83,44.82,45.69,1,1,2,3,5,1,Yes,0
STU08157,6.78,60.89,64.21,2,3,1,3,1,2,No,0
STU08158,5.0,48.95,45.46,1,1,1,0,4,1,No,0
STU08159,7.04,72.76,68.65,1,2,3,2,2,0,Yes,1
STU08160,6.77,60.95,68.89,1,3,1,2,1,0,Yes,1
STU08161,6.34,58.68,60.6,1,3,2,0,3,0,No,1
STU08162,8.82,85.67,87.46,0,0,3,0,2,0,Yes,0
STU08163,5.67,55.01,51.62,1,2,3,0,2,0,No,1
STU08164,7.81,82.54,68.81,1,2,1,0,2,1,No,0
STU08165,9.51,87.1,86.09,1,2,2,1,2,0,Yes,1
STU08166,8.24,86.5,74.02,0,0,0,2,3,0,Yes,0
STU08167,6.96,64.82,64.19,0,0,2,1,4,0,No,0
STU08168,5.7,53.61,54.57,1,1,3,3,0,0,Yes,1
STU08169,5.43,51.86,45.99,1,3,1,2,1,0,Yes,0
STU08170,6.53,74.66,42.4,0,0,2,1,2,2,Yes,0
STU08171,6.21,54.1,46.84,0,0,0,3,4,0,No,0
STU08172,6.17,54.87,56.2,1,1,4,2,5,0,No,1
STU08173,6.62,57.99,55.64,1,3,5,2,4,0,No,1
STU08174,6.88,59.74,67.64,0,0,0,2,0,0,Yes,0
STU08175,7.56,73.51,66.0,2,6,6,3,2,0,Yes,1
STU08176,5.58,53.96,49.26,0,0,1,2,2,0,No,0
STU08177,6.22,60.61,55.78,1,3,4,0,2,0,Yes,1
STU08178,6.82,66.76,66.72,0,0,2,1,3,0,No,0
STU08179,6.78,62.47,57.32,0,0,0,2,1,0,No,1
STU08180,9.11,85.47,90.11,1,2,3,1,3,0,No,1
STU08181,7.27,66.5,78.04,2,4,5,0,1,0,No,1
STU08182,5.14,44.14,35.0,0,0,1,1,3,0,No,0
STU08183,7.48,67.34,72.42,1,2,4,1,3,0,No,1
STU08184,7.63,85.27,63.29,1,2,3,2,1,0,Yes,1
STU08185,6.86,76.55,57.37,1,1,2,0,3,0,No,0
STU08186,5.6,38.55,42.5,1,1,2,1,1,0,No,1
STU08187,9.02,89.87,84.74,2,4,2,2,2,0,No,0
STU08188,5.77,53.15,50.78,0,0,4,1,5,0,No,0
STU08189,7.76,80.08,81.26,1,1,1,1,2,0,Yes,1
STU08190,7.23,67.86,70.0,2,4,1,3,1,0,No,0
STU08191,7.69,84.17,79.08,0,0,0,4,4,0,Yes,1
STU08192,8.96,90.37,78.44,2,3,4,4,1,0,No,1
STU08193,7.65,83.65,80.78,1,2,3,1,3,2,Yes,1
STU08194,6.36,53.62,35.28,0,0,4,0,2,0,No,1
STU08195,8.27,75.66,90.12,1,3,5,2,5,0,Yes,1
STU08196,6.27,59.52,61.99,2,3,2,3,1,0,Yes,0
STU08197,7.19,64.99,72.27,1,2,3,3,2,3,Yes,1
STU08198,5.51,55.89,59.94,0,0,0,2,1,0,No,0
STU08199,5.81,39.15,38.09,3,8,1,6,1,0,Yes,0
STU08200,7.06,66.0,70.48,0,0,1,1,1,0,Yes,0
STU08201,7.42,70.57,72.07,0,0,3,3,2,1,Yes,1
STU08202,5.04,45.07,45.53,0,0,1,0,2,0,No,0
STU08203,7.57,77.97,66.43,3,11,8,2,3,0,Yes,1
STU08204,6.06,56.69,53.68,0,0,2,0,1,0,No,0
STU08205,8.47,89.3,84.55,2,4,3,2,4,0,No,1
STU08206,6.6,65.95,54.28,2,5,3,1,1,0,No,1
STU08207,5.71,49.96,47.57,0,0,2,2,1,0,Yes,1
STU08208,7.09,81.94,58.4,1,3,0,3,3,0,Yes,0
STU08209,5.95,61.51,47.81,1,2,4,1,3,0,No,0
STU08210,8.46,83.49,88.12,1,3,0,3,3,2,Yes,1
STU08211,7.0,67.03,70.74,1,1,3,3,2,0,Yes,0
STU08212,6.83,63.13,66.74,0,0,2,4,2,0,Yes,0
STU08213,7.68,80.11,80.69,0,0,0,3,2,0,Yes,1
STU08214,5.84,46.39,55.06,0,0,2,4,0,0,Yes,1
STU08215,5.52,44.85,42.73,0,0,1,0,0,0,No,0
STU08216,7.47,61.95,73.99,1,1,1,1,2,0,Yes,0
STU08217,5.74,48.82,54.74,0,0,4,0,3,0,No,0
STU08218,5.73,57.6,39.93,0,0,1,5,4,0,Yes,0
STU08219,7.96,80.22,69.82,1,3,2,2,1,0,No,0
STU08220,7.6,76.21,65.14,1,2,5,1,2,0,Yes,1
STU08221,5.56,51.53,36.14,2,5,4,4,1,0,Yes,1
STU08222,6.29,51.13,47.84,0,0,2,3,2,3,Yes,0
STU08223,5.96,53.49,47.19,1,1,2,1,2,0,Yes,0
STU08224,9.04,93.56,94.29,0,0,4,1,1,0,No,0
STU08225,8.04,83.77,76.31,1,1,3,9,3,0,Yes,1
STU08226,6.52,66.13,48.17,2,4,1,3,1,0,Yes,1
STU08227,7.66,85.26,75.67,0,0,1,3,3,0,No,1
STU08228,5.44,53.04,44.93,1,2,2,0,2,0,No,0
STU08229,6.23,52.05,48.64,0,0,0,1,1,0,No,0
STU08230,7.12,67.74,63.27,1,2,1,4,4,0,Yes,0
STU08231,7.52,87.25,79.06,1,1,3,5,2,0,Yes,1
STU08232,6.89,67.9,54.55,2,4,3,2,4,0,Yes,1
STU08233,7.29,73.39,59.31,2,6,4,3,5,3,Yes,1
STU08234,7.09,64.16,69.12,1,3,0,1,2,0,Yes,1
STU08235,6.81,64.37,58.23,0,0,2,1,3,0,No,0
STU08236,6.66,66.7,68.72,0,0,0,0,1,0,No,0
STU08237,6.51,60.28,56.26,1,3,1,3,2,0,Yes,0
STU08238,7.27,68.87,68.38,3,8,7,4,2,0,Yes,1
STU08239,7.47,73.27,76.71,1,3,1,0,5,0,Yes,0
STU08240,7.23,78.53,58.35,0,0,1,3,2,0,Yes,1
STU08241,5.64,54.48,49.5,3,7,4,1,1,0,No,1
STU08242,5.85,55.5,47.1,2,3,6,4,3,0,Yes,1
STU08243,7.46,77.44,77.95,1,1,1,3,1,0,No,0
STU08244,8.69,79.65,79.87,1,3,1,4,0,0,Yes,1
STU08245,7.18,72.22,68.64,0,0,0,2,3,0,Yes,1
STU08246,6.53,66.83,55.27,3,6,4,0,4,0,No,1
STU08247,7.26,70.29,71.33,0,0,1,2,1,0,Yes,0
STU08248,5.69,56.71,46.34,2,3,4,1,3,0,No,1
STU08249,8.51,88.96,84.27,1,2,6,3,2,0,Yes,1
STU08250,7.21,76.18,78.73,1,3,3,2,3,0,No,0
STU08251,6.23,56.7,51.68,0,0,0,3,5,0,Yes,0
STU08252,6.81,70.15,64.25,1,3,1,2,3,1,No,1
STU08253,6.39,49.8,69.31,1,2,4,4,2,2,Yes,1
STU08254,8.51,85.92,85.06,1,2,3,0,0,0,No,1
STU08255,6.77,68.41,46.52,1,1,1,2,2,1,Yes,0
STU08256,7.18,72.4,63.62,3,12,6,2,2,0,No,0
STU08257,7.66,84.21,67.42,1,2,1,1,2,1,Yes,1
STU08258,6.15,54.46,57.94,0,0,1,3,2,0,Yes,1
STU08259,7.22,68.01,67.73,1,3,2,4,3,0,Yes,1
STU08260,7.32,62.89,76.11,2,4,4,2,2,0,Yes,1
STU08261,5.21,46.16,48.47,0,0,1,0,1,0,Yes,0
STU08262,7.29,75.49,73.03,0,0,1,1,2,0,Yes,0
STU08263,6.95,71.59,56.68,0,0,0,3,1,0,No,0
STU08264,7.15,61.79,70.21,0,0,1,5,3,1,Yes,0
STU08265,7.04,75.61,73.76,1,3,0,2,1,2,Yes,0
STU08266,7.3,66.65,60.82,0,0,3,1,2,0,Yes,1
STU08267,8.54,85.14,80.96,0,0,4,0,3,0,No,1
STU08268,5.64,47.06,49.6,0,0,0,5,1,0,Yes,0
STU08269,6.61,64.1,59.18,1,1,1,4,3,0,No,0
STU08270,7.77,79.49,84.54,1,3,3,3,2,0,Yes,0
STU08271,7.55,80.24,77.55,1,2,2,0,1,0,No,1
STU08272,7.53,86.86,75.23,1,1,0,1,1,0,No,1
STU08273,10.0,92.28,91.8,2,4,5,3,1,0,Yes,1
STU08274,7.71,74.75,79.79,0,0,2,1,2,0,No,0
STU08275,8.3,86.97,81.45,1,2,3,1,0,0,No,1
STU08276,6.65,73.88,57.08,0,0,0,5,2,0,Yes,0
STU08277,5.86,56.29,55.29,1,2,4,2,2,1,Yes,0
STU08278,6.64,67.77,54.63,2,4,6,0,3,1,No,0
STU08279,7.82,69.93,76.06,2,3,2,5,2,0,Yes,1
STU08280,7.47,77.25,64.99,1,2,3,1,1,1,Yes,1
STU08281,7.46,73.27,76.26,0,0,2,1,3,0,Yes,0
STU08282,6.75,59.81,68.29,0,0,2,2,2,0,Yes,0
STU08283,6.57,60.9,52.42,1,2,2,1,2,0,No,0
STU08284,6.79,65.22,60.64,0,0,2,0,3,0,Yes,0
STU08285,7.83,75.91,73.78,1,3,2,1,1,0,No,0
STU08286,7.97,82.32,84.64,0,0,0,0,0,1,Yes,1
STU08287,5.84,51.17,57.71,0,0,2,1,2,0,Yes,0
STU08288,7.88,84.4,74.31,1,1,1,1,1,0,No,0
STU08289,6.25,58.03,35.11,1,2,2,1,1,0,No,0
STU08290,7.54,78.22,79.88,0,0,1,0,1,0,Yes,1
STU08291,6.78,70.16,61.56,1,2,3,3,1,0,No,0
STU08292,8.8,90.61,84.57,1,3,4,1,2,0,Yes,1
STU08293,6.52,60.28,63.09,2,5,1,2,2,0,No,1
STU08294,7.21,58.51,65.85,2,5,5,0,1,0,No,1
STU08295,7.7,81.2,71.33,1,3,2,0,5,0,No,1
STU08296,5.99,48.19,48.53,2,4,7,2,2,2,Yes,1
STU08297,6.92,65.94,66.39,0,0,4,2,2,0,Yes,0
STU08298,6.69,65.11,65.15,0,0,4,2,2,0,Yes,1
STU08299,6.41,66.77,65.57,2,6,2,4,1,1,Yes,0
STU08300,6.49,71.06,59.42,1,3,1,2,3,0,Yes,1
STU08301,8.28,78.48,80.14,1,3,5,2,1,0,No,0
STU08302,6.31,49.49,59.7,1,3,1,4,1,0,Yes,1
STU08303,7.65,79.47,68.68,0,0,0,2,0,0,No,0
STU08304,7.36,74.84,78.9,0,0,3,2,2,0,No,1
STU08305,5.39,41.56,47.04,0,0,0,3,5,0,Yes,0
STU08306,7.6,76.59,72.32,0,0,2,2,2,0,No,1
STU08307,5.37,52.22,39.82,1,3,0,3,0,0,Yes,0
STU08308,7.72,71.02,79.16,1,2,4,2,4,0,Yes,1
STU08309,6.42,52.9,54.19,1,1,4,2,1,0,Yes,0
STU08310,7.01,64.15,64.44,0,0,2,3,3,1,No,0
STU08311,5.51,48.28,36.53,2,3,9,4,1,2,Yes,0
STU08312,7.14,74.24,64.47,0,0,1,4,3,2,Yes,0
STU08313,8.07,80.18,75.73,0,0,2,5,3,0,Yes,0
STU08314,6.07,54.82,54.0,1,3,1,6,2,0,Yes,1
STU08315,6.3,70.78,52.7,1,2,2,1,2,0,No,0
STU08316,7.52,69.97,56.81,1,2,1,2,1,1,Yes,1
STU08317,7.55,72.23,70.65,1,3,2,2,2,0,No,0
STU08318,4.2,49.42,35.0,2,4,7,3,2,0,No,1
STU08319,9.32,94.93,79.74,1,2,5,3,1,1,No,1
STU08320,7.61,79.33,79.87,0,0,3,0,3,0,No,0
STU08321,7.8,90.16,66.18,1,2,2,3,2,0,Yes,1
STU08322,6.83,67.13,64.0,2,4,4,1,0,0,No,1
STU08323,4.87,35.0,40.37,1,1,4,4,3,0,Yes,0
STU08324,7.78,79.62,71.84,0,0,1,5,2,0,Yes,1
STU08325,6.35,54.46,49.01,1,3,3,2,2,0,No,0
STU08326,7.63,85.4,76.02,1,2,5,4,3,0,Yes,1
STU08327,6.75,69.59,63.39,1,2,0,1,1,0,Yes,1
STU08328,7.27,62.56,58.75,1,3,2,3,3,0,Yes,1
STU08329,6.11,63.02,58.82,0,0,3,0,1,1,No,0
STU08330,7.99,87.11,71.36,2,4,1,2,5,1,Yes,1
STU08331,5.63,48.43,49.71,0,0,4,6,4,0,Yes,0
STU08332,9.58,88.96,79.35,0,0,0,1,3,0,No,1
STU08333,9.57,97.77,83.66,1,2,0,2,3,0,Yes,1
STU08334,8.88,75.82,76.98,1,3,3,1,2,0,No,1
STU08335,8.47,88.08,79.24,0,0,4,0,1,0,No,0
STU08336,6.9,72.86,62.09,0,0,4,1,0,0,No,1
STU08337,8.34,84.01,74.65,1,2,3,5,2,0,No,1
STU08338,6.89,69.95,64.95,3,12,5,0,3,0,No,1
STU08339,5.21,48.42,47.47,2,3,5,3,3,1,No,1
STU08340,8.73,82.26,100.0,2,6,3,1,2,0,No,1
STU08341,8.3,79.32,86.75,1,3,5,2,5,1,Yes,1
STU08342,6.96,71.58,71.36,2,5,4,3,2,0,Yes,1
STU08343,5.59,46.25,36.45,2,6,1,1,4,0,Yes,0
STU08344,6.33,48.41,42.81,0,0,2,2,0,0,No,0
STU08345,4.91,47.3,41.78,1,3,2,4,3,0,Yes,0
STU08346,8.09,79.24,90.03,2,4,1,1,3,0,Yes,1
STU08347,5.16,40.34,59.38,2,5,3,1,3,0,No,1
STU08348,7.33,73.35,65.8,2,5,4,1,1,0,No,1
STU08349,6.03,58.61,47.49,3,8,6,1,1,0,No,1
STU08350,5.36,48.66,48.8,0,0,1,6,2,0,Yes,1
STU08351,7.27,65.71,67.93,1,3,9,1,2,0,No,0
STU08352,6.62,64.62,57.7,0,0,1,0,3,0,No,0
STU08353,7.96,87.36,81.96,1,1,3,2,2,0,No,1
STU08354,5.54,63.03,63.04,0,0,0,4,2,0,No,0
STU08355,6.13,63.82,60.0,1,2,1,0,1,0,No,1
STU08356,4.25,39.35,53.6,1,2,2,1,1,1,No,0
STU08357,4.49,50.8,35.0,1,2,4,3,1,0,No,0
STU08358,9.07,89.87,91.78,0,0,2,3,1,0,Yes,1
STU08359,9.4,82.25,80.46,2,5,4,1,3,0,No,0
STU08360,7.11,71.26,76.62,0,0,0,1,3,1,No,1
STU08361,6.05,65.77,59.4,1,3,3,0,3,0,No,1
STU08362,6.66,69.54,62.99,2,4,1,2,1,2,No,0
STU08363,8.0,75.52,74.14,2,5,3,1,2,1,No,1
STU08364,6.41,58.85,52.86,1,3,2,7,2,0,Yes,1
STU08365,7.27,75.05,66.68,0,0,0,0,1,0,No,1
STU08366,6.99,57.21,69.17,0,0,2,1,2,0,No,1
STU08367,6.35,47.66,57.26,1,1,2,0,4,0,No,0
STU08368,6.39,59.54,64.13,0,0,2,2,0,0,Yes,0
STU08369,7.34,74.04,79.7,0,0,1,1,1,0,No,0
STU08370,5.88,41.52,44.48,1,1,0,3,2,0,No,1
STU08371,7.52,77.98,75.5,0,0,2,1,1,0,No,0
STU08372,6.46,65.91,59.17,2,5,3,2,3,0,No,0
STU08373,7.15,68.84,66.58,1,2,2,0,3,0,Yes,1
STU08374,8.59,86.52,88.82,2,3,7,4,1,0,Yes,1
STU08375,6.81,68.24,64.76,0,0,1,0,1,0,No,1
STU08376,8.06,84.7,75.61,2,3,4,1,2,0,No,1
STU08377,4.94,36.65,42.81,3,12,9,1,1,1,Yes,0
STU08378,6.46,54.0,54.33,1,1,3,5,1,0,Yes,1
STU08379,7.03,66.02,61.03,0,0,2,6,1,3,Yes,0
STU08380,9.21,83.57,85.22,0,0,1,3,4,0,Yes,1
STU08381,4.75,54.91,35.32,2,6,2,2,3,0,Yes,1
STU08382,6.89,69.86,65.9,1,3,5,2,5,0,No,1
STU08383,8.68,79.98,92.07,0,0,1,1,2,0,Yes,0
STU08384,6.1,53.51,52.1,0,0,1,3,3,2,No,0
STU08385,6.76,70.71,66.61,2,5,2,5,3,0,Yes,0
STU08386,7.38,69.8,71.61,3,11,4,1,1,2,Yes,1
STU08387,7.21,76.27,62.02,0,0,2,1,1,1,Yes,1
STU08388,8.8,95.57,96.31,1,3,4,1,4,0,Yes,1
STU08389,7.52,82.9,58.07,2,5,1,2,1,0,No,0
STU08390,8.53,86.88,82.86,1,2,0,2,3,0,No,1
STU08391,6.59,68.79,53.67,1,2,2,0,3,0,Yes,1
STU08392,6.15,52.28,61.9,2,3,4,1,4,0,Yes,0
STU08393,6.74,78.58,61.96,2,6,5,3,1,0,Yes,1
STU08394,5.67,52.07,62.95,1,2,3,1,2,1,No,1
STU08395,7.56,83.08,73.42,1,3,2,2,2,0,No,1
STU08396,6.56,58.68,53.28,2,6,4,5,1,2,Yes,1
STU08397,6.23,59.35,43.09,2,4,6,0,5,0,No,0
STU08398,7.57,79.68,80.06,0,0,2,3,2,0,Yes,1
STU08399,5.68,45.21,42.78,1,1,0,4,2,0,Yes,0
STU08400,7.89,74.56,74.79,1,2,1,2,2,0,Yes,1
STU08401,6.45,58.07,63.66,3,10,6,2,1,0,No,1
STU08402,8.33,91.11,87.8,1,3,1,1,2,0,Yes,1
STU08403,6.55,49.75,54.08,0,0,2,2,2,0,No,0
STU08404,7.73,76.27,72.72,0,0,1,1,5,0,Yes,0
STU08405,7.21,78.91,57.51,2,6,7,2,3,1,Yes,1
STU08406,7.86,72.51,64.57,1,2,0,0,4,3,No,1
STU08407,7.13,77.41,71.47,0,0,1,2,0,0,No,0
STU08408,5.09,40.45,49.46,1,2,1,3,2,0,Yes,0
STU08409,8.16,77.44,82.08,0,0,0,3,1,0,Yes,1
STU08410,6.9,65.36,64.37,0,0,0,1,2,0,Yes,1
STU08411,7.91,91.81,73.33,0,0,0,2,4,1,No,0
STU08412,7.79,75.39,85.04,1,1,1,3,2,2,No,0
STU08413,6.11,44.54,41.24,1,3,1,3,2,2,Yes,0
STU08414,5.95,44.79,47.39,0,0,1,1,2,0,No,0
STU08415,7.75,84.37,76.74,1,2,2,1,4,0,Yes,1
STU08416,6.65,54.15,59.27,2,5,3,1,0,0,No,1
STU08417,8.08,89.37,79.23,0,0,2,4,4,0,No,1
STU08418,6.8,65.03,58.5,0,0,2,2,1,0,No,1
STU08419,8.18,82.89,83.33,1,3,2,1,3,0,No,1
STU08420,7.49,77.01,64.93,1,3,4,3,1,3,No,1
STU08421,7.33,68.15,69.09,0,0,2,2,1,0,No,1
STU08422,6.57,61.86,60.63,1,3,4,2,2,1,Yes,1
STU08423,7.27,64.84,67.0,2,5,6,2,1,0,No,1
STU08424,8.37,92.85,81.78,0,0,2,0,2,1,No,0
STU08425,6.94,60.69,65.15,1,1,1,0,3,2,No,0
STU08426,7.61,79.53,63.33,0,0,2,3,2,0,Yes,1
STU08427,7.05,62.55,55.75,0,0,0,1,2,0,Yes,0
STU08428,7.14,66.9,67.9,2,3,4,1,3,1,No,1
STU08429,8.98,85.76,81.35,1,1,3,3,1,0,Yes,1
STU08430,8.38,100.0,78.54,2,3,7,3,5,0,Yes,1
STU08431,7.09,69.27,69.77,0,0,0,7,2,0,Yes,0
STU08432,7.25,66.77,62.76,1,1,6,2,1,0,Yes,1
STU08433,6.19,53.24,38.43,0,0,1,1,2,0,No,0
STU08434,6.8,55.68,71.66,2,4,3,3,2,0,Yes,1
STU08435,7.36,72.32,77.56,1,2,3,2,2,0,No,1
STU08436,7.98,92.44,85.51,2,4,4,1,4,2,No,1
STU08437,7.86,82.0,70.26,1,1,1,3,4,0,Yes,1
STU08438,5.72,56.53,47.65,0,0,2,5,1,0,No,0
STU08439,8.12,77.18,72.02,1,1,2,2,3,1,No,1
STU08440,6.9,65.0,62.86,2,5,1,4,5,0,No,1
STU08441,5.86,53.63,47.32,0,0,1,2,2,0,No,1
STU08442,8.54,81.51,76.39,0,0,2,2,4,0,No,1
STU08443,8.68,89.09,86.71,1,1,4,3,3,0,No,1
STU08444,7.3,76.26,68.01,1,2,1,2,5,2,Yes,0
STU08445,7.82,82.71,86.79,0,0,1,1,2,1,No,0
STU08446,7.88,79.37,77.79,0,0,0,5,2,0,Yes,1
STU08447,8.61,92.78,67.95,0,0,2,2,1,0,No,1
STU08448,7.84,78.16,65.84,1,1,1,3,1,0,No,1
STU08449,5.47,47.19,58.86,2,3,5,1,3,1,No,0
STU08450,9.31,97.63,83.83,1,3,2,3,3,0,No,1
STU08451,8.23,76.88,81.97,1,1,1,3,1,2,Yes,1
STU08452,6.41,48.62,55.9,0,0,0,2,2,1,Yes,0
STU08453,5.82,46.75,57.45,2,3,3,4,2,0,No,1
STU08454,7.58,78.84,62.07,3,9,6,0,1,0,No,1
STU08455,6.68,70.37,67.65,1,2,1,2,3,0,No,0
STU08456,7.38,69.67,78.2,1,1,0,1,2,1,No,0
STU08457,7.85,90.79,76.93,2,3,4,2,3,0,Yes,1
STU08458,6.35,58.04,57.35,1,2,1,2,3,1,No,0
STU08459,5.72,50.35,45.82,0,0,1,3,2,1,No,0
STU08460,7.44,69.45,61.44,0,0,2,1,1,0,No,0
STU08461,6.39,70.2,58.97,0,0,0,3,3,0,Yes,0
STU08462,7.17,69.57,68.95,1,2,2,4,2,0,Yes,1
STU08463,5.46,41.18,47.77,0,0,3,2,2,0,No,0
STU08464,6.71,77.91,63.06,0,0,3,3,2,0,No,0
STU08465,7.82,81.9,72.92,1,1,3,4,2,0,No,1
STU08466,7.7,82.89,84.06,1,2,3,5,2,0,Yes,1
STU08467,6.09,64.83,51.79,1,2,1,0,2,0,No,0
STU08468,5.66,54.25,50.82,2,5,7,4,3,0,Yes,1
STU08469,7.02,74.05,63.56,2,5,3,4,1,0,Yes,1
STU08470,7.65,77.75,80.73,0,0,0,5,2,2,Yes,0
STU08471,7.47,79.32,72.54,3,8,5,2,3,0,No,0
STU08472,6.41,58.6,55.3,0,0,1,2,4,0,No,0
STU08473,7.34,72.97,77.33,1,3,4,2,3,1,No,1
STU08474,8.73,87.67,73.62,1,3,1,1,1,0,No,1
STU08475,7.24,69.15,66.85,1,1,3,2,1,0,No,1
STU08476,5.12,50.41,40.71,2,6,6,1,2,0,No,1
STU08477,7.23,74.48,70.72,2,5,5,0,3,0,No,1
STU08478,9.35,93.98,87.96,0,0,2,1,2,1,Yes,1
STU08479,5.52,53.44,46.53,1,2,1,2,1,2,Yes,0
STU08480,7.03,80.44,61.15,1,1,4,3,1,0,No,1
STU08481,6.74,69.98,60.52,1,3,2,5,1,0,Yes,1
STU08482,7.11,68.37,68.55,0,0,1,3,2,0,Yes,0
STU08483,7.22,74.03,67.24,2,3,3,1,2,0,Yes,1
STU08484,8.31,92.77,87.94,0,0,2,2,2,0,No,0
STU08485,7.1,63.73,70.1,3,11,8,1,2,1,No,1
STU08486,8.47,97.52,82.55,2,5,6,4,2,0,Yes,1
STU08487,6.86,61.01,48.58,2,3,2,1,2,0,No,1
STU08488,6.6,66.85,57.14,1,2,1,0,1,0,No,0
STU08489,6.23,56.44,57.18,2,3,1,3,3,0,No,1
STU08490,4.91,46.27,41.9,0,0,1,1,4,2,No,0
STU08491,7.32,64.94,71.57,1,2,1,7,2,3,No,0
STU08492,9.36,94.54,84.74,1,3,3,0,2,0,No,1
STU08493,7.53,68.04,74.17,1,2,1,0,3,2,No,1
STU08494,7.79,70.52,84.58,1,1,2,0,2,2,Yes,1
STU08495,6.53,67.35,62.11,2,3,3,1,4,1,No,0
STU08496,6.72,74.01,52.5,0,0,0,3,1,2,Yes,0
STU08497,8.13,78.69,69.74,3,10,3,1,1,0,Yes,1
STU08498,9.31,95.0,88.63,1,1,0,6,1,0,Yes,1
STU08499,8.71,91.65,90.88,1,3,1,0,2,1,No,0
STU08500,7.93,80.23,67.82,2,3,3,0,2,0,Yes,1
STU08501,7.04,76.56,64.29,3,12,8,3,2,2,No,1
STU08502,7.24,70.64,82.86,1,1,2,2,5,0,Yes,1
STU08503,6.13,58.32,50.61,3,12,8,1,2,0,No,0
STU08504,5.33,40.89,60.57,1,3,0,3,1,1,No,1
STU08505,5.7,43.69,43.01,0,0,1,1,1,0,Yes,0
STU08506,7.06,75.81,61.91,1,3,3,2,1,0,Yes,1
STU08507,6.66,65.79,55.26,0,0,4,4,2,0,Yes,1
STU08508,5.31,47.4,37.58,1,1,0,4,5,0,Yes,0
STU08509,6.96,78.65,54.05,0,0,1,2,2,1,No,0
STU08510,6.63,73.39,57.68,1,3,1,0,4,1,No,1
STU08511,5.65,53.15,48.38,0,0,1,1,3,0,No,0
STU08512,6.57,52.38,53.81,0,0,2,6,3,0,Yes,1
STU08513,6.63,61.31,56.12,1,1,3,0,2,0,No,0
STU08514,6.29,52.17,62.84,0,0,2,3,2,0,Yes,0
STU08515,8.07,82.67,84.97,2,6,4,1,2,0,Yes,1
STU08516,4.81,40.62,41.69,0,0,2,3,1,0,Yes,1
STU08517,4.72,38.86,45.62,1,1,4,0,2,1,Yes,1
STU08518,7.0,54.33,55.09,1,2,1,5,1,0,Yes,0
STU08519,7.11,70.62,68.24,1,2,7,3,1,1,Yes,0
STU08520,7.46,61.1,71.52,0,0,1,4,2,0,No,1
STU08521,6.38,56.45,53.13,2,4,4,1,2,2,No,1
STU08522,5.94,57.33,50.36,0,0,2,5,4,0,Yes,0
STU08523,6.99,63.38,63.94,0,0,1,2,2,0,Yes,0
STU08524,6.49,53.45,49.08,1,3,4,1,1,0,No,1
STU08525,8.78,86.79,94.27,0,0,0,0,2,0,Yes,1
STU08526,6.63,56.95,64.62,1,2,4,2,1,0,Yes,1
STU08527,6.94,68.0,61.56,0,0,1,2,4,0,No,0
STU08528,9.85,83.48,76.12,2,4,4,0,1,1,No,1
STU08529,6.78,63.64,46.53,0,0,2,1,1,0,No,1
STU08530,7.64,75.27,86.38,1,1,7,2,4,0,Yes,1
STU08531,7.74,78.59,74.62,1,3,2,3,1,1,Yes,1
STU08532,7.84,89.56,81.33,2,4,2,1,3,0,No,1
STU08533,7.33,74.18,64.29,0,0,2,2,2,0,Yes,1
STU08534,7.22,74.32,66.45,1,1,2,3,3,1,No,0
STU08535,7.12,65.96,65.17,1,1,2,0,2,0,No,0
STU08536,6.34,59.08,56.19,0,0,1,4,4,0,Yes,0
STU08537,7.37,71.91,71.1,1,2,3,1,4,0,Yes,1
STU08538,9.33,89.21,80.49,1,1,3,1,2,0,No,1
STU08539,8.39,88.79,76.3,0,0,2,0,0,0,Yes,1
STU08540,7.35,70.2,69.72,1,1,1,3,1,0,No,1
STU08541,7.98,79.01,67.87,1,1,4,0,3,0,No,1
STU08542,6.0,50.79,45.77,0,0,1,0,2,0,No,0
STU08543,6.7,59.97,59.08,1,3,3,2,3,0,Yes,1
STU08544,8.09,83.37,81.71,1,1,1,0,2,0,No,0
STU08545,8.71,84.67,92.87,2,3,8,2,2,0,No,1
STU08546,6.11,63.96,49.12,1,2,4,3,2,0,No,1
STU08547,6.44,75.31,56.45,0,0,3,3,2,0,Yes,0
STU08548,9.51,85.92,75.13,1,1,1,4,2,0,No,1
STU08549,7.11,71.39,68.63,1,1,3,4,3,0,Yes,1
STU08550,9.1,94.63,79.94,2,3,4,2,2,0,No,1
STU08551,7.24,69.98,66.72,1,3,3,2,3,0,No,1
STU08552,7.28,66.29,72.11,0,0,1,1,3,0,No,0
STU08553,6.65,72.67,62.35,1,2,3,1,2,1,No,0
STU08554,8.08,86.41,70.57,0,0,1,4,3,2,Yes,1
STU08555,8.56,87.9,87.79,0,0,1,3,2,0,Yes,1
STU08556,5.81,60.57,48.64,1,3,1,2,4,0,Yes,0
STU08557,6.59,66.03,66.01,1,1,4,1,0,0,No,0
STU08558,8.05,81.73,87.79,0,0,0,2,2,3,Yes,0
STU08559,6.85,59.59,72.09,0,0,2,0,3,0,No,1
STU08560,6.43,56.09,47.51,0,0,1,4,2,0,Yes,1
STU08561,8.16,90.18,82.37,1,2,0,1,2,0,No,1
STU08562,8.27,88.03,71.47,1,1,2,2,1,0,No,1
STU08563,6.48,58.69,64.62,2,6,7,0,1,0,No,0
STU08564,7.24,82.28,77.34,0,0,0,0,3,0,No,0
STU08565,5.61,49.28,53.09,1,3,5,1,0,0,No,0
STU08566,5.97,59.37,47.9,0,0,1,3,1,0,Yes,1
STU08567,7.14,71.42,70.36,2,6,1,3,1,0,Yes,1
STU08568,7.04,80.08,62.17,1,3,3,3,3,0,No,1
STU08569,5.89,57.17,49.74,0,0,2,0,2,0,Yes,0
STU08570,6.18,56.03,52.2,1,2,3,3,0,0,No,1
STU08571,5.78,50.47,36.55,2,6,1,2,3,0,Yes,0
STU08572,7.52,75.62,67.86,0,0,1,4,2,0,No,0
STU08573,4.74,41.73,56.71,0,0,0,2,5,0,No,0
STU08574,5.84,43.95,48.63,1,3,5,0,1,1,Yes,1
STU08575,4.86,48.22,44.33,0,0,3,1,5,0,Yes,1
STU08576,7.48,71.92,72.07,0,0,1,2,2,0,Yes,1
STU08577,4.93,43.41,41.17,0,0,2,1,2,1,Yes,0
STU08578,7.04,67.97,65.72,0,0,2,1,1,0,No,0
STU08579,8.89,87.98,82.22,2,3,5,0,2,0,No,1
STU08580,8.92,87.84,71.09,3,12,8,0,2,0,No,1
STU08581,4.92,57.05,48.34,0,0,2,2,2,2,No,0
STU08582,7.34,77.07,79.78,2,5,2,1,1,0,No,1
STU08583,5.86,65.04,42.41,1,2,0,1,2,0,No,1
STU08584,5.63,47.7,44.85,0,0,0,4,3,1,No,0
STU08585,6.87,70.45,71.74,1,2,6,1,1,0,No,1
STU08586,8.41,82.73,77.41,0,0,0,2,3,1,Yes,1
STU08587,7.69,74.65,77.35,0,0,1,2,1,0,Yes,0
STU08588,6.18,68.63,78.72,0,0,1,2,1,2,No,0
STU08589,7.81,74.8,80.2,1,3,4,1,0,0,No,1
STU08590,4.42,35.0,42.97,1,3,2,6,2,2,Yes,0
STU08591,6.13,50.98,57.52,0,0,0,6,1,0,Yes,0
STU08592,6.05,42.2,55.91,0,0,3,3,4,2,Yes,0
STU08593,7.09,63.61,62.34,1,3,6,1,2,0,Yes,1
STU08594,6.77,58.96,50.69,2,4,1,2,0,0,Yes,1
STU08595,6.84,65.47,65.82,0,0,3,1,4,0,Yes,0
STU08596,6.8,52.39,66.15,1,1,4,1,4,1,No,0
STU08597,7.03,75.49,63.53,1,1,2,1,1,0,No,0
STU08598,7.62,65.77,83.9,1,1,2,2,1,0,Yes,1
STU08599,7.17,69.76,76.2,2,6,1,0,2,0,No,1
STU08600,6.67,60.65,64.24,0,0,1,1,1,0,No,0
STU08601,7.46,79.79,70.16,0,0,2,4,4,0,Yes,1
STU08602,7.95,83.13,65.48,0,0,0,3,1,0,Yes,1
STU08603,6.36,65.22,54.05,2,6,6,1,4,0,No,1
STU08604,6.93,64.58,52.73,0,0,4,2,4,0,Yes,0
STU08605,8.34,81.71,67.36,2,4,5,1,3,2,Yes,1
STU08606,5.73,53.65,52.06,0,0,3,2,2,1,No,0
STU08607,9.08,94.53,92.39,1,3,1,1,1,0,No,1
STU08608,5.46,54.15,35.0,1,2,2,0,2,0,Yes,0
STU08609,6.6,63.47,57.0,2,6,5,4,3,0,Yes,1
STU08610,5.91,54.25,49.75,0,0,1,1,2,1,No,0
STU08611,9.52,89.13,84.59,1,1,2,2,4,2,Yes,1
STU08612,6.42,61.39,47.66,2,4,2,1,3,0,Yes,0
STU08613,6.42,71.17,63.94,2,4,1,1,1,0,No,1
STU08614,6.57,59.64,49.99,3,12,7,0,1,0,No,0
STU08615,7.11,67.42,54.91,2,5,3,2,2,0,No,0
STU08616,6.62,59.17,50.57,0,0,3,2,3,3,Yes,1
STU08617,6.85,67.73,65.28,0,0,2,1,3,2,No,1
STU08618,4.0,35.0,40.52,1,3,1,3,2,0,No,1
STU08619,7.07,68.12,61.31,0,0,1,2,2,0,No,0
STU08620,7.02,73.52,68.4,2,5,1,4,3,0,Yes,1
STU08621,8.19,80.09,82.24,1,1,4,3,2,0,Yes,0
STU08622,8.51,86.82,68.85,0,0,1,1,2,0,No,1
STU08623,6.78,77.06,64.51,2,6,7,3,1,0,Yes,1
STU08624,7.94,82.89,84.99,0,0,4,4,1,0,Yes,1
STU08625,5.73,37.75,47.45,1,3,2,4,2,0,Yes,0
STU08626,7.88,71.81,75.86,1,1,2,1,2,0,No,1
STU08627,6.34,56.29,66.16,2,6,4,1,2,0,No,0
STU08628,5.64,45.6,43.17,1,2,3,1,2,0,No,1
STU08629,6.79,65.07,60.46,0,0,1,1,1,0,No,1
STU08630,8.61,84.51,85.26,0,0,1,3,4,1,Yes,1
STU08631,7.21,78.08,68.38,1,2,3,3,2,0,Yes,1
STU08632,8.72,80.37,82.28,1,2,2,1,3,0,Yes,1
STU08633,6.14,54.06,52.84,0,0,0,3,2,0,No,1
STU08634,8.21,84.63,89.74,1,1,1,6,3,0,No,1
STU08635,6.25,58.69,58.49,1,2,4,2,1,0,Yes,1
STU08636,7.26,72.74,68.41,0,0,0,2,3,0,No,1
STU08637,7.25,57.27,63.56,0,0,1,4,3,0,Yes,1
STU08638,7.76,79.34,71.46,0,0,0,0,1,2,No,0
STU08639,7.29,71.46,75.06,1,3,2,2,2,0,Yes,1
STU08640,6.15,60.62,42.87,2,6,4,3,0,0,Yes,1
STU08641,8.01,86.0,93.08,0,0,2,4,0,0,Yes,0
STU08642,8.99,89.5,84.86,1,1,3,2,1,0,Yes,1
STU08643,6.33,59.48,46.33,2,3,2,0,2,1,No,0
STU08644,4.89,54.63,44.61,1,2,4,5,1,1,No,0
STU08645,7.57,83.34,68.63,2,6,5,0,1,0,No,1
STU08646,6.62,63.42,56.26,0,0,1,2,5,0,Yes,1
STU08647,6.85,78.3,53.36,1,3,2,1,2,2,Yes,1
STU08648,7.64,73.58,72.92,1,2,5,1,0,0,No,0
STU08649,6.48,52.57,43.95,0,0,1,6,2,0,Yes,1
STU08650,6.69,62.76,56.23,1,3,0,4,2,0,No,0
STU08651,6.88,63.72,57.99,1,3,1,1,2,0,No,1
STU08652,8.69,71.94,80.72,0,0,0,1,3,0,No,0
STU08653,7.03,64.54,60.87,1,2,3,1,0,0,Yes,1
STU08654,5.58,52.04,47.19,1,3,2,0,1,1,No,0
STU08655,5.62,49.96,52.64,0,0,2,0,1,0,No,0
STU08656,7.16,65.71,69.53,0,0,2,1,5,2,Yes,0
STU08657,5.7,51.17,55.71,2,5,5,4,2,0,Yes,1
STU08658,5.2,48.5,41.77,3,10,4,1,2,0,Yes,1
STU08659,7.73,82.81,77.47,0,0,3,3,4,0,No,0
STU08660,7.79,75.3,78.33,1,3,3,3,3,0,Yes,1
STU08661,6.58,66.38,65.05,1,3,2,5,3,0,Yes,1
STU08662,7.34,66.49,65.65,1,1,2,2,2,0,No,0
STU08663,7.22,68.22,72.97,0,0,3,1,1,0,Yes,1
STU08664,7.69,88.26,69.92,0,0,2,2,2,0,Yes,1
STU08665,7.7,71.94,71.67,0,0,2,2,3,0,Yes,1
STU08666,4.0,41.29,40.09,0,0,2,1,1,0,No,0
STU08667,6.72,55.86,63.1,0,0,0,2,3,1,Yes,0
STU08668,7.6,71.71,67.15,0,0,0,4,2,2,Yes,0
STU08669,6.53,61.29,51.77,0,0,1,2,2,0,No,0
STU08670,7.04,72.81,61.7,0,0,0,4,4,0,No,0
STU08671,7.86,79.91,77.32,0,0,1,0,2,0,No,0
STU08672,7.09,67.43,60.76,3,8,3,4,3,0,Yes,1
STU08673,8.73,79.51,85.55,0,0,1,0,3,0,Yes,0
STU08674,8.3,79.79,79.01,2,6,1,4,0,0,No,1
STU08675,6.86,56.37,66.6,1,1,1,1,2,2,No,0
STU08676,6.77,68.61,61.57,2,6,2,2,1,0,Yes,0
STU08677,4.0,49.96,52.63,0,0,5,1,3,0,Yes,0
STU08678,6.62,61.62,59.59,2,4,4,1,1,0,Yes,1
STU08679,5.44,51.73,38.78,0,0,2,1,3,0,Yes,1
STU08680,7.25,77.07,67.53,0,0,2,1,2,0,No,0
STU08681,7.18,71.2,67.72,0,0,1,0,1,0,No,0
STU08682,7.8,87.65,70.83,0,0,0,7,2,0,Yes,1
STU08683,8.61,80.1,92.34,0,0,0,2,1,2,Yes,0
STU08684,6.97,65.28,62.51,2,6,3,0,2,1,Yes,1
STU08685,9.62,86.67,82.61,1,3,1,2,3,1,Yes,1
STU08686,7.27,75.89,70.09,2,3,3,3,3,0,Yes,1
STU08687,5.49,40.84,41.01,1,1,1,3,0,2,Yes,0
STU08688,6.35,66.66,60.77,0,0,2,1,2,0,No,0
STU08689,6.57,64.44,62.66,1,3,2,1,1,0,Yes,1
STU08690,7.68,88.44,75.72,0,0,4,3,3,0,Yes,0
STU08691,5.91,52.63,53.42,2,6,4,3,2,2,Yes,1
STU08692,6.66,59.07,56.37,1,1,3,3,3,0,Yes,1
STU08693,6.81,68.91,52.95,0,0,3,0,3,2,Yes,0
STU08694,6.48,66.03,54.89,1,2,3,5,3,2,Yes,0
STU08695,7.93,76.55,74.83,2,6,4,2,2,1,No,1
STU08696,7.74,66.61,63.38,2,5,6,1,1,0,Yes,1
STU08697,8.34,73.59,75.2,1,3,3,2,1,0,Yes,1
STU08698,6.62,63.35,51.4,1,2,7,0,2,0,No,1
STU08699,8.38,94.09,75.52,1,2,2,2,4,0,No,0
STU08700,5.43,41.21,54.01,0,0,2,0,4,0,No,0
STU08701,5.4,47.18,48.89,0,0,2,2,2,0,No,0
STU08702,5.6,48.07,52.95,1,2,2,2,1,1,No,0
STU08703,7.01,79.56,68.09,2,5,2,1,2,2,No,1
STU08704,8.38,98.39,88.34,1,1,4,3,2,0,Yes,1
STU08705,6.31,59.9,54.51,3,9,6,2,3,0,No,0
STU08706,6.45,64.73,65.43,1,1,1,0,4,0,Yes,0
STU08707,6.75,69.07,53.46,1,2,3,1,4,1,No,1
STU08708,7.66,69.95,74.23,0,0,1,3,2,0,Yes,1
STU08709,6.45,63.51,50.17,1,3,4,2,1,0,Yes,0
STU08710,6.39,52.37,62.94,0,0,4,0,2,0,No,1
STU08711,5.45,48.12,48.66,1,1,0,1,4,0,No,0
STU08712,6.34,64.63,61.92,1,2,3,2,2,0,Yes,1
STU08713,8.35,85.11,73.2,1,2,6,2,2,2,Yes,1
STU08714,7.1,76.14,62.91,2,5,2,2,2,2,Yes,1
STU08715,6.15,63.22,41.72,1,1,1,0,2,1,No,0
STU08716,8.42,74.58,84.29,1,2,3,2,4,0,No,1
STU08717,6.33,44.52,52.01,1,3,1,4,2,2,Yes,0
STU08718,8.63,93.38,87.94,0,0,2,4,1,0,Yes,1
STU08719,8.61,93.5,83.48,0,0,1,1,1,0,No,0
STU08720,7.06,70.44,53.12,0,0,0,1,1,0,No,1
STU08721,5.28,50.43,35.11,2,6,3,1,2,0,Yes,1
STU08722,9.63,94.85,86.98,0,0,1,1,3,0,Yes,0
STU08723,7.45,79.82,74.37,3,10,6,1,1,0,No,1
STU08724,6.63,60.1,45.63,0,0,1,5,3,2,Yes,0
STU08725,8.1,88.13,78.89,1,1,1,3,1,0,No,1
STU08726,7.81,77.29,70.26,1,1,5,0,3,0,No,0
STU08727,8.51,87.18,76.06,0,0,0,1,5,2,Yes,0
STU08728,6.24,57.69,49.56,1,3,2,2,2,1,No,0
STU08729,7.37,68.28,71.18,1,3,2,1,1,0,No,1
STU08730,5.64,45.95,43.16,0,0,2,1,3,0,No,0
STU08731,7.77,92.32,64.0,0,0,0,4,4,0,Yes,0
STU08732,6.97,62.07,65.12,1,2,4,2,1,0,Yes,0
STU08733,7.32,75.04,67.72,1,1,1,2,2,0,Yes,0
STU08734,6.83,68.66,56.55,3,9,3,1,4,0,Yes,1
STU08735,6.71,62.86,58.34,0,0,5,0,1,0,Yes,1
STU08736,6.0,57.75,48.64,0,0,1,2,2,0,No,0
STU08737,7.91,82.57,77.86,1,2,1,1,3,0,No,1
STU08738,8.71,81.65,82.39,1,3,2,0,1,0,Yes,1
STU08739,6.36,61.31,56.08,0,0,1,2,2,0,Yes,1
STU08740,7.64,74.01,73.99,0,0,1,2,3,0,No,1
STU08741,7.5,85.81,77.28,0,0,2,1,2,0,Yes,0
STU08742,7.01,70.58,74.51,0,0,3,3,2,3,No,1
STU08743,5.24,43.75,44.86,0,0,2,3,2,0,Yes,0
STU08744,5.5,51.56,42.77,0,0,0,2,1,0,No,0
STU08745,6.1,49.32,43.25,0,0,3,4,2,0,No,0
STU08746,4.54,47.27,46.6,1,3,4,3,2,0,No,0
STU08747,8.62,84.97,77.91,0,0,3,1,4,0,No,0
STU08748,7.42,69.29,85.34,1,2,2,3,5,0,No,1
STU08749,6.97,62.29,81.0,2,3,6,4,2,0,Yes,1
STU08750,4.48,60.25,41.36,0,0,0,1,4,0,No,0
STU08751,4.9,47.09,35.0,0,0,1,4,3,0,Yes,0
STU08752,7.0,65.2,68.71,0,0,2,0,4,0,Yes,1
STU08753,9.27,85.24,98.46,0,0,1,1,0,0,No,1
STU08754,6.2,58.79,45.09,0,0,1,2,1,0,No,0
STU08755,7.99,77.64,89.86,2,4,4,1,1,0,No,1
STU08756,6.45,52.71,45.19,0,0,2,1,3,0,No,0
STU08757,7.06,68.69,57.16,0,0,0,1,2,0,No,1
STU08758,8.4,84.69,83.78,0,0,1,4,1,0,Yes,1
STU08759,6.6,59.03,64.63,0,0,3,4,1,0,Yes,1
STU08760,6.21,50.75,52.7,0,0,1,0,3,0,No,0
STU08761,8.63,84.05,86.09,2,6,10,4,3,1,Yes,1
STU08762,7.05,65.92,72.37,0,0,1,0,2,0,No,0
STU08763,8.25,80.16,88.13,1,2,1,1,1,1,No,1
STU08764,6.21,57.82,49.42,0,0,0,5,1,3,Yes,0
STU08765,8.62,99.66,78.12,1,1,1,1,3,0,No,0
STU08766,7.31,80.7,76.03,3,7,5,2,3,0,Yes,1
STU08767,7.5,87.05,75.13,0,0,4,1,4,0,Yes,0
STU08768,7.15,66.81,70.75,1,1,1,3,2,1,Yes,1
STU08769,6.42,68.95,51.93,1,3,3,0,3,2,No,1
STU08770,7.0,69.17,68.63,0,0,4,3,2,0,No,1
STU08771,6.49,65.85,50.36,0,0,3,2,1,2,Yes,1
STU08772,8.1,85.17,80.91,0,0,0,3,1,0,Yes,1
STU08773,6.77,62.04,61.77,0,0,2,2,2,0,Yes,0
STU08774,5.28,52.41,45.81,0,0,4,1,1,1,Yes,0
STU08775,5.07,50.07,48.85,1,2,2,3,1,0,No,0
STU08776,5.01,36.32,37.81,0,0,1,2,0,0,No,0
STU08777,7.71,77.52,79.33,1,3,2,2,1,0,Yes,0
STU08778,5.68,55.92,47.81,0,0,0,3,2,0,No,0
STU08779,7.35,74.79,65.37,0,0,1,4,4,0,No,0
STU08780,7.16,73.13,59.38,0,0,3,1,1,0,No,0
STU08781,6.93,62.1,74.94,1,3,1,3,3,0,Yes,1
STU08782,7.5,76.98,72.03,0,0,1,2,3,0,No,0
STU08783,7.18,70.08,65.53,2,6,3,2,3,0,No,1
STU08784,4.0,43.9,35.26,1,3,3,5,5,0,Yes,0
STU08785,6.63,57.86,65.47,0,0,1,1,2,0,Yes,0
STU08786,7.49,80.74,78.32,0,0,1,0,4,0,Yes,1
STU08787,8.89,89.74,89.58,2,6,4,4,3,0,Yes,1
STU08788,8.94,89.32,84.48,0,0,2,1,2,1,No,1
STU08789,5.43,61.33,50.53,1,3,0,4,2,0,Yes,0
STU08790,6.6,64.3,53.51,1,2,0,4,2,0,Yes,0
STU08791,5.2,54.93,46.04,1,1,1,4,2,0,Yes,1
STU08792,8.75,88.67,83.71,1,2,1,3,2,0,Yes,1
STU08793,8.16,80.87,81.59,0,0,2,2,2,0,Yes,1
STU08794,7.4,67.62,60.1,1,1,3,2,2,1,Yes,1
STU08795,7.19,72.27,79.04,2,4,4,3,1,0,Yes,1
STU08796,8.59,70.15,92.84,2,4,0,3,2,0,Yes,1
STU08797,8.39,86.54,75.0,0,0,2,2,3,0,No,0
STU08798,8.33,86.36,84.93,2,5,4,0,3,0,Yes,1
STU08799,7.53,74.44,63.83,1,3,1,0,4,2,No,0
STU08800,6.6,60.91,58.96,1,1,0,3,2,2,Yes,0
STU08801,7.88,72.75,64.09,1,3,2,0,1,0,No,1
STU08802,7.94,89.21,76.15,1,3,3,1,1,0,No,0
STU08803,6.78,62.29,58.39,2,6,3,1,4,2,Yes,1
STU08804,6.6,55.61,65.38,1,2,2,2,0,1,No,1
STU08805,8.3,87.52,91.26,2,5,4,2,2,0,No,1
STU08806,8.91,88.43,94.91,2,3,1,0,3,0,No,1
STU08807,6.14,53.14,59.24,2,3,6,3,2,0,Yes,1
STU08808,6.7,60.15,60.43,2,6,4,4,1,0,No,0
STU08809,7.4,73.95,73.31,0,0,0,2,3,0,Yes,1
STU08810,7.56,84.34,75.56,0,0,3,1,1,0,No,0
STU08811,6.4,61.48,48.58,0,0,0,3,2,0,Yes,0
STU08812,9.17,88.4,92.49,1,3,2,3,0,0,No,1
STU08813,7.49,80.31,76.33,1,2,2,3,1,0,Yes,0
STU08814,7.61,77.07,78.32,3,11,5,1,3,0,Yes,1
STU08815,9.02,90.56,71.46,1,2,0,2,5,0,Yes,0
STU08816,6.48,60.72,59.53,1,3,2,4,1,0,Yes,1
STU08817,6.9,69.76,69.26,2,3,4,7,1,0,Yes,1
STU08818,5.56,47.2,46.77,2,5,3,2,3,0,No,0
STU08819,6.8,57.89,58.72,0,0,1,2,3,0,No,1
STU08820,5.29,53.57,36.95,1,3,6,1,1,0,No,0
STU08821,7.86,88.99,68.35,3,10,0,4,2,0,Yes,1
STU08822,7.48,68.6,73.07,1,1,2,3,2,0,Yes,1
STU08823,6.68,63.78,58.29,0,0,2,2,2,0,No,0
STU08824,6.88,63.26,61.46,0,0,0,4,1,0,No,1
STU08825,7.88,85.47,86.34,1,1,3,1,2,2,No,1
STU08826,5.69,52.34,40.32,2,5,5,2,2,0,Yes,1
STU08827,7.23,91.46,66.42,2,3,7,1,5,1,Yes,1
STU08828,7.8,77.53,86.5,0,0,1,2,1,0,Yes,1
STU08829,4.95,55.92,41.83,2,4,2,2,2,0,No,1
STU08830,7.79,88.96,76.55,3,7,5,1,1,0,No,1
STU08831,5.07,50.38,43.13,1,2,3,1,1,0,No,0
STU08832,6.86,65.89,66.9,1,2,3,1,2,0,No,1
STU08833,5.66,51.15,35.25,0,0,2,0,1,0,No,0
STU08834,8.65,86.56,82.28,0,0,4,4,2,0,No,1
STU08835,5.67,57.44,47.96,0,0,1,2,3,1,No,0
STU08836,5.1,42.04,38.29,0,0,1,3,4,0,Yes,0
STU08837,7.15,69.29,69.31,0,0,0,0,2,0,No,0
STU08838,6.52,58.68,62.09,1,2,4,0,1,0,Yes,0
STU08839,5.27,37.68,47.75,0,0,2,3,1,0,Yes,0
STU08840,7.6,81.95,84.47,3,7,2,3,3,0,Yes,1
STU08841,4.71,52.4,40.42,2,4,0,1,4,0,Yes,1
STU08842,5.81,48.05,51.85,0,0,1,5,4,0,Yes,0
STU08843,6.34,63.93,57.61,2,3,3,0,3,0,Yes,1
STU08844,7.92,71.25,76.34,1,1,2,4,5,0,No,1
STU08845,8.49,85.73,89.38,2,5,5,0,1,0,Yes,1
STU08846,8.27,83.18,82.66,1,1,1,1,1,0,Yes,1
STU08847,6.82,65.63,54.9,0,0,0,0,2,0,No,0
STU08848,4.21,45.85,46.86,1,1,3,0,1,0,Yes,0
STU08849,7.45,74.17,68.64,1,3,2,0,4,0,No,0
STU08850,8.69,84.41,81.8,2,4,4,3,1,0,No,0
STU08851,8.42,84.45,80.61,2,5,6,1,2,0,No,1
STU08852,7.53,84.05,77.28,1,2,1,2,3,0,Yes,0
STU08853,5.63,46.89,53.84,1,2,2,1,2,0,No,0
STU08854,6.4,72.15,54.66,2,5,3,1,5,0,No,1
STU08855,9.22,84.96,84.47,2,4,6,1,3,0,Yes,1
STU08856,5.37,50.05,35.0,1,3,0,4,3,0,Yes,0
STU08857,5.68,54.16,43.47,0,0,1,2,1,0,Yes,0
STU08858,8.08,80.54,73.61,3,11,2,4,1,0,Yes,1
STU08859,6.5,68.42,58.99,2,4,1,4,3,0,No,0
STU08860,5.64,53.73,46.81,1,3,0,1,4,0,No,1
STU08861,8.76,85.85,78.62,2,3,5,2,0,2,Yes,1
STU08862,7.53,84.06,73.75,1,1,0,2,3,0,Yes,0
STU08863,6.56,54.82,57.5,1,3,3,2,1,0,Yes,0
STU08864,5.68,47.36,35.0,2,3,5,1,3,0,Yes,0
STU08865,9.35,92.45,92.72,0,0,1,2,1,0,Yes,1
STU08866,6.97,72.2,70.46,1,1,0,3,2,0,Yes,1
STU08867,8.61,88.19,81.82,2,3,5,1,1,1,Yes,1
STU08868,8.03,81.02,80.9,2,3,4,2,2,0,No,0
STU08869,6.4,57.18,53.74,1,3,3,1,1,2,No,0
STU08870,6.41,65.58,46.17,0,0,0,2,2,0,Yes,1
STU08871,8.66,88.03,96.57,2,6,7,2,2,0,Yes,1
STU08872,8.68,81.45,88.18,0,0,1,2,1,0,No,0
STU08873,4.84,40.73,48.96,1,2,4,3,2,0,Yes,0
STU08874,7.63,86.28,72.49,1,1,5,2,1,0,Yes,1
STU08875,6.86,61.27,69.34,2,3,4,4,1,0,Yes,1
STU08876,5.81,53.54,40.68,0,0,0,2,3,0,Yes,0
STU08877,7.3,80.64,68.06,2,4,4,0,1,0,No,1
STU08878,5.45,52.37,50.55,1,1,3,3,2,0,No,1
STU08879,6.46,54.94,52.73,1,2,4,2,3,0,No,0
STU08880,6.08,48.5,57.06,1,1,2,4,2,0,Yes,0
STU08881,6.43,70.2,57.8,0,0,2,7,3,2,Yes,0
STU08882,6.92,60.23,64.73,1,2,0,3,1,1,No,1
STU08883,5.83,48.8,44.8,0,0,1,3,4,0,Yes,1
STU08884,8.81,89.55,86.74,3,11,3,0,2,1,No,1
STU08885,7.57,75.04,84.95,0,0,1,0,3,0,Yes,1
STU08886,9.06,91.74,86.35,3,12,5,2,2,0,No,1
STU08887,6.82,56.17,65.32,0,0,1,1,2,1,Yes,0
STU08888,6.37,56.94,59.42,1,2,0,0,2,0,No,0
STU08889,9.02,92.21,78.28,1,2,1,2,4,0,No,1
STU08890,6.34,61.79,53.91,1,1,2,1,0,0,No,1
STU08891,6.79,61.17,60.63,1,3,0,3,4,1,No,0
STU08892,7.83,73.48,63.86,1,1,3,4,4,0,Yes,1
STU08893,5.58,51.25,51.7,0,0,2,1,1,0,Yes,1
STU08894,7.82,71.61,70.9,2,5,4,2,2,0,Yes,1
STU08895,7.67,85.5,78.87,1,2,3,1,2,0,No,1
STU08896,8.46,86.31,77.81,1,3,0,1,1,0,Yes,1
STU08897,8.02,77.58,91.01,1,2,5,3,1,0,Yes,1
STU08898,8.49,79.3,80.95,1,2,3,3,4,0,Yes,1
STU08899,6.87,61.99,74.31,0,0,2,2,1,0,No,1
STU08900,6.01,44.43,49.77,2,4,0,3,1,0,No,0
STU08901,9.43,92.17,85.88,1,3,0,3,2,0,Yes,1
STU08902,5.24,43.13,54.34,0,0,3,6,4,0,Yes,0
STU08903,5.36,50.94,40.04,0,0,2,0,2,0,No,0
STU08904,7.65,80.72,74.79,0,0,1,2,1,0,No,0
STU08905,8.87,93.41,87.85,2,6,5,0,2,0,No,1
STU08906,7.22,72.76,70.68,1,3,1,3,3,0,Yes,1
STU08907,8.15,89.6,80.11,0,0,1,4,3,1,Yes,0
STU08908,4.7,54.33,42.45,2,3,4,0,0,0,Yes,0
STU08909,6.43,60.54,61.06,1,2,1,1,0,0,Yes,0
STU08910,4.84,48.24,44.39,1,1,1,2,1,0,Yes,0
STU08911,7.9,77.1,83.25,2,6,3,1,1,2,No,1
STU08912,5.22,41.92,47.19,2,4,1,5,3,1,Yes,0
STU08913,5.53,57.38,50.59,1,2,1,5,3,0,Yes,0
STU08914,7.59,80.26,80.43,1,3,3,0,3,0,Yes,1
STU08915,8.22,87.6,78.62,0,0,2,1,3,0,No,1
STU08916,6.82,61.46,68.64,1,2,1,7,2,1,Yes,1
STU08917,7.66,87.32,73.63,0,0,1,0,1,1,Yes,0
STU08918,7.62,75.62,65.59,0,0,0,0,2,0,No,0
STU08919,6.75,59.06,58.89,1,1,3,2,1,0,Yes,1
STU08920,5.74,47.82,43.92,0,0,1,2,0,0,No,0
STU08921,7.65,86.91,76.73,0,0,0,3,2,0,No,0
STU08922,7.71,71.53,73.48,3,10,4,1,1,0,Yes,1
STU08923,8.03,77.29,79.57,0,0,0,5,2,0,Yes,1
STU08924,7.36,90.73,76.42,2,5,5,0,2,2,No,1
STU08925,5.66,56.21,56.47,2,6,5,2,2,0,No,0
STU08926,7.79,74.83,77.99,0,0,3,1,2,0,Yes,1
STU08927,7.0,61.33,71.33,0,0,1,1,4,0,No,1
STU08928,6.44,49.22,55.19,1,1,1,3,2,2,No,0
STU08929,6.66,63.0,50.04,0,0,2,3,2,0,Yes,0
STU08930,6.21,60.46,46.01,1,3,1,0,1,0,Yes,0
STU08931,8.02,90.85,77.56,0,0,0,4,2,0,Yes,1
STU08932,5.37,37.24,50.37,0,0,0,1,3,0,No,0
STU08933,5.86,44.39,48.18,1,1,3,2,2,0,Yes,1
STU08934,6.62,61.09,65.92,0,0,2,4,3,0,Yes,0
STU08935,8.86,100.0,95.52,0,0,2,7,3,0,Yes,1
STU08936,8.21,88.71,75.07,1,3,1,3,2,0,Yes,1
STU08937,5.11,49.58,57.09,1,3,5,1,0,0,No,0
STU08938,8.55,78.6,73.14,2,3,5,3,1,0,Yes,1
STU08939,8.55,73.21,94.02,1,3,2,5,2,0,Yes,1
STU08940,5.65,50.74,47.31,2,5,2,2,3,0,No,1
STU08941,4.1,44.7,40.9,2,4,1,2,3,0,No,1
STU08942,6.92,64.86,63.42,2,5,2,3,2,1,Yes,1
STU08943,8.29,81.81,76.29,0,0,1,1,2,0,Yes,1
STU08944,8.83,82.92,93.42,1,1,2,1,0,0,Yes,1
STU08945,6.0,47.82,46.54,2,5,7,4,1,0,Yes,1
STU08946,9.01,96.45,81.73,2,6,1,5,1,1,Yes,1
STU08947,4.44,40.26,35.0,2,4,1,0,3,2,No,0
STU08948,6.58,59.49,53.76,1,1,3,0,5,0,No,0
STU08949,6.52,60.09,53.12,1,1,3,0,1,0,No,0
STU08950,8.33,88.65,76.81,0,0,0,4,2,0,Yes,1
STU08951,8.49,80.5,81.56,0,0,3,3,3,0,Yes,1
STU08952,8.1,88.23,72.68,1,2,1,2,1,0,Yes,1
STU08953,5.45,45.62,55.67,0,0,2,2,1,0,No,0
STU08954,7.99,80.48,77.53,0,0,1,2,1,0,No,0
STU08955,7.59,86.42,75.81,0,0,2,4,2,0,Yes,1
STU08956,5.08,41.37,49.35,2,6,4,1,2,0,No,1
STU08957,4.62,50.21,55.03,2,6,3,0,3,0,No,1
STU08958,8.19,89.26,85.69,1,3,2,3,1,2,No,1
STU08959,6.79,66.42,60.07,2,6,7,2,1,0,Yes,1
STU08960,5.52,48.92,40.19,2,4,3,2,2,0,Yes,1
STU08961,6.76,76.75,63.03,0,0,1,5,2,2,Yes,1
STU08962,7.42,74.1,77.56,2,6,2,3,1,0,Yes,1
STU08963,6.9,67.54,64.17,0,0,1,2,2,0,No,0
STU08964,5.22,45.79,45.2,0,0,2,0,1,0,Yes,0
STU08965,9.17,89.52,86.9,1,1,3,4,3,0,Yes,1
STU08966,8.15,88.69,68.69,1,2,0,3,1,0,Yes,1
STU08967,6.61,60.04,59.57,1,2,4,2,2,0,No,0
STU08968,6.66,49.76,63.81,0,0,2,2,1,1,Yes,0
STU08969,7.41,77.19,70.84,1,2,2,3,1,0,Yes,1
STU08970,5.7,44.44,54.65,2,3,5,0,2,0,No,1
STU08971,7.37,77.95,77.44,2,5,5,1,5,0,Yes,1
STU08972,5.47,49.25,43.24,0,0,2,5,2,0,Yes,0
STU08973,6.92,72.16,66.15,2,3,3,2,1,0,No,1
STU08974,5.66,44.87,47.81,0,0,1,0,0,0,Yes,0
STU08975,5.71,47.82,35.86,2,6,3,2,2,0,Yes,1
STU08976,8.89,85.67,83.58,0,0,2,1,4,0,No,1
STU08977,7.07,60.07,59.78,2,4,3,3,2,1,Yes,1
STU08978,7.24,78.25,69.39,0,0,0,0,4,1,Yes,0
STU08979,4.69,36.23,47.08,1,1,1,0,2,0,No,0
STU08980,6.31,63.98,53.09,2,6,5,3,4,0,No,1
STU08981,7.53,78.39,67.44,1,2,2,0,0,0,No,1
STU08982,7.22,70.11,69.71,1,1,3,1,3,0,No,1
STU08983,4.52,47.77,57.36,1,2,0,3,4,0,Yes,0
STU08984,7.24,73.49,55.55,1,1,0,3,5,0,Yes,1
STU08985,7.42,71.84,72.63,0,0,1,1,3,0,Yes,0
STU08986,8.48,87.29,79.23,1,2,2,1,1,0,Yes,1
STU08987,6.25,60.98,51.04,1,3,2,1,2,1,No,0
STU08988,4.42,39.9,41.94,0,0,0,1,1,0,No,0
STU08989,5.85,54.39,47.24,0,0,1,3,1,0,Yes,0
STU08990,5.74,35.49,51.86,0,0,3,2,5,0,Yes,0
STU08991,7.85,68.25,75.37,1,3,1,2,5,0,No,1
STU08992,4.0,48.51,35.0,0,0,3,2,2,0,Yes,0
STU08993,6.48,57.33,64.51,0,0,0,0,1,0,No,1
STU08994,8.64,81.33,90.22,1,1,2,1,3,0,No,1
STU08995,7.01,67.66,61.34,2,5,3,2,4,0,No,0
STU08996,8.03,79.45,79.12,0,0,2,0,2,2,No,0
STU08997,5.11,41.41,51.64,0,0,0,0,2,0,Yes,0
STU08998,5.16,37.72,50.75,1,2,1,1,3,0,Yes,0
STU08999,8.65,74.73,91.68,0,0,4,3,4,2,No,1
STU09000,7.12,74.17,68.98,3,11,3,1,2,1,No,0
STU09001,7.12,67.26,71.41,2,6,5,3,2,0,Yes,1
STU09002,5.71,56.84,56.48,0,0,1,2,2,0,Yes,1
STU09003,7.12,67.12,64.66,0,0,0,4,2,0,Yes,0
STU09004,5.68,52.88,50.4,0,0,0,0,2,0,No,0
STU09005,8.36,83.93,68.8,2,3,3,1,2,0,No,1
STU09006,10.0,90.16,77.41,1,3,1,2,1,0,No,1
STU09007,7.56,76.77,76.21,0,0,1,2,2,0,Yes,0
STU09008,6.27,54.18,57.77,1,3,2,0,4,0,No,1
STU09009,4.09,37.91,39.97,1,2,0,1,1,0,No,0
STU09010,5.06,51.73,40.5,0,0,0,3,5,0,No,0
STU09011,8.79,96.78,82.08,0,0,4,2,2,0,No,1
STU09012,5.82,61.92,50.11,1,2,4,5,2,1,No,1
STU09013,6.57,57.77,44.21,1,2,3,1,2,0,No,1
STU09014,7.75,74.37,78.57,1,3,4,2,2,0,Yes,1
STU09015,8.7,83.51,84.03,3,6,4,2,5,2,No,1
STU09016,6.77,63.11,62.65,0,0,1,5,1,2,Yes,0
STU09017,6.53,60.25,56.82,1,2,1,2,2,0,No,0
STU09018,7.08,63.19,57.88,1,2,1,5,3,3,Yes,1
STU09019,6.28,48.09,47.38,1,2,1,1,4,0,No,0
STU09020,6.34,58.07,63.91,2,6,9,1,3,0,No,1
STU09021,7.47,53.82,68.15,0,0,1,3,2,0,No,0
STU09022,7.21,70.57,73.02,2,3,2,2,1,0,Yes,1
STU09023,9.45,83.58,79.76,0,0,3,4,2,1,Yes,1
STU09024,7.5,80.14,72.37,0,0,0,1,2,0,No,0
STU09025,8.32,90.69,78.76,2,5,4,1,2,0,No,1
STU09026,5.77,57.93,46.78,0,0,1,5,1,0,Yes,0
STU09027,7.6,74.71,71.75,2,3,3,5,3,0,Yes,1
STU09028,6.17,48.87,61.34,2,3,6,3,4,0,Yes,1
STU09029,7.45,69.84,83.29,1,3,4,2,1,0,No,1
STU09030,7.79,80.93,77.63,0,0,1,2,3,0,Yes,0
STU09031,7.06,58.92,63.32,1,1,2,0,3,0,No,0
STU09032,9.77,97.97,78.63,2,4,5,0,5,1,Yes,1
STU09033,8.64,84.49,75.08,0,0,1,7,2,0,Yes,1
STU09034,8.35,87.62,90.31,1,1,2,3,2,0,Yes,1
STU09035,7.88,69.53,68.41,0,0,4,2,2,0,No,1
STU09036,9.03,82.61,82.52,0,0,0,2,3,0,Yes,0
STU09037,5.35,37.05,46.41,1,2,3,2,2,0,No,1
STU09038,8.58,92.18,67.45,0,0,1,2,2,2,Yes,1
STU09039,5.86,51.4,41.86,2,6,5,0,2,0,No,0
STU09040,6.35,61.34,46.88,1,2,2,1,2,0,No,0
STU09041,7.65,77.81,70.44,1,1,3,2,1,2,No,0
STU09042,8.42,87.9,83.64,1,2,3,2,1,0,Yes,0
STU09043,5.67,48.65,53.84,3,9,8,2,4,0,Yes,0
STU09044,6.41,57.58,51.82,0,0,1,2,4,0,Yes,0
STU09045,7.11,69.09,63.87,2,4,7,2,1,0,No,0
STU09046,6.79,66.86,60.71,0,0,1,1,5,0,Yes,1
STU09047,7.98,83.95,73.52,2,5,3,2,1,0,No,1
STU09048,10.0,100.0,89.4,2,4,5,1,2,0,No,1
STU09049,7.48,85.22,74.83,2,6,4,3,2,0,Yes,1
STU09050,6.15,44.81,36.16,0,0,0,1,2,1,Yes,0
STU09051,5.51,48.68,50.37,0,0,2,2,4,0,No,0
STU09052,6.63,59.47,59.67,2,4,3,2,1,0,Yes,0
STU09053,5.92,60.63,51.5,1,2,0,1,2,0,No,0
STU09054,7.54,74.05,80.02,1,2,2,0,2,0,Yes,1
STU09055,7.52,78.44,61.94,1,2,1,4,4,0,Yes,0
STU09056,6.47,45.52,49.01,0,0,2,1,1,0,No,0
STU09057,9.28,79.84,85.5,1,1,0,0,2,0,No,0
STU09058,6.15,68.03,38.55,1,1,2,0,1,1,No,0
STU09059,6.86,65.92,61.35,3,9,6,3,3,0,Yes,1
STU09060,7.74,72.58,80.65,1,2,2,2,1,0,Yes,1
STU09061,8.03,83.23,81.15,3,6,3,2,2,0,Yes,1
STU09062,8.47,79.12,82.92,0,0,2,3,1,2,Yes,0
STU09063,7.49,73.61,70.92,1,2,3,2,3,0,Yes,1
STU09064,8.21,74.65,77.8,2,4,6,4,2,0,No,1
STU09065,6.24,51.71,50.53,1,1,4,0,1,0,Yes,1
STU09066,8.06,79.54,80.41,1,3,4,3,4,0,Yes,1
STU09067,8.04,88.65,69.62,0,0,1,1,3,0,No,0
STU09068,8.74,89.78,92.78,0,0,3,0,4,1,Yes,1
STU09069,5.08,51.02,39.76,1,2,3,1,2,0,Yes,0
STU09070,5.96,53.13,53.63,1,1,2,2,5,0,Yes,1
STU09071,7.95,85.93,78.47,2,4,2,7,1,0,Yes,1
STU09072,4.0,39.88,35.2,2,5,2,5,0,1,Yes,0
STU09073,7.57,71.94,81.09,1,2,4,5,3,0,Yes,1
STU09074,8.22,85.91,86.95,1,2,4,3,2,0,No,1
STU09075,6.34,56.07,45.32,1,1,1,1,1,0,No,0
STU09076,6.51,60.06,56.7,1,3,6,3,0,0,Yes,1
STU09077,5.76,50.49,49.72,1,2,1,2,1,0,Yes,0
STU09078,6.4,66.2,43.25,1,3,2,4,1,0,Yes,1
STU09079,6.43,66.91,43.35,0,0,0,2,3,0,No,1
STU09080,6.21,52.43,48.18,3,9,4,0,1,0,No,1
STU09081,6.15,44.88,44.56,0,0,1,2,3,0,No,0
STU09082,6.69,58.51,53.52,0,0,1,0,1,0,Yes,1
STU09083,6.67,57.23,51.73,2,5,4,2,5,0,No,1
STU09084,9.16,93.56,84.83,1,1,0,2,4,2,No,1
STU09085,6.55,66.24,52.36,2,6,4,4,1,0,No,1
STU09086,7.4,67.69,77.56,0,0,0,3,3,0,Yes,1
STU09087,6.34,53.2,55.81,1,1,5,4,3,0,Yes,1
STU09088,6.32,48.63,59.27,1,1,2,4,4,0,Yes,0
STU09089,5.04,47.86,35.0,1,1,3,4,2,3,No,0
STU09090,5.19,47.42,40.92,2,3,1,6,1,0,Yes,0
STU09091,5.61,54.97,48.06,1,3,3,3,0,0,No,0
STU09092,7.21,74.12,70.85,1,1,7,3,1,0,Yes,0
STU09093,8.24,87.28,76.74,2,3,6,1,2,0,Yes,1
STU09094,4.95,37.43,40.67,1,1,3,1,3,2,No,0
STU09095,6.37,54.44,52.85,0,0,1,1,2,0,Yes,0
STU09096,5.43,54.69,44.21,0,0,4,2,2,0,Yes,0
STU09097,6.7,59.69,72.91,0,0,1,4,3,1,Yes,0
STU09098,8.24,73.85,82.5,1,2,5,1,3,0,No,1
STU09099,6.49,64.73,57.12,3,6,5,3,3,0,Yes,1
STU09100,6.95,63.55,56.46,1,3,2,3,3,0,Yes,1
STU09101,8.67,93.02,76.23,1,3,3,1,4,0,Yes,1
STU09102,7.53,75.66,71.49,0,0,1,3,4,0,Yes,1
STU09103,6.13,53.48,58.92,1,2,1,2,2,0,No,1
STU09104,7.18,78.85,66.48,1,1,3,3,4,0,Yes,1
STU09105,6.05,46.37,50.25,1,3,3,3,2,0,Yes,0
STU09106,7.48,83.77,67.7,0,0,2,3,1,0,Yes,0
STU09107,7.59,72.8,63.19,1,2,2,2,0,0,No,1
STU09108,5.43,49.97,48.61,1,3,0,1,1,0,No,0
STU09109,7.2,71.99,66.43,0,0,5,1,3,0,No,1
STU09110,6.86,63.1,65.34,1,3,5,1,3,0,No,1
STU09111,7.63,72.53,75.03,0,0,1,1,2,1,No,1
STU09112,7.96,78.87,72.3,0,0,3,1,3,0,Yes,1
STU09113,7.55,70.03,74.47,0,0,0,0,4,1,No,1
STU09114,6.65,74.05,51.53,1,2,0,4,4,2,Yes,1
STU09115,8.07,79.31,80.5,0,0,1,2,3,0,Yes,1
STU09116,6.0,60.62,50.29,0,0,1,3,2,0,Yes,1
STU09117,5.48,55.52,55.6,1,1,1,2,3,0,Yes,0
STU09118,4.0,47.3,36.92,1,2,3,1,2,0,No,1
STU09119,6.92,65.7,55.55,1,1,2,3,2,0,Yes,1
STU09120,6.06,55.45,48.81,1,3,4,2,2,0,Yes,1
STU09121,7.46,78.21,75.43,0,0,0,2,4,2,Yes,0
STU09122,4.73,46.67,35.0,0,0,1,0,3,0,Yes,1
STU09123,6.26,47.32,58.97,1,1,4,1,5,2,Yes,0
STU09124,7.54,65.08,71.74,0,0,2,3,3,0,Yes,1
STU09125,5.82,61.0,42.1,1,1,1,4,1,0,No,0
STU09126,7.47,59.16,69.76,2,4,2,1,3,0,No,1
STU09127,6.36,59.25,50.63,0,0,1,1,3,0,No,0
STU09128,6.96,65.86,56.92,0,0,1,3,3,0,Yes,1
STU09129,7.68,78.93,63.34,2,4,1,1,3,1,No,0
STU09130,8.1,75.52,83.74,1,2,2,0,3,0,No,1
STU09131,7.11,71.66,63.2,3,12,4,1,4,0,Yes,1
STU09132,6.06,55.64,49.06,0,0,2,6,3,0,Yes,0
STU09133,6.47,76.23,61.73,2,5,2,2,3,0,Yes,0
STU09134,7.73,79.32,75.88,2,6,2,1,2,0,No,1
STU09135,5.83,60.14,39.69,3,6,2,4,2,0,Yes,0
STU09136,6.8,55.62,65.65,0,0,0,1,3,2,Yes,0
STU09137,6.56,66.97,66.75,1,3,2,5,1,0,No,1
STU09138,6.88,67.26,65.92,1,1,2,3,1,0,Yes,1
STU09139,5.84,53.79,43.98,1,2,3,2,3,2,No,0
STU09140,4.87,48.14,35.0,0,0,2,4,1,1,No,0
STU09141,7.6,86.96,68.31,1,2,2,1,3,0,No,1
STU09142,8.11,84.0,80.09,0,0,1,3,2,0,Yes,0
STU09143,4.94,41.95,52.21,0,0,1,1,3,2,No,0
STU09144,7.42,70.58,66.72,2,6,8,2,3,0,No,1
STU09145,8.25,88.61,76.82,1,1,0,1,1,0,Yes,0
STU09146,7.69,80.67,81.11,2,4,3,5,1,0,Yes,1
STU09147,6.52,51.15,54.73,0,0,0,2,1,0,Yes,1
STU09148,5.91,55.99,60.19,1,3,3,1,3,0,No,0
STU09149,7.09,62.88,65.49,0,0,0,1,1,0,No,0
STU09150,7.28,74.92,76.3,0,0,4,3,1,0,No,1
STU09151,7.11,64.78,68.91,2,5,7,0,2,0,No,1
STU09152,6.79,62.87,65.8,0,0,0,1,1,0,No,1
STU09153,5.75,48.12,47.33,0,0,2,2,2,0,No,0
STU09154,7.49,84.33,71.54,2,5,4,1,2,0,Yes,1
STU09155,7.54,78.41,75.51,0,0,3,0,4,0,No,0
STU09156,7.23,79.0,73.22,2,5,5,1,2,0,No,1
STU09157,7.13,87.27,70.06,0,0,3,4,3,0,No,1
STU09158,8.93,88.1,74.22,0,0,4,0,1,0,No,1
STU09159,6.28,66.05,55.58,1,2,1,1,1,0,No,0
STU09160,8.47,81.29,78.55,0,0,1,3,3,0,No,1
STU09161,6.16,63.03,49.23,1,1,6,3,2,0,Yes,1
STU09162,8.28,79.14,83.73,2,5,6,2,3,0,No,0
STU09163,8.42,84.98,92.28,0,0,2,0,1,0,No,0
STU09164,6.66,65.68,58.06,1,3,1,1,0,0,No,0
STU09165,8.91,91.92,96.6,0,0,2,0,1,0,Yes,1
STU09166,7.54,68.33,66.38,1,1,2,1,0,1,Yes,1
STU09167,5.99,48.41,58.0,1,3,1,1,3,0,No,1
STU09168,6.57,64.7,60.62,1,3,3,6,2,0,Yes,1
STU09169,8.3,82.03,82.49,0,0,2,2,4,0,Yes,1
STU09170,8.06,73.71,87.39,1,1,3,1,2,2,No,0
STU09171,5.78,51.19,44.8,1,3,4,2,2,0,Yes,0
STU09172,6.84,64.58,69.96,0,0,1,3,0,1,No,0
STU09173,7.23,72.55,67.24,1,1,3,0,5,0,No,0
STU09174,6.42,62.04,52.01,0,0,1,1,3,1,Yes,0
STU09175,9.71,92.36,78.6,0,0,1,1,4,0,No,1
STU09176,7.27,67.41,78.53,0,0,0,0,1,0,No,0
STU09177,6.93,64.2,70.52,0,0,5,1,4,0,No,0
STU09178,8.37,90.3,78.86,0,0,0,0,2,0,No,0
STU09179,6.58,57.92,61.45,0,0,3,4,3,0,Yes,1
STU09180,8.16,80.55,80.68,1,2,3,3,3,0,Yes,0
STU09181,5.08,38.17,42.08,0,0,1,0,2,0,No,0
STU09182,6.48,59.56,62.52,0,0,3,4,1,0,Yes,0
STU09183,8.21,85.42,76.6,1,1,3,1,1,0,No,0
STU09184,8.81,75.44,71.14,1,3,2,1,1,0,No,1
STU09185,6.11,48.52,53.5,0,0,1,0,3,0,No,0
STU09186,5.98,44.99,50.92,2,6,4,2,2,0,Yes,0
STU09187,7.65,82.26,70.97,0,0,1,1,3,0,Yes,0
STU09188,6.28,45.59,48.71,1,3,2,1,2,0,Yes,0
STU09189,6.69,62.36,50.47,2,4,2,1,3,0,Yes,0
STU09190,8.01,85.93,76.45,1,1,0,1,5,0,No,0
STU09191,6.37,59.4,50.03,3,9,7,3,5,0,Yes,1
STU09192,4.74,43.46,48.88,1,1,4,4,2,0,Yes,0
STU09193,5.5,51.59,49.61,0,0,2,1,1,0,No,1
STU09194,7.01,74.27,62.14,0,0,1,0,3,1,No,0
STU09195,4.86,45.72,46.5,2,5,6,2,2,0,Yes,0
STU09196,6.66,48.95,58.74,2,4,5,0,2,3,Yes,1
STU09197,5.4,55.68,44.18,1,1,2,3,5,0,Yes,1
STU09198,8.89,90.07,84.34,0,0,0,1,1,0,No,1
STU09199,9.49,89.11,96.94,1,1,3,0,1,0,No,1
STU09200,5.78,39.73,52.48,0,0,1,6,0,0,Yes,0
STU09201,7.3,70.68,67.67,1,3,1,5,2,0,Yes,0
STU09202,5.9,47.5,55.12,3,11,3,1,1,0,Yes,1
STU09203,6.64,54.87,64.32,0,0,4,0,2,0,No,1
STU09204,9.07,87.53,86.91,1,2,0,1,1,0,Yes,1
STU09205,6.46,56.27,54.51,0,0,1,3,2,0,Yes,0
STU09206,6.67,59.75,57.2,1,3,1,1,1,0,Yes,0
STU09207,5.92,57.36,43.47,1,1,3,1,4,0,Yes,1
STU09208,8.32,85.88,82.42,0,0,5,2,4,0,No,1
STU09209,4.0,42.15,38.46,1,2,2,3,3,0,Yes,0
STU09210,6.49,56.19,54.3,2,4,3,0,1,3,Yes,1
STU09211,6.95,64.29,67.76,2,6,8,2,3,0,Yes,1
STU09212,6.24,55.03,63.64,0,0,2,5,2,0,Yes,0
STU09213,7.99,84.96,80.7,1,3,3,1,2,0,Yes,1
STU09214,8.38,78.58,81.2,0,0,3,3,2,0,Yes,1
STU09215,5.38,57.4,45.54,1,3,2,0,3,0,No,0
STU09216,9.41,92.68,93.0,1,2,3,5,4,0,Yes,1
STU09217,5.36,35.0,47.89,0,0,5,5,1,0,No,1
STU09218,8.48,86.05,83.7,0,0,1,0,1,0,No,1
STU09219,7.17,76.78,69.12,0,0,1,0,3,0,No,0
STU09220,6.42,61.26,47.35,1,1,2,6,1,0,Yes,0
STU09221,6.53,58.01,59.83,2,3,3,3,2,0,Yes,1
STU09222,6.96,66.89,59.01,2,5,2,3,3,0,No,1
STU09223,7.24,72.66,70.96,2,3,4,0,2,0,Yes,1
STU09224,5.94,57.76,45.73,2,6,8,2,1,0,No,0
STU09225,6.73,55.04,64.08,1,1,4,2,1,2,Yes,0
STU09226,6.11,51.36,51.07,2,3,3,2,3,0,No,1
STU09227,5.6,59.99,40.28,0,0,3,2,1,0,No,0
STU09228,6.06,54.54,49.59,1,1,1,1,4,0,Yes,0
STU09229,5.68,59.87,60.94,2,6,5,3,2,0,Yes,1
STU09230,6.52,78.19,43.64,1,3,3,4,2,0,No,1
STU09231,7.5,72.41,73.36,1,3,2,4,1,0,Yes,1
STU09232,7.14,62.87,60.99,1,2,2,0,3,0,No,0
STU09233,9.27,87.29,94.15,2,6,6,2,1,0,Yes,1
STU09234,4.46,52.2,47.5,0,0,1,1,3,0,No,0
STU09235,7.54,83.4,74.08,0,0,3,2,2,0,Yes,0
STU09236,7.01,81.59,70.47,2,3,5,1,1,0,No,1
STU09237,7.94,80.67,79.36,3,6,5,2,1,0,Yes,1
STU09238,7.82,82.49,76.6,1,2,2,4,1,1,Yes,1
STU09239,6.81,60.62,58.29,0,0,0,5,3,0,Yes,0
STU09240,7.2,55.89,65.77,2,6,5,2,1,1,No,1
STU09241,6.14,55.12,49.57,2,6,4,2,1,3,No,0
STU09242,7.71,71.28,75.26,0,0,2,2,3,0,Yes,1
STU09243,4.84,50.17,35.0,1,2,4,4,3,2,Yes,1
STU09244,7.89,69.1,83.57,3,8,4,1,3,0,No,1
STU09245,6.97,62.98,76.1,1,1,1,0,1,0,No,0
STU09246,6.44,60.77,53.57,0,0,2,1,1,0,No,0
STU09247,6.73,65.8,67.61,2,4,6,1,1,0,Yes,0
STU09248,6.82,64.71,61.19,1,1,4,2,2,0,Yes,1
STU09249,8.49,96.81,78.99,2,3,2,3,5,1,No,1
STU09250,10.0,99.31,84.6,1,2,1,2,1,2,No,0
STU09251,8.4,80.85,82.47,1,2,0,2,2,0,Yes,0
STU09252,6.35,67.54,50.56,3,11,8,0,3,0,No,1
STU09253,7.72,88.99,79.05,1,2,1,0,1,0,No,0
STU09254,7.77,78.28,72.91,1,2,1,1,2,0,No,1
STU09255,5.94,53.36,43.65,1,2,1,3,3,0,Yes,1
STU09256,5.55,49.51,46.69,2,3,2,2,5,0,No,1
STU09257,6.93,62.77,59.47,1,1,4,2,2,0,No,0
STU09258,7.93,77.53,75.84,0,0,2,2,4,0,No,0
STU09259,5.15,55.4,44.16,0,0,4,3,3,0,Yes,0
STU09260,6.17,58.33,44.66,1,1,5,0,1,0,No,0
STU09261,7.66,74.3,83.38,0,0,5,3,3,0,No,0
STU09262,7.05,63.11,70.55,2,6,1,3,1,0,Yes,1
STU09263,8.63,81.83,79.6,2,6,2,3,0,1,No,1
STU09264,5.38,47.68,45.55,2,5,1,3,2,0,No,1
STU09265,9.7,95.03,90.36,1,3,1,3,2,0,No,0
STU09266,5.23,42.73,46.15,0,0,2,2,1,0,Yes,1
STU09267,4.67,51.36,54.23,2,6,2,4,2,0,Yes,1
STU09268,6.93,67.94,62.33,0,0,0,2,0,1,No,0
STU09269,5.7,51.72,55.0,1,3,4,4,2,0,Yes,1
STU09270,6.96,73.33,56.17,0,0,1,2,2,0,Yes,0
STU09271,6.92,71.5,56.36,3,9,2,0,1,0,Yes,1
STU09272,6.77,55.81,71.35,1,3,2,0,4,0,Yes,1
STU09273,6.03,47.53,48.44,3,12,4,1,3,2,No,1
STU09274,7.5,74.0,65.37,3,6,7,1,2,0,Yes,1
STU09275,6.64,64.16,58.74,0,0,1,1,2,0,Yes,0
STU09276,8.27,92.13,88.52,1,3,2,2,2,0,Yes,1
STU09277,6.79,64.94,56.97,1,2,2,5,4,0,Yes,1
STU09278,5.89,62.92,49.45,1,3,3,1,4,0,Yes,0
STU09279,5.06,42.87,35.0,1,2,4,1,3,0,No,1
STU09280,6.8,61.51,58.92,0,0,1,2,2,0,No,0
STU09281,5.54,47.91,52.72,1,3,2,0,3,0,No,0
STU09282,5.45,44.21,41.4,1,1,5,2,4,0,Yes,0
STU09283,7.61,83.78,66.19,0,0,0,2,2,1,No,1
STU09284,4.96,35.0,39.06,1,3,2,0,2,0,No,0
STU09285,8.62,83.34,79.7,0,0,2,4,5,0,Yes,1
STU09286,7.18,77.58,72.28,2,4,5,2,3,0,Yes,1
STU09287,6.95,65.19,66.34,0,0,1,3,2,0,Yes,1
STU09288,5.81,58.31,52.31,1,3,1,0,3,0,No,0
STU09289,7.88,93.41,77.39,0,0,1,1,2,0,No,1
STU09290,7.0,68.26,61.06,2,3,6,2,2,3,No,0
STU09291,6.21,63.15,48.47,1,3,2,2,1,0,Yes,1
STU09292,7.23,85.93,71.01,0,0,0,1,1,0,Yes,1
STU09293,5.06,49.56,53.68,0,0,2,0,2,0,No,0
STU09294,5.12,47.09,38.73,1,1,4,0,3,0,No,0
STU09295,5.71,56.43,41.91,3,9,5,2,2,0,Yes,1
STU09296,7.4,81.06,64.14,1,2,4,4,3,0,Yes,1
STU09297,7.0,67.53,69.76,2,5,2,3,1,0,Yes,1
STU09298,8.21,80.44,80.09,1,2,3,2,5,1,Yes,0
STU09299,5.94,63.45,53.48,1,2,3,0,1,0,No,0
STU09300,7.66,76.03,71.6,0,0,1,0,2,0,No,0
STU09301,6.87,72.9,66.45,0,0,1,2,1,1,Yes,0
STU09302,5.92,54.49,48.18,1,2,2,2,2,0,Yes,0
STU09303,7.44,85.5,62.27,1,2,4,0,1,2,No,1
STU09304,6.92,61.48,69.11,1,1,3,3,1,0,Yes,1
STU09305,6.28,51.83,53.72,0,0,2,2,3,0,Yes,1
STU09306,7.05,73.8,63.81,0,0,0,4,2,0,Yes,0
STU09307,6.85,58.67,64.14,2,4,2,1,2,0,Yes,1
STU09308,6.82,65.79,53.43,0,0,3,3,2,0,Yes,1
STU09309,6.53,69.69,59.98,0,0,2,1,2,0,No,0
STU09310,5.5,38.76,42.9,0,0,3,1,2,0,No,0
STU09311,7.09,71.66,65.31,1,1,2,2,2,0,Yes,1
STU09312,6.08,61.82,58.38,1,3,3,1,2,0,No,0
STU09313,5.83,51.91,52.92,1,1,3,3,1,3,Yes,0
STU09314,6.72,57.81,59.31,1,3,3,2,4,0,No,0
STU09315,7.84,78.21,76.18,1,3,3,1,1,0,Yes,1
STU09316,7.21,66.15,52.82,0,0,1,2,1,0,No,0
STU09317,6.39,58.94,50.59,1,2,1,1,1,1,Yes,0
STU09318,6.34,56.15,55.81,1,2,4,3,3,0,Yes,0
STU09319,7.73,75.45,70.94,0,0,2,0,1,0,No,0
STU09320,4.24,48.18,35.0,0,0,2,1,4,0,Yes,0
STU09321,7.92,90.18,80.59,0,0,2,0,2,0,No,0
STU09322,4.84,48.29,51.16,0,0,3,3,5,0,No,0
STU09323,5.37,56.68,41.29,0,0,0,1,2,0,No,0
STU09324,6.41,68.24,61.02,2,6,1,0,3,0,No,1
STU09325,9.5,85.8,90.67,0,0,2,7,3,0,Yes,1
STU09326,8.93,89.46,78.95,2,6,6,4,2,0,Yes,1
STU09327,7.81,76.88,72.06,0,0,3,1,2,1,Yes,0
STU09328,7.41,65.17,81.88,0,0,2,5,1,0,Yes,1
STU09329,4.86,48.51,36.67,1,3,1,2,2,0,Yes,0
STU09330,7.18,64.33,63.98,0,0,4,0,2,3,Yes,0
STU09331,6.37,61.09,66.98,3,10,6,4,2,0,Yes,1
STU09332,6.06,45.02,47.94,1,1,1,1,1,0,Yes,0
STU09333,7.18,71.64,75.73,2,6,4,3,4,1,No,1
STU09334,6.46,49.98,50.27,0,0,1,0,1,0,No,0
STU09335,8.0,85.59,79.38,0,0,4,2,2,0,Yes,1
STU09336,4.77,43.8,49.68,2,5,3,2,2,0,No,0
STU09337,7.09,66.32,63.46,0,0,3,2,2,0,No,0
STU09338,5.99,60.36,51.2,0,0,0,2,1,2,Yes,0
STU09339,6.53,58.55,61.94,1,3,3,1,1,0,No,0
STU09340,7.35,73.88,64.81,0,0,0,1,1,0,No,0
STU09341,5.72,49.85,61.48,1,3,2,1,3,0,Yes,0
STU09342,7.19,73.83,74.01,3,12,3,7,1,0,Yes,1
STU09343,6.76,70.19,58.79,1,1,1,4,2,0,Yes,1
STU09344,6.24,61.54,52.11,0,0,2,2,1,0,No,0
STU09345,6.46,56.62,67.89,2,3,5,2,1,0,No,1
STU09346,6.82,72.33,59.94,2,4,1,0,2,0,No,0
STU09347,6.12,49.52,49.18,1,3,3,1,3,0,No,1
STU09348,7.01,63.52,71.85,2,5,5,1,1,0,No,1
STU09349,6.68,61.91,51.28,2,6,4,0,0,0,No,1
STU09350,6.3,63.52,53.77,1,2,1,2,1,1,Yes,1
STU09351,8.83,80.38,84.9,0,0,2,0,3,2,No,1
STU09352,7.48,80.42,67.85,0,0,1,0,1,0,Yes,1
STU09353,6.56,60.57,48.5,0,0,4,2,2,0,Yes,1
STU09354,7.17,67.86,67.87,0,0,1,1,1,0,No,1
STU09355,5.82,58.57,53.12,0,0,0,4,4,0,Yes,0
STU09356,6.5,55.22,52.96,0,0,2,4,1,1,No,0
STU09357,6.63,75.7,51.91,0,0,1,5,1,2,No,0
STU09358,5.57,48.86,54.46,1,2,0,1,3,0,Yes,0
STU09359,7.45,75.48,74.75,0,0,3,1,2,0,No,0
STU09360,6.42,68.16,53.73,3,9,5,1,4,0,Yes,0
STU09361,6.59,62.41,63.88,1,3,1,0,2,0,No,0
STU09362,6.35,64.97,56.29,2,3,6,1,1,0,Yes,1
STU09363,10.0,78.17,97.63,0,0,1,1,1,0,No,1
STU09364,6.24,53.83,57.47,0,0,3,2,2,0,No,0
STU09365,4.62,48.25,35.0,2,3,5,3,1,0,Yes,0
STU09366,5.16,54.05,40.61,1,3,2,0,2,0,No,0
STU09367,7.87,84.75,73.46,0,0,1,2,3,0,Yes,1
STU09368,8.54,89.92,84.72,2,3,3,1,2,0,No,1
STU09369,6.22,62.56,51.38,1,2,2,4,2,1,No,0
STU09370,8.47,88.3,75.69,2,4,2,0,4,0,Yes,1
STU09371,7.85,67.02,80.41,1,3,2,3,2,0,Yes,1
STU09372,6.78,72.99,67.34,1,1,4,1,1,0,No,1
STU09373,6.7,57.98,59.39,0,0,4,4,2,0,No,0
STU09374,7.21,72.96,69.33,0,0,0,3,3,2,No,0
STU09375,8.01,82.73,72.84,0,0,0,2,2,0,No,0
STU09376,7.46,75.05,68.63,0,0,0,1,2,0,No,0
STU09377,6.22,49.65,50.39,2,3,6,2,1,0,Yes,1
STU09378,6.8,53.06,65.04,0,0,3,1,1,2,No,0
STU09379,9.28,82.89,87.44,2,6,2,4,2,0,Yes,1
STU09380,7.29,77.32,67.38,3,8,3,5,3,0,Yes,1
STU09381,8.0,72.87,76.34,1,1,1,4,1,0,Yes,0
STU09382,7.62,71.74,62.22,1,3,0,1,2,0,No,0
STU09383,7.31,75.21,79.34,2,6,2,2,2,2,Yes,1
STU09384,7.13,63.7,54.35,1,3,1,1,2,0,Yes,1
STU09385,8.03,78.58,81.37,2,5,3,2,2,0,No,1
STU09386,7.83,80.08,76.82,1,2,3,0,2,0,Yes,1
STU09387,7.3,74.26,67.97,0,0,2,1,2,0,No,0
STU09388,6.2,49.75,52.99,1,1,0,2,1,0,Yes,0
STU09389,7.44,75.39,67.57,0,0,1,1,2,0,Yes,1
STU09390,6.92,68.95,67.47,1,1,2,2,3,0,No,1
STU09391,6.65,54.54,51.3,0,0,2,2,2,0,Yes,0
STU09392,10.0,91.18,88.86,1,3,2,1,1,0,Yes,1
STU09393,5.23,43.59,40.83,2,3,5,0,2,1,No,0
STU09394,8.1,83.16,76.86,0,0,2,0,1,0,No,0
STU09395,6.01,58.14,48.4,0,0,3,1,2,0,Yes,0
STU09396,7.15,69.15,66.21,1,1,2,4,2,0,Yes,1
STU09397,9.95,95.23,89.76,0,0,1,5,1,1,Yes,1
STU09398,5.89,57.47,49.51,0,0,0,3,2,0,No,0
STU09399,6.17,61.11,58.26,0,0,0,1,3,1,Yes,0
STU09400,6.98,69.93,70.78,0,0,2,2,1,0,Yes,1
STU09401,6.03,60.57,52.82,0,0,3,3,2,0,Yes,0
STU09402,8.02,84.0,82.78,1,1,2,1,1,0,Yes,1
STU09403,6.39,48.46,67.61,2,3,5,2,1,3,Yes,0
STU09404,7.75,74.01,67.29,1,1,2,0,1,0,Yes,1
STU09405,5.47,48.01,52.73,0,0,0,2,3,0,No,0
STU09406,4.92,46.09,52.89,0,0,1,2,3,2,Yes,0
STU09407,6.74,65.76,63.22,0,0,2,1,4,0,Yes,1
STU09408,5.2,42.87,56.13,1,2,1,0,1,1,No,0
STU09409,8.75,99.08,94.67,1,1,1,2,2,1,No,0
STU09410,5.24,47.32,42.91,0,0,2,4,1,0,Yes,0
STU09411,5.81,51.78,47.27,1,3,4,4,1,0,Yes,0
STU09412,7.48,71.01,75.22,0,0,2,1,2,2,Yes,1
STU09413,6.33,51.53,50.81,2,5,5,3,2,0,Yes,0
STU09414,5.25,47.22,61.25,0,0,2,1,2,0,Yes,0
STU09415,9.35,89.22,90.79,2,6,3,1,3,0,No,1
STU09416,5.85,51.75,49.55,0,0,2,2,5,0,No,0
STU09417,6.77,74.16,52.77,0,0,1,1,2,0,Yes,1
STU09418,6.76,63.22,62.49,0,0,2,3,2,0,No,1
STU09419,7.82,78.95,69.36,0,0,3,2,1,0,No,1
STU09420,7.53,80.75,77.42,1,2,2,4,2,0,Yes,1
STU09421,6.05,53.17,36.18,1,1,2,1,2,0,No,1
STU09422,6.63,65.13,67.2,1,3,2,4,1,2,Yes,0
STU09423,6.74,55.98,58.11,0,0,1,2,2,0,No,1
STU09424,7.86,72.35,66.82,0,0,1,1,2,0,Yes,1
STU09425,5.66,51.29,47.46,1,3,4,1,2,0,Yes,1
STU09426,9.32,87.62,86.11,3,7,5,3,1,2,Yes,1
STU09427,6.13,50.29,51.76,1,1,4,3,2,0,Yes,1
STU09428,6.99,68.4,72.95,2,6,5,2,3,0,Yes,1
STU09429,5.67,51.87,49.9,3,8,2,0,2,1,No,0
STU09430,5.51,45.26,51.3,0,0,4,0,0,0,No,0
STU09431,5.99,50.54,49.16,2,4,3,2,2,0,Yes,1
STU09432,5.88,53.91,52.17,1,1,5,1,1,2,Yes,1
STU09433,6.52,54.24,49.52,0,0,2,1,3,0,Yes,0
STU09434,5.87,48.91,51.08,1,3,1,1,1,0,Yes,0
STU09435,7.8,82.49,71.73,1,1,1,0,2,0,No,0
STU09436,6.1,54.68,59.75,0,0,4,1,2,0,No,1
STU09437,5.97,50.61,50.93,0,0,3,1,2,0,No,0
STU09438,6.55,55.32,61.71,1,2,1,2,1,1,Yes,0
STU09439,8.14,76.69,81.34,0,0,3,1,5,0,No,1
STU09440,7.25,70.91,79.54,3,7,4,0,1,0,No,0
STU09441,6.89,78.12,53.6,2,5,6,3,0,1,Yes,1
STU09442,5.35,51.9,44.82,1,1,6,0,1,0,No,0
STU09443,5.69,42.79,42.03,1,1,4,2,2,0,No,0
STU09444,5.53,53.92,35.0,2,3,4,2,2,0,Yes,0
STU09445,8.5,81.12,76.52,0,0,2,2,2,0,No,1
STU09446,7.61,76.85,80.92,2,4,4,2,1,0,No,0
STU09447,6.01,50.28,50.63,1,3,7,2,3,1,Yes,1
STU09448,6.35,70.04,53.59,2,5,2,3,3,0,Yes,0
STU09449,6.05,47.41,55.85,0,0,1,1,2,0,No,0
STU09450,5.98,55.43,51.25,1,1,3,3,3,0,Yes,1
STU09451,7.53,71.71,76.5,2,6,2,2,3,2,No,1
STU09452,6.67,66.96,61.47,1,2,5,1,2,0,No,0
STU09453,9.39,90.91,89.41,0,0,3,2,3,0,Yes,1
STU09454,8.44,92.76,79.54,0,0,1,6,2,1,Yes,0
STU09455,8.51,90.01,88.98,1,2,4,0,2,2,No,1
STU09456,7.77,74.83,68.71,0,0,0,0,1,0,No,0
STU09457,6.51,77.74,56.73,2,3,5,4,2,0,Yes,0
STU09458,7.69,81.33,81.58,1,2,3,2,1,0,Yes,1
STU09459,6.6,58.16,57.54,0,0,2,2,4,2,Yes,0
STU09460,8.87,88.88,82.06,0,0,1,1,1,0,Yes,0
STU09461,7.46,78.68,85.63,0,0,1,1,2,0,Yes,0
STU09462,7.3,76.1,78.05,2,6,3,2,1,1,Yes,0
STU09463,7.15,73.11,67.98,1,2,1,2,2,1,Yes,1
STU09464,9.0,93.88,79.26,1,3,4,6,2,0,Yes,1
STU09465,5.35,53.71,35.0,3,12,6,2,2,0,Yes,1
STU09466,9.11,83.36,89.7,0,0,3,3,1,0,Yes,1
STU09467,6.79,77.09,69.03,0,0,1,1,0,1,No,0
STU09468,5.38,60.51,48.07,1,2,3,4,3,0,No,0
STU09469,6.13,60.04,41.97,1,2,4,3,4,0,No,0
STU09470,5.1,47.51,45.24,0,0,2,1,2,0,No,0
STU09471,7.75,79.09,72.83,1,3,2,2,4,0,No,0
STU09472,5.81,49.88,49.79,1,3,4,4,4,0,No,0
STU09473,7.19,69.68,79.51,0,0,3,3,1,2,No,0
STU09474,8.3,71.14,86.0,1,1,2,1,1,0,Yes,1
STU09475,6.23,65.52,56.8,0,0,5,4,1,1,Yes,0
STU09476,6.69,69.91,59.57,1,1,3,1,2,0,No,0
STU09477,5.5,39.42,48.97,1,1,4,1,1,0,No,1
STU09478,6.55,66.14,53.46,0,0,2,2,1,0,No,0
STU09479,9.96,89.71,90.09,1,1,3,5,2,0,Yes,1
STU09480,7.89,79.22,76.26,1,1,5,2,1,0,No,1
STU09481,6.7,65.87,54.98,0,0,1,5,0,0,Yes,0
STU09482,6.3,46.77,59.11,0,0,1,4,3,0,Yes,0
STU09483,6.95,67.02,50.7,0,0,0,1,1,0,No,1
STU09484,7.15,70.66,63.92,2,5,2,7,1,3,Yes,1
STU09485,6.52,60.78,60.97,0,0,2,1,0,0,Yes,0
STU09486,7.61,68.67,81.23,1,3,6,1,3,0,No,1
STU09487,5.9,55.51,52.66,1,2,4,1,2,1,No,0
STU09488,5.9,59.13,45.74,1,3,3,0,5,3,No,0
STU09489,7.43,76.74,70.99,0,0,1,4,4,0,Yes,1
STU09490,5.66,49.17,49.3,0,0,0,3,1,0,Yes,0
STU09491,7.84,95.85,86.08,0,0,2,3,2,0,Yes,0
STU09492,6.98,62.02,70.09,0,0,1,1,2,0,No,0
STU09493,4.9,51.18,49.1,1,1,5,1,0,1,No,0
STU09494,7.13,71.34,67.27,1,3,2,1,4,0,Yes,1
STU09495,5.06,59.2,37.7,0,0,1,1,1,0,Yes,0
STU09496,7.8,81.59,67.83,0,0,0,2,2,2,Yes,0
STU09497,6.71,66.81,58.4,2,5,5,3,1,0,Yes,1
STU09498,9.13,91.55,89.71,0,0,0,4,1,0,Yes,1
STU09499,8.23,77.22,77.56,1,2,3,1,3,0,No,1
STU09500,5.78,46.37,52.02,1,1,4,4,2,0,No,0
STU09501,4.68,44.31,38.2,1,3,1,3,4,0,Yes,0
STU09502,6.13,60.95,48.36,2,6,2,5,1,0,Yes,1
STU09503,5.6,51.49,55.54,2,6,1,0,2,0,No,0
STU09504,9.1,87.17,90.01,0,0,5,4,3,1,Yes,1
STU09505,6.99,75.87,62.8,0,0,2,2,3,0,Yes,0
STU09506,8.07,70.31,74.22,1,3,3,1,2,0,No,1
STU09507,6.67,54.8,65.27,0,0,2,2,3,0,No,0
STU09508,6.79,49.59,66.83,1,1,2,4,3,3,Yes,0
STU09509,6.96,74.52,68.11,2,3,4,1,3,0,No,1
STU09510,8.27,83.39,79.91,0,0,1,1,3,1,No,0
STU09511,7.36,79.13,63.76,1,1,5,2,1,0,No,1
STU09512,5.78,50.97,48.54,0,0,0,3,1,0,Yes,0
STU09513,8.87,93.72,93.03,2,3,4,5,1,0,Yes,1
STU09514,6.66,61.7,54.01,1,3,2,2,2,0,Yes,0
STU09515,6.48,62.16,56.99,0,0,0,5,2,1,Yes,0
STU09516,4.0,46.7,51.94,1,2,1,0,3,0,No,1
STU09517,7.73,80.53,73.68,0,0,3,1,1,0,No,0
STU09518,7.12,79.84,65.97,1,2,2,0,5,0,No,1
STU09519,7.11,59.95,58.59,0,0,4,4,2,0,Yes,0
STU09520,6.54,60.18,61.33,0,0,1,0,2,0,No,1
STU09521,6.34,58.94,50.31,0,0,0,0,0,0,No,0
STU09522,6.57,61.41,48.79,0,0,3,1,2,0,No,0
STU09523,7.53,73.49,67.16,0,0,2,0,3,1,No,0
STU09524,7.73,75.36,76.81,2,6,7,3,0,0,No,1
STU09525,6.73,72.77,51.11,1,3,2,2,0,0,No,1
STU09526,8.09,81.91,71.02,0,0,3,1,0,0,Yes,0
STU09527,6.91,81.0,66.73,1,3,3,5,2,1,Yes,1
STU09528,6.42,62.08,55.47,1,2,4,3,0,0,No,1
STU09529,7.23,69.65,62.91,1,2,2,1,0,0,No,1
STU09530,5.44,52.36,44.12,0,0,1,0,2,0,No,0
STU09531,7.27,72.66,79.44,1,3,3,2,2,0,No,0
STU09532,5.23,55.92,52.56,0,0,3,3,1,0,Yes,1
STU09533,5.82,44.97,48.33,0,0,1,4,1,1,Yes,0
STU09534,4.68,35.16,47.87,2,3,6,0,3,0,No,0
STU09535,6.8,66.84,62.4,0,0,0,0,1,0,No,0
STU09536,8.85,92.52,73.86,2,5,4,2,3,0,Yes,1
STU09537,6.87,67.39,50.96,0,0,1,2,2,0,Yes,0
STU09538,7.74,82.66,70.17,0,0,1,2,5,0,No,0
STU09539,9.71,92.71,77.1,1,1,3,4,2,0,Yes,0
STU09540,7.46,66.01,73.52,0,0,1,3,3,1,No,0
STU09541,6.12,56.75,48.76,2,4,6,2,1,0,Yes,1
STU09542,6.28,64.88,56.53,0,0,3,1,3,1,No,1
STU09543,7.0,68.88,67.5,1,2,4,2,3,0,No,1
STU09544,6.27,49.02,58.02,2,4,3,3,5,0,Yes,1
STU09545,6.36,56.06,49.48,0,0,1,3,2,3,No,0
STU09546,8.13,86.04,82.79,2,4,0,2,1,0,Yes,1
STU09547,8.18,93.9,74.4,1,2,4,1,3,1,No,1
STU09548,5.11,35.57,48.58,3,7,5,7,1,0,Yes,1
STU09549,6.06,56.5,58.67,0,0,0,3,0,0,Yes,1
STU09550,6.47,53.94,60.87,0,0,1,2,1,0,No,0
STU09551,7.69,81.06,73.95,2,4,5,4,4,0,Yes,1
STU09552,8.31,87.85,84.72,1,3,5,2,1,0,No,1
STU09553,10.0,88.49,77.69,2,3,2,4,3,0,Yes,1
STU09554,6.46,63.29,45.95,1,1,1,5,4,2,Yes,1
STU09555,6.52,67.18,60.14,1,1,3,3,2,0,No,0
STU09556,7.68,76.88,82.72,3,8,8,4,2,1,Yes,0
STU09557,6.22,48.17,45.8,1,3,8,1,0,0,Yes,0
STU09558,6.84,73.82,62.36,1,2,1,2,2,1,Yes,1
STU09559,6.52,65.33,59.99,3,6,0,3,1,0,Yes,1
STU09560,4.0,48.5,38.43,1,1,3,0,1,0,No,0
STU09561,7.14,65.94,65.05,1,2,1,1,5,0,No,1
STU09562,6.79,70.42,65.19,0,0,3,3,5,0,No,1
STU09563,8.46,97.63,83.02,0,0,0,4,4,0,Yes,1
STU09564,7.01,67.22,65.62,2,5,3,4,3,0,Yes,1
STU09565,5.56,50.42,40.96,3,12,3,0,1,0,No,0
STU09566,6.7,56.66,59.87,1,1,4,3,2,3,Yes,1
STU09567,4.6,41.52,40.45,2,5,8,0,2,1,No,0
STU09568,5.61,43.75,45.14,0,0,2,2,3,0,No,0
STU09569,7.73,79.3,72.27,0,0,1,1,3,0,Yes,0
STU09570,6.72,61.17,60.06,0,0,0,1,2,0,No,0
STU09571,8.06,84.32,73.88,0,0,1,1,1,0,Yes,1
STU09572,4.74,40.73,43.16,0,0,1,1,3,0,No,0
STU09573,6.72,62.32,58.14,0,0,2,4,1,0,Yes,0
STU09574,6.45,53.62,50.75,1,2,3,3,2,1,Yes,1
STU09575,8.1,83.51,67.7,1,3,1,4,3,0,Yes,0
STU09576,7.77,69.22,81.7,1,2,3,1,1,0,Yes,1
STU09577,7.74,79.52,80.09,0,0,1,4,1,1,Yes,0
STU09578,8.77,85.47,79.31,1,3,3,2,2,0,No,1
STU09579,6.58,62.23,62.23,0,0,1,0,4,1,Yes,0
STU09580,8.54,75.92,76.69,1,3,7,3,0,0,No,1
STU09581,5.8,55.69,46.92,0,0,2,3,2,0,Yes,0
STU09582,5.76,49.62,45.23,2,3,2,4,3,3,Yes,0
STU09583,7.87,81.35,75.38,0,0,0,1,5,0,Yes,0
STU09584,5.27,36.81,48.91,0,0,3,0,1,0,No,0
STU09585,7.66,70.17,72.22,0,0,3,4,1,0,No,1
STU09586,7.12,67.4,64.7,0,0,1,4,0,3,Yes,1
STU09587,8.23,91.83,85.04,0,0,3,5,4,0,No,1
STU09588,6.93,69.9,64.11,3,8,3,7,3,0,Yes,1
STU09589,7.06,69.68,62.35,0,0,3,3,3,0,Yes,0
STU09590,7.59,71.03,75.02,1,2,1,4,1,0,Yes,1
STU09591,6.24,49.84,59.44,0,0,3,4,1,0,No,0
STU09592,6.19,57.53,59.2,2,3,5,3,1,0,No,1
STU09593,7.55,80.27,65.12,1,1,1,1,2,0,No,1
STU09594,6.97,68.58,56.68,0,0,2,2,2,0,Yes,1
STU09595,6.53,70.77,63.51,0,0,1,2,2,0,No,0
STU09596,6.9,62.23,61.6,1,2,2,6,1,0,Yes,1
STU09597,8.83,88.52,71.24,1,1,3,2,2,0,Yes,1
STU09598,6.49,49.76,52.54,1,3,3,3,4,1,Yes,1
STU09599,6.46,60.65,53.74,1,2,4,2,2,0,No,1
STU09600,5.04,55.84,42.15,2,4,5,1,2,0,Yes,0
STU09601,6.95,60.85,68.68,0,0,3,1,3,0,No,0
STU09602,7.76,83.84,70.21,0,0,1,1,3,2,No,0
STU09603,7.96,89.77,83.74,2,5,5,3,2,1,Yes,1
STU09604,7.12,65.72,68.57,0,0,2,3,1,0,Yes,0
STU09605,8.1,85.19,71.67,3,12,9,4,2,0,No,1
STU09606,7.84,89.22,74.83,1,3,2,4,3,0,Yes,1
STU09607,8.28,85.4,83.98,1,3,2,2,2,3,Yes,0
STU09608,8.13,87.41,79.92,2,3,3,2,1,0,Yes,1
STU09609,8.81,76.64,86.56,2,3,4,0,2,0,No,0
STU09610,6.8,68.37,58.26,0,0,0,1,3,0,No,0
STU09611,5.47,52.39,49.62,1,1,1,0,4,0,Yes,0
STU09612,7.76,70.92,73.49,0,0,1,3,2,0,Yes,0
STU09613,7.9,74.67,92.73,1,3,1,2,1,0,Yes,1
STU09614,8.81,90.91,76.37,0,0,1,2,2,0,Yes,1
STU09615,8.47,83.66,98.67,0,0,2,1,2,0,Yes,1
STU09616,9.24,95.48,80.1,1,2,4,0,0,0,No,1
STU09617,7.71,80.16,82.92,1,3,4,1,2,0,Yes,0
STU09618,7.26,72.27,73.89,0,0,3,1,2,0,Yes,0
STU09619,5.41,47.81,40.37,0,0,1,1,2,3,No,0
STU09620,7.35,75.03,73.87,1,3,2,3,0,0,No,1
STU09621,6.36,62.96,52.17,1,3,8,0,1,0,No,0
STU09622,7.24,74.86,70.31,0,0,1,1,2,0,Yes,1
STU09623,7.06,66.34,66.77,0,0,1,1,1,0,Yes,1
STU09624,7.54,83.46,70.93,1,3,5,3,2,1,Yes,1
STU09625,6.89,69.96,60.42,2,5,2,2,1,0,Yes,1
STU09626,8.08,84.53,81.26,0,0,1,2,1,0,No,0
STU09627,4.0,45.67,36.7,3,9,4,1,2,0,Yes,0
STU09628,7.22,74.27,63.07,3,9,4,2,1,0,No,1
STU09629,8.38,73.85,87.57,1,1,2,0,5,0,Yes,1
STU09630,9.15,90.0,88.13,3,11,8,1,4,0,No,1
STU09631,7.84,89.61,68.92,0,0,1,5,3,0,Yes,1
STU09632,8.94,89.17,78.83,1,1,2,5,1,0,Yes,1
STU09633,7.19,71.35,55.03,1,2,3,0,4,0,Yes,0
STU09634,7.0,64.32,70.35,0,0,1,1,3,0,Yes,0
STU09635,7.61,79.82,77.99,2,4,4,2,4,0,No,1
STU09636,7.0,66.6,58.24,2,3,3,1,2,0,Yes,1
STU09637,6.1,62.7,55.74,1,3,1,1,2,1,No,1
STU09638,6.41,53.58,67.67,0,0,2,2,0,0,Yes,0
STU09639,5.72,48.37,38.85,0,0,1,1,2,0,Yes,1
STU09640,7.61,73.23,70.15,0,0,1,0,1,2,No,0
STU09641,7.01,79.1,55.72,0,0,4,4,1,1,Yes,0
STU09642,6.59,60.13,63.96,2,4,3,3,1,0,Yes,1
STU09643,6.35,54.58,54.29,0,0,3,1,5,1,No,1
STU09644,7.58,63.97,71.13,3,11,4,4,4,0,No,1
STU09645,7.9,74.98,78.82,2,6,5,1,1,0,No,1
STU09646,5.7,54.07,44.56,1,2,3,1,3,0,Yes,0
STU09647,5.52,52.74,44.18,1,3,5,3,1,2,No,1
STU09648,8.1,78.47,81.02,0,0,2,4,5,0,Yes,0
STU09649,5.42,45.36,42.28,1,2,3,2,1,0,Yes,1
STU09650,7.63,88.32,71.35,0,0,3,0,2,0,No,1
STU09651,8.86,100.0,83.61,0,0,0,1,0,0,No,1
STU09652,8.86,94.46,85.11,2,3,5,1,2,0,No,1
STU09653,7.85,89.19,80.44,0,0,0,4,2,0,Yes,1
STU09654,7.82,90.09,79.96,1,2,6,0,3,0,No,1
STU09655,9.59,100.0,77.44,0,0,2,2,4,0,Yes,1
STU09656,4.32,43.66,50.92,0,0,1,1,2,0,Yes,1
STU09657,6.47,54.25,56.87,1,3,2,1,2,0,Yes,0
STU09658,7.98,92.31,76.32,0,0,0,1,1,0,Yes,1
STU09659,6.61,55.87,53.24,1,2,1,2,0,0,No,0
STU09660,8.43,78.98,94.08,0,0,1,2,1,0,No,0
STU09661,6.95,61.12,78.32,1,3,0,4,2,0,Yes,1
STU09662,7.15,69.44,78.42,0,0,1,0,2,0,No,1
STU09663,6.68,50.82,60.46,0,0,3,3,1,0,Yes,1
STU09664,6.4,50.06,57.72,2,5,3,0,1,0,No,1
STU09665,6.37,54.49,64.17,1,3,3,0,2,0,Yes,1
STU09666,7.31,65.48,68.21,0,0,1,0,1,3,Yes,0
STU09667,6.11,61.3,55.17,0,0,2,0,3,1,No,0
STU09668,8.1,82.4,80.72,0,0,1,0,4,0,No,0
STU09669,7.75,82.2,87.25,1,3,5,2,1,0,Yes,1
STU09670,8.26,86.71,89.52,1,1,1,7,2,0,Yes,1
STU09671,5.7,49.68,47.09,0,0,2,1,1,0,No,0
STU09672,5.05,53.0,53.22,0,0,2,0,1,1,Yes,0
STU09673,7.0,70.47,64.73,2,6,4,0,2,0,No,1
STU09674,10.0,87.98,83.62,0,0,1,2,3,0,Yes,1
STU09675,8.46,75.24,80.63,1,1,2,6,3,1,Yes,1
STU09676,6.36,61.25,56.02,3,12,3,0,1,0,No,1
STU09677,7.49,67.67,67.53,2,5,5,2,4,0,No,0
STU09678,7.84,81.98,73.6,0,0,1,5,1,1,Yes,1
STU09679,5.43,49.45,37.31,0,0,4,1,1,0,No,0
STU09680,8.58,77.89,78.12,0,0,2,3,2,2,Yes,1
STU09681,6.81,66.37,63.23,0,0,1,2,3,0,Yes,0
STU09682,6.9,67.32,69.42,1,3,1,2,0,0,No,0
STU09683,7.03,69.51,70.82,1,1,5,1,3,0,No,0
STU09684,8.32,85.21,83.91,1,2,4,1,2,0,No,1
STU09685,6.13,51.29,43.03,2,3,2,0,1,0,Yes,0
STU09686,5.04,50.58,38.86,0,0,0,3,2,0,Yes,0
STU09687,7.37,69.38,69.32,0,0,6,2,1,0,Yes,1
STU09688,4.65,39.48,48.7,1,1,2,3,2,0,No,1
STU09689,6.65,66.37,55.98,2,6,0,0,2,2,No,0
STU09690,8.36,90.3,74.36,1,3,5,0,2,1,Yes,1
STU09691,7.67,81.36,83.41,0,0,0,2,0,0,No,1
STU09692,8.2,82.02,75.86,2,3,3,2,1,0,Yes,1
STU09693,7.71,66.66,68.53,0,0,1,1,3,0,Yes,1
STU09694,9.77,98.5,87.97,1,1,3,4,3,0,Yes,1
STU09695,6.32,45.79,54.22,0,0,0,1,2,0,No,0
STU09696,7.46,78.29,68.78,1,3,4,5,3,0,Yes,1
STU09697,6.5,72.68,57.02,3,11,2,2,3,0,Yes,1
STU09698,8.1,83.3,73.85,1,3,3,1,3,0,Yes,1
STU09699,6.93,68.43,60.61,1,1,3,0,5,0,No,0
STU09700,8.98,90.25,84.76,1,2,1,3,5,0,Yes,1
STU09701,6.39,59.72,43.32,1,1,3,4,1,0,Yes,1
STU09702,8.62,100.0,89.04,1,2,1,2,0,0,Yes,0
STU09703,7.68,72.88,66.7,0,0,1,2,1,0,No,1
STU09704,6.96,61.47,58.65,2,6,3,3,1,0,Yes,1
STU09705,7.62,75.1,80.06,1,3,1,2,4,1,No,1
STU09706,7.3,82.97,72.94,2,4,3,2,1,0,No,1
STU09707,7.41,70.59,71.58,1,3,4,1,4,0,Yes,0
STU09708,6.76,66.59,50.76,2,6,1,2,4,0,No,1
STU09709,6.19,62.34,49.28,1,2,1,5,3,0,Yes,1
STU09710,6.61,66.37,57.4,3,12,1,7,2,0,Yes,1
STU09711,5.06,53.25,43.28,2,6,2,1,3,0,No,1
STU09712,7.97,89.71,85.05,1,1,3,1,3,0,No,1
STU09713,5.58,51.84,58.95,0,0,1,0,0,0,No,0
STU09714,6.75,61.08,64.51,0,0,2,2,1,0,No,0
STU09715,7.75,79.57,72.48,0,0,3,2,4,0,No,1
STU09716,7.97,79.14,85.46,0,0,5,0,1,0,No,1
STU09717,4.96,61.86,40.19,0,0,0,1,4,0,No,0
STU09718,6.89,62.94,47.4,0,0,1,0,0,1,Yes,0
STU09719,7.53,78.71,65.31,0,0,2,2,1,0,Yes,1
STU09720,7.06,59.83,51.6,2,4,2,2,4,0,Yes,1
STU09721,8.55,86.71,80.61,0,0,2,1,2,0,Yes,1
STU09722,6.05,52.56,50.22,1,2,4,0,1,1,Yes,1
STU09723,4.64,49.96,35.0,3,8,3,6,2,0,Yes,1
STU09724,7.93,85.04,72.71,1,3,2,2,2,0,No,0
STU09725,6.38,66.92,46.86,0,0,2,1,1,0,No,0
STU09726,4.98,54.83,43.04,1,2,2,4,3,1,Yes,0
STU09727,6.82,64.62,56.9,1,1,4,4,5,0,No,1
STU09728,8.42,79.39,88.12,0,0,1,0,2,0,No,1
STU09729,5.55,44.83,47.81,0,0,1,1,1,0,Yes,0
STU09730,9.69,91.36,96.17,2,5,3,1,4,0,No,1
STU09731,6.04,55.02,48.34,1,3,4,1,2,1,No,0
STU09732,7.1,71.02,79.33,3,6,3,0,1,1,Yes,0
STU09733,5.6,46.9,47.12,1,2,5,0,3,0,Yes,1
STU09734,7.05,77.29,62.5,0,0,3,0,2,0,No,0
STU09735,6.85,56.54,76.83,2,3,1,1,3,0,No,1
STU09736,5.29,44.58,35.0,2,4,8,1,1,0,No,1
STU09737,10.0,83.43,83.58,0,0,2,1,3,0,No,1
STU09738,6.43,57.76,46.03,0,0,2,0,1,0,No,1
STU09739,6.43,66.51,45.0,1,3,3,1,1,0,No,0
STU09740,8.11,80.81,67.13,2,6,3,0,1,0,No,1
STU09741,9.09,88.99,89.08,2,4,7,0,1,0,No,1
STU09742,8.3,88.13,73.17,1,3,3,2,1,0,Yes,1
STU09743,5.62,48.26,45.74,2,4,7,3,2,2,Yes,0
STU09744,7.25,73.98,74.04,0,0,1,3,1,0,Yes,0
STU09745,4.84,47.8,46.08,1,1,0,1,2,0,Yes,1
STU09746,8.04,75.11,81.37,2,6,7,0,3,0,No,1
STU09747,5.12,44.59,51.66,0,0,2,2,1,1,Yes,0
STU09748,6.08,56.67,61.2,0,0,1,5,3,1,Yes,0
STU09749,7.0,75.46,57.26,1,3,2,5,1,0,Yes,0
STU09750,7.51,83.24,75.45,2,5,6,1,4,0,No,1
STU09751,6.7,75.55,58.35,3,9,5,0,2,0,Yes,1
STU09752,8.75,89.94,83.15,1,3,1,0,2,0,No,0
STU09753,7.83,77.16,67.57,1,1,0,1,1,0,No,0
STU09754,7.74,78.26,72.45,1,1,0,0,1,0,No,0
STU09755,5.59,49.34,44.49,0,0,1,2,1,1,Yes,1
STU09756,8.95,85.44,93.47,1,1,6,7,0,0,Yes,1
STU09757,6.08,56.84,44.61,1,2,3,0,3,0,No,1
STU09758,9.0,90.65,70.76,0,0,0,2,2,0,Yes,1
STU09759,9.33,81.98,85.99,2,4,4,2,2,0,Yes,1
STU09760,7.59,83.15,66.08,1,2,6,2,1,1,No,0
STU09761,8.19,72.17,79.35,2,3,4,2,3,0,No,1
STU09762,4.0,43.79,46.09,1,3,2,0,1,0,No,0
STU09763,6.78,71.16,60.66,0,0,0,0,2,0,Yes,0
STU09764,8.27,87.57,78.34,0,0,2,4,4,0,Yes,1
STU09765,8.06,79.96,78.16,3,7,9,4,0,0,Yes,1
STU09766,5.6,61.92,52.19,1,3,0,0,2,0,No,0
STU09767,6.66,59.8,52.51,1,2,1,5,4,0,Yes,1
STU09768,4.08,35.0,46.66,2,3,5,0,3,2,Yes,0
STU09769,7.47,77.74,65.99,2,4,2,1,0,0,No,1
STU09770,4.83,35.62,46.91,2,3,2,6,1,0,Yes,1
STU09771,8.3,79.21,71.94,1,3,2,1,1,1,No,1
STU09772,8.36,88.4,84.92,0,0,2,1,3,1,Yes,0
STU09773,6.45,56.59,55.74,0,0,0,2,1,0,Yes,0
STU09774,7.6,80.21,74.31,1,1,3,1,4,0,No,1
STU09775,6.75,56.89,66.59,0,0,3,2,2,0,No,0
STU09776,7.28,77.32,64.25,2,4,4,1,1,2,No,1
STU09777,5.68,40.59,47.59,3,12,8,3,1,1,Yes,0
STU09778,7.72,86.25,77.16,1,1,2,1,1,0,No,0
STU09779,5.11,44.49,42.55,0,0,0,4,4,1,Yes,0
STU09780,4.9,55.71,47.83,0,0,1,3,1,0,Yes,1
STU09781,6.86,60.53,64.55,0,0,2,1,1,0,No,1
STU09782,6.76,75.5,57.47,0,0,1,2,2,1,No,1
STU09783,7.31,66.93,77.24,1,1,1,0,3,0,Yes,1
STU09784,6.25,45.92,57.05,3,11,5,0,2,0,No,1
STU09785,9.17,88.88,80.56,0,0,0,3,1,0,Yes,0
STU09786,7.18,78.11,62.59,3,9,4,1,5,2,No,1
STU09787,7.27,76.76,67.7,2,6,5,3,2,0,No,1
STU09788,7.23,78.34,71.05,2,5,1,0,2,0,No,0
STU09789,8.15,87.75,66.61,1,3,3,1,2,0,No,1
STU09790,7.66,72.75,69.87,0,0,1,0,0,0,Yes,0
STU09791,7.51,80.11,69.05,1,1,4,2,2,0,No,1
STU09792,7.85,80.37,68.19,1,2,2,1,1,0,No,1
STU09793,4.9,42.28,37.41,0,0,2,2,2,0,No,0
STU09794,4.95,47.75,44.49,1,2,2,1,1,0,Yes,0
STU09795,6.91,66.09,60.49,3,10,6,1,2,1,No,1
STU09796,6.77,72.7,58.74,0,0,3,4,4,0,Yes,1
STU09797,7.67,74.65,66.47,0,0,0,4,3,0,Yes,0
STU09798,7.02,64.91,64.0,0,0,0,0,3,0,No,0
STU09799,7.67,73.58,65.75,1,2,2,0,1,1,No,0
STU09800,5.57,61.31,55.68,1,3,3,4,2,0,Yes,0
STU09801,6.99,63.77,75.09,0,0,2,2,2,0,Yes,0
STU09802,5.46,56.97,43.35,1,2,5,2,2,0,Yes,1
STU09803,7.44,68.37,64.83,0,0,1,3,3,0,No,0
STU09804,4.84,49.35,48.44,1,3,0,4,1,0,Yes,0
STU09805,7.4,75.5,74.48,2,3,5,6,3,0,Yes,1
STU09806,5.31,55.66,56.51,0,0,0,0,1,0,No,0
STU09807,6.56,67.42,70.73,2,5,2,1,3,1,Yes,1
STU09808,8.03,82.3,66.65,1,3,3,1,1,1,No,1
STU09809,7.26,68.69,75.86,1,2,3,2,0,0,Yes,1
STU09810,5.11,57.07,42.99,1,2,2,2,5,0,Yes,1
STU09811,6.23,52.51,56.63,1,2,3,2,4,0,Yes,1
STU09812,5.27,35.0,49.72,1,1,0,1,1,1,No,0
STU09813,5.05,35.93,48.5,1,1,0,1,4,0,No,0
STU09814,7.14,60.31,73.0,0,0,4,0,2,0,Yes,1
STU09815,7.64,80.99,71.05,0,0,1,1,1,0,No,0
STU09816,7.51,88.79,66.78,2,5,3,0,2,0,No,1
STU09817,7.69,65.83,82.19,0,0,1,1,1,0,Yes,1
STU09818,6.99,62.91,59.38,2,6,5,0,4,2,No,1
STU09819,6.69,63.29,70.92,0,0,0,2,5,0,Yes,1
STU09820,5.77,60.76,43.9,1,2,3,1,1,0,No,0
STU09821,6.49,55.27,54.71,1,1,3,4,1,0,Yes,1
STU09822,5.48,52.9,45.21,0,0,1,4,2,0,Yes,0
STU09823,6.03,52.49,41.75,1,2,3,1,1,0,No,0
STU09824,7.1,85.13,57.25,0,0,1,3,3,0,Yes,1
STU09825,6.86,66.52,68.13,0,0,0,0,0,0,Yes,0
STU09826,10.0,92.03,76.57,1,2,4,2,2,0,Yes,1
STU09827,5.45,49.65,61.26,0,0,1,1,2,0,No,0
STU09828,6.86,63.04,61.97,1,3,0,2,4,0,Yes,0
STU09829,5.36,54.26,39.38,1,3,0,1,1,0,No,0
STU09830,6.55,53.86,60.34,1,2,5,5,3,0,Yes,1
STU09831,6.6,49.5,43.74,0,0,1,1,3,2,Yes,0
STU09832,7.97,80.34,76.24,0,0,0,3,4,0,Yes,1
STU09833,6.48,64.7,55.58,3,8,3,0,1,0,No,1
STU09834,6.78,60.81,53.7,2,5,7,1,3,1,No,1
STU09835,6.51,61.25,53.34,2,6,3,3,1,0,Yes,0
STU09836,5.39,41.41,54.89,1,1,1,2,2,1,No,0
STU09837,6.25,63.02,54.74,1,2,0,0,3,3,No,1
STU09838,6.56,64.82,60.3,1,3,5,2,2,0,Yes,1
STU09839,7.08,69.36,61.52,1,3,2,5,2,0,Yes,1
STU09840,7.64,78.42,66.46,0,0,0,0,2,3,Yes,0
STU09841,6.73,55.15,59.07,0,0,3,5,1,0,Yes,1
STU09842,6.71,55.07,45.42,0,0,3,1,2,0,No,0
STU09843,5.02,46.24,37.39,1,2,0,0,1,0,Yes,0
STU09844,7.62,80.1,66.5,0,0,0,3,2,0,Yes,1
STU09845,6.2,59.39,40.77,0,0,0,1,1,0,No,0
STU09846,7.86,77.77,80.84,0,0,0,0,0,1,Yes,1
STU09847,8.51,90.22,81.96,2,3,1,1,4,0,No,1
STU09848,6.78,72.93,57.68,1,1,3,2,4,0,Yes,1
STU09849,5.82,51.49,53.05,1,2,6,2,5,0,No,0
STU09850,6.98,69.4,54.67,0,0,0,1,5,0,Yes,1
STU09851,7.4,72.68,62.87,1,1,2,3,3,1,Yes,1
STU09852,6.64,61.31,65.77,1,2,4,0,2,0,No,1
STU09853,6.35,58.94,68.61,0,0,1,0,3,0,No,0
STU09854,7.65,87.69,78.57,0,0,3,2,1,0,No,1
STU09855,7.57,81.9,76.24,2,4,0,3,3,0,Yes,1
STU09856,6.6,66.48,55.03,2,3,4,2,1,0,No,1
STU09857,5.1,44.54,40.91,0,0,2,4,3,1,Yes,0
STU09858,7.52,70.35,74.1,1,3,5,0,2,0,No,1
STU09859,6.12,57.36,60.26,2,5,7,3,3,1,Yes,0
STU09860,7.25,79.16,71.25,1,2,3,2,0,0,No,1
STU09861,7.17,80.9,73.3,0,0,2,0,1,1,Yes,0
STU09862,4.83,35.0,37.78,3,11,6,4,1,1,No,1
STU09863,7.09,84.06,70.08,1,3,4,2,5,0,Yes,1
STU09864,7.59,79.13,69.6,1,2,0,3,1,0,Yes,1
STU09865,7.73,84.0,76.39,1,3,3,2,2,3,Yes,1
STU09866,7.13,59.56,70.69,0,0,1,1,2,0,No,1
STU09867,4.73,44.64,39.87,1,2,4,2,2,0,No,0
STU09868,8.47,90.37,76.33,0,0,0,1,2,0,No,0
STU09869,7.47,67.95,74.18,0,0,2,2,2,0,No,1
STU09870,5.62,35.0,46.44,0,0,0,3,1,0,No,0
STU09871,6.09,56.76,52.57,2,6,3,3,2,0,Yes,1
STU09872,7.27,71.67,72.91,2,5,1,1,2,0,No,0
STU09873,7.78,87.76,83.96,0,0,1,3,4,1,Yes,1
STU09874,6.44,58.19,60.13,1,1,4,1,2,0,Yes,0
STU09875,7.95,80.49,81.2,1,3,2,3,3,0,No,1
STU09876,4.94,50.84,40.65,1,2,4,4,1,0,Yes,1
STU09877,5.8,57.98,46.7,0,0,1,4,3,0,Yes,0
STU09878,4.63,41.64,45.62,2,6,4,1,3,0,Yes,1
STU09879,5.97,59.1,48.25,1,1,4,6,1,0,Yes,0
STU09880,8.73,83.84,86.68,1,1,1,0,1,0,Yes,1
STU09881,9.37,89.2,81.21,2,3,6,1,1,0,Yes,1
STU09882,7.27,76.06,80.61,3,6,1,0,3,0,Yes,1
STU09883,6.27,61.89,54.98,0,0,0,2,1,0,No,0
STU09884,6.75,65.64,61.5,0,0,1,2,2,2,No,1
STU09885,7.54,69.57,70.16,1,2,1,2,1,0,No,1
STU09886,5.2,36.53,56.23,1,3,2,0,2,1,No,0
STU09887,6.34,56.66,47.27,2,6,3,1,4,0,No,0
STU09888,8.65,92.35,79.3,1,1,4,3,2,2,No,0
STU09889,5.8,54.44,53.87,2,5,3,3,1,0,No,0
STU09890,6.14,56.75,53.74,1,1,2,2,2,0,Yes,1
STU09891,7.02,68.1,61.68,0,0,5,4,2,0,Yes,1
STU09892,7.33,74.73,66.58,0,0,2,1,5,0,No,1
STU09893,6.28,51.07,52.28,0,0,1,5,1,0,No,0
STU09894,7.09,73.98,66.91,1,2,5,1,2,3,Yes,1
STU09895,7.7,83.21,84.45,0,0,2,3,2,0,No,1
STU09896,9.26,86.72,89.48,0,0,1,1,1,0,Yes,1
STU09897,6.85,68.13,68.65,1,2,1,3,4,0,Yes,1
STU09898,6.95,56.83,61.52,0,0,2,3,4,0,Yes,1
STU09899,8.76,88.15,87.16,1,1,5,0,1,0,No,1
STU09900,6.37,57.4,45.87,1,2,0,2,2,0,No,0
STU09901,5.48,56.87,47.4,0,0,1,4,1,0,Yes,0
STU09902,7.29,71.16,70.06,0,0,0,0,1,0,No,0
STU09903,8.24,88.84,91.55,1,1,7,1,2,0,No,1
STU09904,7.42,71.79,80.48,1,2,2,3,1,0,Yes,1
STU09905,6.89,52.32,61.48,1,2,5,3,4,0,No,1
STU09906,5.33,47.05,40.5,1,1,2,0,4,0,No,1
STU09907,6.93,67.95,59.04,1,1,1,0,0,0,No,1
STU09908,8.42,85.99,80.32,1,2,2,6,3,0,Yes,1
STU09909,5.58,51.0,54.81,0,0,0,3,1,2,No,0
STU09910,6.72,60.23,62.75,0,0,2,1,2,0,No,0
STU09911,6.55,58.88,60.93,0,0,1,3,5,0,Yes,1
STU09912,6.2,49.22,57.85,1,2,5,2,3,0,Yes,0
STU09913,7.29,60.32,63.33,1,2,2,3,5,0,Yes,1
STU09914,7.51,74.89,68.28,0,0,2,1,3,0,Yes,1
STU09915,7.5,70.91,75.5,1,1,0,1,2,0,No,1
STU09916,5.88,59.04,44.89,2,5,6,1,2,0,No,0
STU09917,5.11,35.0,35.16,0,0,2,5,3,0,Yes,0
STU09918,7.3,74.29,63.05,2,4,9,7,5,0,Yes,1
STU09919,6.42,71.62,62.22,1,1,1,1,1,0,No,0
STU09920,9.11,87.35,83.21,2,3,3,3,1,0,Yes,1
STU09921,9.17,88.6,86.97,0,0,1,2,3,0,Yes,0
STU09922,9.29,91.49,79.74,3,11,6,2,1,0,Yes,1
STU09923,5.92,55.98,52.23,0,0,0,2,2,0,No,0
STU09924,7.65,75.11,72.94,1,1,6,2,5,0,No,1
STU09925,8.0,75.52,81.25,1,2,4,2,3,0,Yes,1
STU09926,7.87,84.03,74.24,1,2,4,1,1,0,No,1
STU09927,6.59,49.93,61.4,1,3,6,2,3,1,No,0
STU09928,8.47,90.45,79.29,1,3,4,1,2,0,Yes,1
STU09929,7.0,65.5,64.37,1,3,2,1,3,0,Yes,1
STU09930,7.15,70.18,65.53,1,1,4,0,1,2,No,1
STU09931,5.23,44.74,45.06,1,3,2,0,1,1,No,0
STU09932,7.74,87.24,77.33,1,1,4,2,2,1,Yes,1
STU09933,6.7,64.5,57.04,2,6,1,5,1,0,Yes,1
STU09934,7.53,73.97,72.18,2,5,4,8,2,0,Yes,0
STU09935,7.27,69.95,70.16,0,0,1,0,3,3,Yes,0
STU09936,7.21,70.19,71.13,3,8,4,2,2,0,Yes,1
STU09937,6.95,81.41,63.57,2,6,4,3,2,0,No,1
STU09938,7.9,72.63,72.21,1,3,1,2,2,0,No,1
STU09939,6.77,70.67,61.69,1,2,4,2,4,0,No,1
STU09940,5.33,51.76,49.38,0,0,1,4,3,0,Yes,0
STU09941,7.65,86.79,66.55,1,3,1,2,1,0,No,0
STU09942,6.07,58.24,43.54,0,0,2,1,2,0,Yes,0
STU09943,5.48,49.33,42.34,2,6,6,1,3,0,No,0
STU09944,5.82,58.16,47.88,1,2,1,1,4,1,No,0
STU09945,7.33,74.26,56.7,0,0,1,2,3,0,No,0
STU09946,6.89,70.57,66.49,2,6,3,4,3,1,Yes,1
STU09947,4.55,54.31,41.65,1,3,0,0,1,0,No,0
STU09948,6.56,61.44,43.78,1,1,2,0,1,2,No,0
STU09949,8.34,82.02,74.88,0,0,1,0,4,1,No,1
STU09950,6.48,55.92,54.97,1,2,3,0,2,0,No,0
STU09951,6.81,67.58,51.24,2,5,1,1,0,0,Yes,0
STU09952,8.2,78.0,86.09,0,0,3,4,2,0,No,0
STU09953,7.91,78.58,78.8,1,3,2,2,1,0,Yes,1
STU09954,8.18,77.27,84.14,0,0,3,2,5,0,No,0
STU09955,4.0,48.17,35.95,1,1,3,0,2,0,No,1
STU09956,8.99,83.55,87.53,1,2,2,1,1,1,No,0
STU09957,7.73,70.82,71.57,2,4,1,3,1,0,Yes,1
STU09958,9.83,83.0,85.51,1,3,2,0,1,0,No,1
STU09959,6.1,51.42,53.96,2,4,5,1,3,1,No,1
STU09960,4.97,43.89,43.35,2,3,3,1,1,0,Yes,0
STU09961,7.01,69.49,69.83,2,5,2,3,2,2,Yes,1
STU09962,6.68,61.74,60.54,1,1,3,2,2,0,No,1
STU09963,7.75,80.97,72.97,0,0,3,2,2,0,No,0
STU09964,8.24,86.31,85.66,1,2,3,2,2,0,No,1
STU09965,6.9,70.69,69.57,1,2,4,1,5,0,Yes,0
STU09966,6.72,51.92,60.89,1,3,4,3,3,0,Yes,1
STU09967,7.6,69.98,81.76,3,9,5,0,5,0,Yes,1
STU09968,6.71,66.41,58.67,0,0,0,3,2,0,No,0
STU09969,6.61,62.88,57.84,2,4,6,2,4,2,No,0
STU09970,8.19,89.09,80.26,2,3,2,1,3,0,Yes,1
STU09971,8.45,76.04,81.53,1,2,0,2,0,0,No,1
STU09972,8.25,80.86,78.85,2,5,4,2,2,0,No,1
STU09973,6.81,63.03,57.52,0,0,2,1,2,0,Yes,1
STU09974,4.54,46.72,36.76,0,0,1,7,3,0,Yes,1
STU09975,6.83,65.37,62.82,0,0,2,3,0,0,Yes,0
STU09976,6.13,57.97,59.35,0,0,3,2,1,1,No,1
STU09977,6.85,64.76,67.33,0,0,1,1,2,0,No,0
STU09978,6.23,64.6,55.7,0,0,4,3,2,0,Yes,0
STU09979,6.98,77.6,71.95,0,0,1,3,2,0,No,1
STU09980,5.8,45.11,48.93,1,3,1,0,2,0,Yes,1
STU09981,5.53,49.91,40.71,0,0,3,1,3,2,No,0
STU09982,8.41,89.78,79.89,1,2,0,2,2,0,Yes,1
STU09983,5.88,56.14,49.27,1,2,3,2,1,0,No,1
STU09984,7.0,65.4,61.77,1,2,1,1,4,0,No,1
STU09985,8.1,83.91,83.04,2,4,8,3,3,0,Yes,1
STU09986,8.05,72.5,84.62,1,3,2,1,3,0,No,1
STU09987,7.91,80.54,67.27,1,1,4,0,4,0,No,1
STU09988,7.35,64.41,69.3,0,0,1,3,2,0,No,0
STU09989,7.83,82.7,59.23,0,0,0,2,2,0,No,1
STU09990,8.58,79.39,82.54,1,1,4,0,4,1,No,1
STU09991,7.49,76.23,71.63,2,3,0,2,1,0,Yes,1
STU09992,4.89,48.41,54.15,1,1,2,0,4,0,No,1
STU09993,6.39,59.02,64.43,3,9,3,0,1,0,No,1
STU09994,7.8,75.51,81.89,2,4,4,1,2,0,No,1
STU09995,6.28,55.73,48.23,2,4,3,1,2,0,No,1
STU09996,8.86,94.66,78.46,1,1,2,2,3,1,No,1
STU09997,6.93,64.09,57.06,3,12,4,1,1,0,No,0
STU09998,7.1,69.56,75.59,1,2,3,2,2,0,No,0
STU09999,8.29,80.78,75.65,1,2,2,4,2,0,Yes,1
STU10000,6.79,70.62,59.18,0,0,2,3,0,0,No,0
STU10001,7.2,71.44,62.57,2,6,6,4,1,0,Yes,1
STU10002,8.03,77.28,71.31,0,0,0,3,2,0,No,0
STU10003,5.31,48.27,47.22,0,0,3,0,2,0,No,1
STU10004,6.67,61.13,60.49,1,2,6,2,2,0,Yes,1
STU10005,7.95,89.42,64.71,0,0,3,3,2,0,Yes,0
STU10006,7.08,68.8,58.26,1,3,2,1,3,0,No,1
STU10007,8.69,78.42,85.24,3,9,8,5,1,0,No,1
STU10008,5.19,50.66,44.24,1,1,4,1,1,0,Yes,1
STU10009,5.06,57.82,41.7,0,0,1,0,3,1,Yes,0
STU10010,7.89,87.48,80.94,0,0,0,2,4,0,No,0
STU10011,8.0,74.87,69.83,1,3,2,4,1,0,Yes,1
STU10012,6.78,62.66,57.7,0,0,2,2,3,0,Yes,1
STU10013,7.46,74.65,74.94,0,0,0,0,1,0,Yes,1
STU10014,7.86,79.81,73.02,0,0,1,1,2,0,No,0
STU10015,6.06,56.7,53.29,0,0,1,1,2,0,Yes,0
STU10016,6.19,53.8,45.98,2,4,2,1,4,1,Yes,1
STU10017,7.22,65.77,63.32,0,0,0,3,3,0,Yes,0
STU10018,8.04,87.63,68.22,1,1,1,2,1,0,No,1
STU10019,5.66,43.83,35.23,2,5,4,3,1,0,No,0
STU10020,6.77,59.38,58.34,0,0,0,0,1,0,No,0
STU10021,6.72,56.5,62.98,0,0,2,3,3,0,Yes,1
STU10022,7.48,78.78,71.41,0,0,2,2,3,1,Yes,1
STU10023,6.99,68.31,71.64,3,6,4,5,1,0,Yes,1
STU10024,6.37,63.56,52.9,0,0,0,5,2,0,Yes,1
STU10025,8.44,80.5,69.49,1,2,2,3,1,0,No,1
STU10026,6.38,50.85,57.43,1,1,3,2,3,1,Yes,0
STU10027,6.66,59.81,53.0,1,2,3,2,4,0,Yes,0
STU10028,5.17,46.51,45.36,2,6,2,3,3,0,Yes,1
STU10029,6.18,57.04,39.07,0,0,1,5,1,1,Yes,0
STU10030,7.59,66.56,72.01,0,0,0,0,1,0,No,0
STU10031,7.37,76.35,74.69,1,1,3,0,4,0,No,1
STU10032,7.69,72.65,78.5,0,0,0,3,3,0,Yes,0
STU10033,7.63,73.35,72.73,2,4,4,1,2,1,No,0
STU10034,9.4,96.21,85.86,1,2,2,3,0,0,No,1
STU10035,6.14,42.22,49.34,0,0,3,1,2,0,No,0
STU10036,5.14,49.39,42.66,0,0,3,2,3,0,Yes,0
STU10037,5.79,53.6,52.45,1,1,1,2,2,0,No,0
STU10038,6.19,50.99,48.4,2,6,2,0,1,0,No,1
STU10039,5.88,49.91,45.68,0,0,1,3,1,0,Yes,0
STU10040,7.11,76.9,57.1,0,0,3,0,1,2,Yes,1
STU10041,8.44,97.04,86.14,1,3,5,3,2,0,Yes,1
STU10042,8.77,93.52,82.21,1,2,4,1,1,0,No,1
STU10043,7.58,87.82,65.93,2,6,2,2,2,0,Yes,1
STU10044,9.46,85.13,91.21,1,3,1,2,1,0,No,1
STU10045,6.59,51.87,57.74,0,0,1,4,1,0,Yes,0
STU10046,5.12,47.08,39.61,1,3,3,0,3,2,Yes,0
STU10047,8.21,88.22,85.42,2,3,4,4,2,0,Yes,1
STU10048,4.89,35.35,41.11,0,0,4,1,3,0,Yes,1
STU10049,6.13,49.65,42.47,1,1,2,0,2,3,No,0
STU10050,7.6,71.81,79.13,0,0,3,2,2,0,Yes,1
STU10051,6.88,68.07,57.56,0,0,3,3,1,0,No,1
STU10052,6.78,65.67,79.1,0,0,5,1,2,0,No,1
STU10053,5.64,45.81,44.46,2,3,6,2,2,0,Yes,1
STU10054,6.99,68.7,52.21,2,5,3,1,2,0,No,0
STU10055,8.15,76.03,90.1,1,2,4,0,1,0,No,1
STU10056,7.02,65.72,64.62,1,1,3,3,1,0,No,0
STU10057,6.05,46.56,52.36,1,3,7,1,0,0,Yes,0
STU10058,5.57,49.01,48.88,0,0,1,3,3,0,Yes,1
STU10059,6.07,49.65,42.96,0,0,1,4,1,0,Yes,0
STU10060,7.45,78.82,58.35,0,0,2,4,1,1,No,0
STU10061,7.4,73.71,82.27,1,1,3,3,1,1,No,1
STU10062,6.08,53.21,41.87,1,1,1,0,1,0,Yes,1
STU10063,4.46,56.21,52.1,0,0,1,2,2,0,Yes,1
STU10064,7.48,77.45,74.98,1,3,2,2,2,0,Yes,1
STU10065,5.97,51.21,51.15,2,6,1,1,1,0,No,1
STU10066,7.79,75.71,73.08,1,2,3,2,3,0,Yes,1
STU10067,6.13,48.1,65.72,1,3,1,0,3,0,No,0
STU10068,5.86,52.01,44.92,0,0,2,1,3,0,No,0
STU10069,7.18,72.44,63.28,0,0,1,3,3,0,No,1
STU10070,9.71,78.07,90.27,0,0,0,1,4,1,No,0
STU10071,7.86,71.79,72.61,0,0,0,1,2,0,Yes,1
STU10072,7.16,67.21,60.91,1,2,1,0,3,0,No,1
STU10073,7.41,67.52,70.44,2,3,3,1,2,0,No,1
STU10074,4.99,47.09,47.63,0,0,1,6,0,0,Yes,0
STU10075,5.71,52.1,58.96,0,0,0,3,1,0,No,0
STU10076,4.11,44.57,54.49,0,0,1,3,2,0,No,1
STU10077,8.99,91.34,73.98,0,0,0,0,3,0,Yes,1
STU10078,8.76,83.56,90.0,1,1,1,1,1,0,Yes,0
STU10079,7.45,74.41,65.46,1,2,4,1,3,0,Yes,1
STU10080,7.16,64.27,61.37,1,3,1,2,3,0,Yes,1
STU10081,5.22,49.52,41.26,0,0,1,1,2,0,No,0
STU10082,6.75,64.25,56.86,2,3,4,2,3,0,No,1
STU10083,9.06,81.1,78.55,0,0,0,4,2,0,Yes,1
STU10084,7.15,69.28,52.95,0,0,0,1,2,2,No,0
STU10085,6.35,57.67,63.26,3,11,2,1,2,1,No,1
STU10086,4.98,48.49,48.89,2,5,1,6,4,0,Yes,1
STU10087,8.59,88.03,82.71,0,0,1,1,3,0,Yes,0
STU10088,6.92,62.19,57.4,1,1,2,1,3,0,Yes,1
STU10089,4.98,51.39,50.92,1,2,4,2,3,0,Yes,1
STU10090,5.94,56.24,49.41,3,12,4,2,3,0,No,1
STU10091,5.53,45.34,42.93,0,0,1,4,3,1,Yes,0
STU10092,6.85,58.56,52.24,0,0,3,3,2,0,Yes,1
STU10093,7.24,67.69,71.51,1,1,2,3,0,1,Yes,0
STU10094,6.42,50.1,53.62,0,0,1,1,3,0,Yes,1
STU10095,7.89,81.64,78.65,2,4,5,4,4,0,Yes,1
STU10096,7.09,76.44,67.04,0,0,4,4,2,0,Yes,1
STU10097,8.22,92.02,84.0,2,3,0,1,2,0,Yes,1
STU10098,6.59,54.8,59.33,0,0,0,1,2,0,No,0
STU10099,10.0,94.61,84.76,1,2,0,1,3,0,Yes,1
STU10100,6.35,58.41,57.93,0,0,3,1,2,1,Yes,0
STU10101,5.96,38.98,55.76,0,0,1,1,0,0,Yes,0
STU10102,5.82,50.0,57.97,0,0,1,4,1,0,Yes,1
STU10103,6.76,61.29,53.93,1,1,1,0,2,0,No,0
STU10104,5.02,54.24,50.34,0,0,2,4,3,2,Yes,0
STU10105,7.34,67.82,60.21,0,0,1,3,4,0,No,1
STU10106,4.81,49.61,49.02,2,3,3,0,1,0,No,1
STU10107,7.19,70.09,63.89,0,0,1,2,3,0,No,1
STU10108,5.45,40.42,50.85,0,0,1,3,3,2,Yes,0
STU10109,6.56,57.61,66.58,1,2,1,4,3,2,Yes,0
STU10110,7.7,87.27,76.16,0,0,3,2,1,1,No,0
STU10111,9.65,88.46,86.22,1,3,2,6,2,0,Yes,1
STU10112,5.76,56.86,47.84,1,3,1,1,2,1,No,1
STU10113,6.83,70.24,59.31,2,6,1,2,1,0,Yes,1
STU10114,6.17,52.97,59.41,0,0,2,1,1,0,Yes,0
STU10115,6.0,46.0,50.05,1,1,1,2,2,2,Yes,0
STU10116,6.18,48.85,39.71,2,4,2,7,2,0,Yes,1
STU10117,7.95,89.71,83.3,1,1,5,5,3,1,Yes,1
STU10118,6.44,60.05,61.13,0,0,2,2,5,0,Yes,1
STU10119,9.59,79.03,86.69,0,0,1,2,2,1,No,0
STU10120,7.48,80.08,67.35,1,3,5,3,1,0,Yes,1
STU10121,5.84,41.44,42.2,1,3,3,3,4,0,No,1
STU10122,6.58,56.2,53.45,0,0,0,2,2,0,Yes,1
STU10123,6.08,55.04,52.74,2,4,5,4,2,0,Yes,1
STU10124,7.92,95.85,66.66,0,0,2,2,0,0,No,1
STU10125,5.12,52.25,46.9,3,12,8,1,1,0,Yes,1
STU10126,5.46,46.29,46.62,1,1,3,1,1,1,No,0
STU10127,6.32,57.66,62.21,1,3,5,6,1,1,Yes,1
STU10128,7.79,84.65,80.34,1,1,2,3,1,0,No,0
STU10129,8.42,93.61,77.74,0,0,1,3,5,0,Yes,1
STU10130,8.59,84.64,72.98,0,0,1,3,4,0,Yes,1
STU10131,7.61,75.56,68.94,2,4,6,1,1,0,No,1
STU10132,6.9,61.33,71.6,2,5,2,0,2,0,No,1
STU10133,7.91,84.64,79.42,0,0,1,0,1,1,Yes,1
STU10134,5.68,56.93,51.36,2,4,4,1,0,0,No,1
STU10135,4.88,35.0,39.68,0,0,2,2,3,0,Yes,0
STU10136,7.5,73.05,75.33,1,1,4,4,3,0,Yes,1
STU10137,5.84,44.93,40.09,2,3,3,1,4,2,No,1
STU10138,6.92,67.5,69.21,0,0,2,1,4,0,Yes,0
STU10139,7.14,62.61,60.11,0,0,0,4,5,0,Yes,0
STU10140,7.29,64.39,57.46,1,1,2,2,1,0,No,1
STU10141,8.08,89.0,92.83,1,3,0,1,1,0,Yes,1
STU10142,7.96,80.11,78.91,1,3,3,2,3,0,No,0
STU10143,7.22,70.96,68.96,1,2,0,2,2,0,Yes,0
STU10144,6.49,62.54,45.73,2,3,2,3,1,0,Yes,0
STU10145,7.12,75.67,70.58,0,0,0,1,3,0,No,0
STU10146,6.31,54.91,59.73,3,7,7,3,2,1,No,1
STU10147,6.77,61.85,60.03,0,0,3,1,1,0,No,0
STU10148,10.0,87.54,92.23,2,6,4,6,4,1,No,1
STU10149,7.21,77.59,75.13,2,3,3,5,3,0,Yes,1
STU10150,7.52,75.22,75.79,2,6,5,0,2,0,No,1
STU10151,6.19,54.13,39.88,2,4,2,2,5,0,No,0
STU10152,8.17,85.4,73.14,0,0,1,1,1,0,No,1
STU10153,7.87,91.14,87.27,1,1,4,0,0,0,Yes,1
STU10154,7.88,80.72,77.77,0,0,6,1,1,0,No,1
STU10155,7.25,70.09,69.23,0,0,1,2,3,0,Yes,1
STU10156,8.19,94.86,75.21,1,2,5,3,2,2,Yes,1
STU10157,8.46,93.36,78.55,1,2,3,1,0,2,No,0
STU10158,7.33,79.98,77.03,1,1,3,1,3,1,No,1
STU10159,6.87,62.71,71.71,1,2,2,1,2,0,No,1
STU10160,8.03,78.21,83.59,0,0,5,0,0,0,No,1
STU10161,5.96,42.33,53.64,0,0,2,2,3,0,Yes,0
STU10162,6.17,61.53,56.5,2,5,3,1,2,1,No,0
STU10163,6.94,67.34,63.46,1,2,0,3,0,0,No,1
STU10164,5.0,36.05,36.64,1,3,1,2,5,0,No,0
STU10165,7.95,88.24,69.51,0,0,1,3,1,0,Yes,1
STU10166,5.89,50.69,57.6,2,4,4,2,2,0,No,1
STU10167,6.46,58.11,56.2,0,0,1,3,1,0,No,0
STU10168,6.75,54.85,63.79,2,4,3,5,1,0,Yes,1
STU10169,7.05,71.58,66.89,1,3,2,1,4,0,Yes,0
STU10170,6.6,64.57,60.13,1,1,2,3,2,1,No,1
STU10171,6.92,66.26,65.62,0,0,6,1,1,0,No,0
STU10172,6.93,64.22,67.92,0,0,2,4,2,0,Yes,1
STU10173,6.49,75.63,52.27,0,0,2,1,5,0,Yes,0
STU10174,6.11,47.73,59.05,1,1,1,4,4,0,Yes,1
STU10175,8.24,79.36,76.26,1,3,1,3,3,0,Yes,0
STU10176,4.58,50.06,44.25,1,2,2,0,1,0,Yes,0
STU10177,6.76,57.95,53.94,2,4,6,2,3,0,Yes,0
STU10178,6.46,52.92,55.45,0,0,2,3,1,0,Yes,0
STU10179,7.48,81.91,68.16,2,5,4,1,1,2,No,0
STU10180,5.33,52.0,45.52,1,2,4,1,3,0,No,0
STU10181,6.43,61.88,60.39,0,0,2,2,2,2,Yes,0
STU10182,6.88,67.02,63.39,1,2,3,4,1,0,Yes,1
STU10183,8.23,79.41,92.33,1,1,0,4,2,0,Yes,0
STU10184,7.38,72.18,75.47,2,3,8,2,1,0,No,1
STU10185,5.64,49.97,46.07,0,0,1,0,2,0,No,0
STU10186,6.44,64.23,55.63,1,1,1,4,2,0,Yes,0
STU10187,8.02,84.26,80.97,1,2,5,3,2,0,Yes,1
STU10188,5.62,44.7,51.5,3,8,4,2,0,0,No,1
STU10189,6.91,71.12,55.97,0,0,3,0,3,0,No,0
STU10190,6.99,57.59,68.48,1,3,3,1,3,0,No,0
STU10191,6.56,58.94,50.61,0,0,2,2,1,1,No,0
STU10192,10.0,83.04,90.13,0,0,3,1,3,0,No,1
STU10193,6.53,55.25,63.99,1,2,1,3,2,0,Yes,0
STU10194,7.52,87.17,74.41,0,0,0,1,4,0,No,0
STU10195,6.12,46.21,38.08,1,3,2,1,3,0,Yes,0
STU10196,7.61,71.91,63.14,0,0,1,2,2,0,No,0
STU10197,8.0,84.63,81.94,2,6,1,1,4,1,Yes,0
STU10198,6.32,54.71,39.81,2,5,5,2,2,0,No,1
STU10199,6.94,67.78,67.51,0,0,0,2,1,0,Yes,0
STU10200,5.97,62.03,56.36,0,0,1,3,3,0,Yes,0
STU10201,5.68,54.71,54.59,1,2,1,1,1,0,No,0
STU10202,8.19,80.41,78.78,1,3,3,1,2,0,No,1
STU10203,6.36,57.33,57.77,1,3,5,2,4,0,No,0
STU10204,4.22,48.56,43.63,0,0,2,3,3,0,Yes,0
STU10205,9.03,91.98,76.33,1,2,2,0,0,2,Yes,1
STU10206,6.08,54.67,56.02,0,0,1,0,5,2,Yes,0
STU10207,6.72,65.4,68.58,0,0,2,3,3,0,No,0
STU10208,8.89,89.85,88.81,0,0,2,2,2,0,Yes,1
STU10209,6.84,64.7,59.23,1,2,1,2,1,0,No,0
STU10210,6.81,61.29,66.36,2,4,5,2,3,2,No,1
STU10211,5.59,54.48,54.81,0,0,1,1,1,0,No,0
STU10212,5.12,49.13,51.38,0,0,3,3,2,0,Yes,1
STU10213,6.81,52.36,68.0,0,0,2,2,1,1,Yes,1
STU10214,7.42,69.2,61.61,1,1,1,1,1,0,No,1
STU10215,7.35,70.35,72.62,0,0,1,5,2,2,Yes,0
STU10216,6.45,58.06,60.14,2,4,6,2,1,1,No,1
STU10217,7.02,75.51,71.52,1,3,5,2,1,0,Yes,1
STU10218,4.89,65.71,46.59,1,3,2,3,1,0,Yes,1
STU10219,7.53,61.06,82.13,0,0,2,1,1,0,No,0
STU10220,7.19,72.55,56.75,1,1,4,2,2,0,No,0
STU10221,9.27,89.3,89.23,0,0,1,2,3,0,Yes,1
STU10222,7.01,66.91,67.86,1,1,3,0,1,0,No,0
STU10223,5.92,56.17,55.33,0,0,0,2,1,1,No,0
STU10224,6.94,67.83,73.19,0,0,0,5,2,0,Yes,0
STU10225,6.62,59.67,53.51,0,0,4,1,2,1,No,0
STU10226,7.5,75.57,81.45,1,2,5,0,3,0,Yes,1
STU10227,7.03,71.73,70.28,2,5,3,2,2,2,No,1
STU10228,5.55,52.59,45.7,3,7,3,0,0,0,No,1
STU10229,5.12,48.5,38.92,1,3,5,0,2,0,No,0
STU10230,7.3,69.05,70.73,2,3,5,2,2,0,Yes,1
STU10231,8.59,100.0,84.87,0,0,0,0,1,0,No,0
STU10232,7.09,71.51,68.4,2,6,3,2,3,1,Yes,1
STU10233,7.94,85.44,74.11,0,0,4,0,1,0,No,0
STU10234,8.16,79.94,83.64,1,2,0,2,2,0,Yes,1
STU10235,7.31,73.73,67.16,0,0,2,2,2,0,No,1
STU10236,6.06,55.49,58.7,1,1,5,3,2,1,No,1
STU10237,7.22,59.86,78.59,1,3,3,0,4,0,Yes,1
STU10238,8.39,80.58,77.0,2,3,3,1,2,2,No,1
STU10239,7.61,72.46,74.23,0,0,1,1,1,0,No,0
STU10240,7.86,76.36,82.8,2,6,4,1,2,0,Yes,0
STU10241,6.47,53.15,58.23,0,0,1,1,2,0,No,0
STU10242,6.77,64.39,53.01,0,0,2,5,2,1,Yes,0
STU10243,6.86,74.02,67.83,0,0,3,1,1,0,No,1
STU10244,6.94,67.7,60.28,0,0,1,4,0,0,Yes,0
STU10245,8.34,77.47,82.76,1,3,2,2,3,0,Yes,1
STU10246,4.3,39.26,36.48,0,0,2,3,2,0,No,1
STU10247,7.04,66.2,70.23,1,2,4,2,1,0,No,1
STU10248,6.91,57.87,60.84,2,3,7,1,2,0,Yes,0
STU10249,5.42,50.79,51.36,1,2,1,2,3,0,Yes,0
STU10250,7.77,87.12,74.71,1,2,4,2,2,0,Yes,1
STU10251,6.17,52.19,49.76,1,2,1,3,4,0,No,0
STU10252,6.59,61.79,60.81,0,0,1,5,5,0,Yes,0
STU10253,9.13,85.93,79.06,1,3,2,2,2,2,Yes,1
STU10254,8.16,79.18,90.75,1,3,6,3,3,0,Yes,1
STU10255,7.66,78.78,75.76,0,0,0,0,3,1,No,0
STU10256,7.44,70.48,68.06,1,3,0,5,0,0,Yes,0
STU10257,6.81,60.05,59.5,1,3,5,5,4,0,Yes,1
STU10258,9.3,79.25,86.07,2,6,4,2,2,0,No,1
STU10259,7.92,81.14,83.72,2,3,6,5,2,0,Yes,1
STU10260,6.14,61.69,46.92,1,3,3,0,2,0,No,1
STU10261,5.39,52.98,43.53,2,6,3,1,2,0,No,0
STU10262,7.65,86.47,74.23,1,1,1,1,4,0,Yes,0
STU10263,6.94,62.78,73.08,2,3,2,0,1,0,No,1
STU10264,5.36,53.63,51.52,1,2,1,0,2,0,No,0
STU10265,7.49,68.7,81.86,0,0,1,2,1,0,No,1
STU10266,6.69,67.08,60.01,2,5,2,0,1,0,No,1
STU10267,7.61,86.75,82.48,2,3,2,2,1,0,Yes,1
STU10268,7.51,78.5,80.12,1,3,2,1,2,0,Yes,1
STU10269,6.3,67.26,58.47,1,2,5,4,3,0,Yes,1
STU10270,7.73,74.88,80.13,2,3,5,1,3,0,No,1
STU10271,6.43,58.2,52.44,0,0,2,2,1,0,Yes,0
STU10272,6.5,54.6,68.07,2,4,8,4,3,0,Yes,1
STU10273,6.39,58.71,54.03,0,0,1,3,1,0,Yes,0
STU10274,8.3,85.83,84.57,2,6,5,4,2,0,Yes,0
STU10275,6.68,62.8,63.7,0,0,1,5,3,0,Yes,1
STU10276,8.58,83.23,74.85,1,1,2,3,2,0,Yes,1
STU10277,9.05,85.31,84.95,2,5,4,4,2,2,No,1
STU10278,6.15,57.51,53.65,0,0,2,2,3,0,Yes,0
STU10279,4.0,44.17,41.44,2,3,6,0,2,0,No,0
STU10280,8.2,76.38,80.05,1,1,2,0,1,0,No,0
STU10281,6.61,50.22,67.56,0,0,1,3,3,0,Yes,1
STU10282,6.0,50.18,45.79,1,2,5,1,2,0,No,0
STU10283,6.32,49.23,46.91,0,0,1,0,2,1,No,0
STU10284,6.52,55.35,53.84,2,4,4,0,1,1,No,0
STU10285,8.49,83.06,87.07,1,3,2,3,2,0,No,1
STU10286,7.18,69.82,72.75,2,3,3,1,2,0,Yes,1
STU10287,8.48,81.5,86.13,1,3,4,3,2,0,Yes,1
STU10288,7.57,89.52,78.84,2,6,2,4,3,0,Yes,1
STU10289,6.64,54.61,60.71,1,3,1,1,3,0,No,0
STU10290,6.55,68.03,54.67,0,0,1,3,2,0,No,1
STU10291,7.65,76.46,68.77,0,0,1,1,4,0,No,1
STU10292,7.94,77.01,70.38,0,0,0,3,5,0,No,0
STU10293,8.15,86.35,78.46,2,6,2,5,2,0,Yes,1
STU10294,6.7,60.25,64.7,3,11,7,2,2,0,No,1
STU10295,7.2,66.12,69.38,0,0,4,0,2,2,Yes,1
STU10296,7.67,88.55,74.95,0,0,2,3,2,0,Yes,1
STU10297,6.56,47.71,51.55,0,0,2,2,5,3,Yes,1
STU10298,5.69,49.39,63.33,1,1,0,1,3,0,Yes,0
STU10299,6.07,55.64,46.55,1,3,3,1,1,0,No,1
STU10300,6.72,71.8,61.08,3,10,6,1,1,1,Yes,1
STU10301,7.76,76.47,81.88,0,0,0,1,2,0,No,0
STU10302,8.45,100.0,82.55,1,3,3,2,1,0,Yes,1
STU10303,5.44,53.63,41.23,2,6,4,2,1,0,No,1
STU10304,6.31,43.19,59.24,0,0,3,2,1,0,Yes,0
STU10305,6.59,52.6,50.28,2,3,3,4,1,3,Yes,1
STU10306,7.91,82.08,88.11,1,1,2,0,2,0,No,1
STU10307,6.39,51.71,57.27,2,3,2,2,3,0,Yes,1
STU10308,6.51,63.43,55.62,3,10,7,1,2,0,Yes,1
STU10309,5.38,45.93,37.16,1,2,3,2,1,0,Yes,1
STU10310,7.56,69.02,66.29,1,1,0,1,2,0,No,1
STU10311,6.81,59.17,61.64,3,12,9,3,2,0,Yes,1
STU10312,6.25,61.72,64.97,2,3,4,1,0,0,No,0
STU10313,6.7,50.88,61.42,1,2,1,1,2,0,No,0
STU10314,8.3,90.43,83.24,0,0,2,2,2,0,Yes,1
STU10315,5.84,58.67,51.54,0,0,0,1,2,0,Yes,0
STU10316,6.03,52.05,65.23,2,6,4,1,2,0,No,1
STU10317,8.44,76.83,79.61,0,0,2,2,4,2,No,1
STU10318,7.09,72.61,75.67,2,5,1,0,2,0,No,1
STU10319,7.77,76.04,73.57,1,1,0,1,3,0,No,1
STU10320,7.46,65.75,67.62,2,5,1,4,0,0,No,1
STU10321,6.96,78.69,63.76,1,3,1,2,1,0,No,0
STU10322,6.6,56.18,57.98,0,0,3,2,3,0,Yes,1
STU10323,7.96,72.26,81.47,3,11,8,3,3,0,Yes,1
STU10324,8.34,86.21,67.56,1,1,0,3,1,0,Yes,1
STU10325,8.25,83.31,81.61,1,3,2,4,3,0,Yes,1
STU10326,5.64,59.33,43.82,2,5,6,3,2,0,Yes,1
STU10327,8.5,83.37,78.31,1,2,0,0,5,0,No,1
STU10328,6.59,59.09,50.54,0,0,1,0,2,0,No,0
STU10329,6.13,57.22,50.02,0,0,0,3,1,0,Yes,0
STU10330,6.81,66.0,58.7,1,3,2,1,2,0,Yes,1
STU10331,7.96,82.46,75.52,2,5,2,1,4,0,No,1
STU10332,7.62,78.66,64.2,1,1,2,2,0,0,No,0
STU10333,6.71,64.09,60.69,1,1,3,1,2,0,No,1
STU10334,7.96,78.64,73.39,1,2,5,1,2,0,No,1
STU10335,7.16,75.37,57.56,0,0,1,1,3,0,No,0
STU10336,6.34,55.62,51.49,1,1,1,2,2,0,Yes,0
STU10337,6.19,60.67,48.2,2,6,5,0,1,0,No,1
STU10338,7.47,83.31,72.23,0,0,0,1,0,0,No,1
STU10339,6.91,62.26,59.96,1,3,3,1,1,0,No,1
STU10340,5.42,63.35,37.23,1,2,3,0,5,0,No,0
STU10341,7.97,77.0,72.95,1,2,4,3,3,0,Yes,1
STU10342,6.45,55.04,45.92,2,6,4,8,3,0,Yes,1
STU10343,8.83,90.67,91.25,2,4,3,0,1,1,No,1
STU10344,5.39,51.37,53.5,2,4,4,1,1,0,No,1
STU10345,6.79,64.97,70.06,1,3,4,3,1,0,Yes,1
STU10346,6.2,60.85,49.4,0,0,2,1,2,0,No,0
STU10347,5.88,54.1,57.37,1,1,0,1,3,0,No,1
STU10348,6.44,71.56,58.61,2,6,2,1,2,0,No,1
STU10349,9.04,87.87,80.26,0,0,0,4,3,0,No,1
STU10350,7.16,65.29,63.65,1,3,2,3,1,0,No,0
STU10351,6.09,51.39,50.66,1,2,0,2,1,1,Yes,0
STU10352,4.9,49.36,44.14,1,2,2,2,3,0,Yes,1
STU10353,5.02,49.88,46.14,2,4,8,5,1,0,Yes,0
STU10354,6.38,59.67,55.42,2,6,5,0,1,0,No,1
STU10355,6.27,51.77,51.77,0,0,2,1,1,0,No,0
STU10356,6.74,70.35,68.81,0,0,3,4,1,0,No,0
STU10357,4.39,57.15,41.85,0,0,2,2,2,0,No,0
STU10358,6.89,66.32,62.12,2,6,0,0,1,0,No,1
STU10359,8.18,94.01,78.85,0,0,2,0,2,0,No,1
STU10360,8.87,92.79,83.91,1,2,0,0,3,0,Yes,0
STU10361,4.82,59.57,35.08,0,0,0,3,1,0,Yes,0
STU10362,6.08,57.4,45.55,1,3,3,0,4,1,No,0
STU10363,6.02,54.7,65.56,1,2,1,1,1,0,Yes,0
STU10364,7.17,75.51,57.55,0,0,0,1,2,0,No,0
STU10365,5.6,47.5,48.73,1,3,1,2,3,2,Yes,0
STU10366,8.93,90.27,86.89,1,3,3,2,3,0,Yes,1
STU10367,7.05,76.69,71.78,1,2,1,4,2,0,Yes,1
STU10368,6.86,70.48,64.76,3,6,6,4,2,0,Yes,1
STU10369,8.83,87.25,95.78,0,0,1,2,2,1,No,1
STU10370,6.98,68.75,65.99,3,8,3,2,3,0,Yes,1
STU10371,7.46,79.37,79.91,2,6,3,3,1,2,Yes,1
STU10372,6.14,59.61,58.5,0,0,5,1,1,0,No,0
STU10373,5.42,53.46,55.21,0,0,1,3,0,0,No,0
STU10374,6.3,59.29,54.4,0,0,1,2,3,0,No,0
STU10375,9.52,84.4,88.73,1,2,3,2,2,0,Yes,1
STU10376,7.73,74.49,73.26,0,0,1,1,0,0,No,1
STU10377,7.32,75.5,70.69,0,0,1,1,2,0,Yes,1
STU10378,5.88,57.56,50.86,1,1,4,0,3,0,No,1
STU10379,8.05,86.2,66.53,2,6,2,1,4,0,No,0
STU10380,5.44,45.01,45.2,1,2,1,0,3,0,No,0
STU10381,5.2,46.82,50.06,1,2,3,2,3,0,Yes,0
STU10382,6.36,51.0,46.94,1,1,3,0,2,1,No,0
STU10383,9.25,80.48,79.91,1,1,3,3,2,0,Yes,1
STU10384,9.18,89.15,92.59,2,5,5,1,3,0,Yes,1
STU10385,6.48,67.93,64.84,1,1,4,2,1,1,No,1
STU10386,6.22,56.91,49.59,1,2,2,2,3,0,Yes,1
STU10387,5.11,58.8,45.39,1,1,6,2,2,1,Yes,1
STU10388,7.09,68.32,65.84,0,0,1,3,3,0,Yes,1
STU10389,7.19,70.93,74.8,1,3,3,3,1,0,Yes,1
STU10390,7.91,74.63,74.37,3,12,5,1,3,0,No,0
STU10391,8.05,79.89,76.71,2,4,3,1,5,0,Yes,1
STU10392,6.77,57.06,69.25,0,0,0,1,2,1,No,0
STU10393,7.64,68.07,68.32,0,0,0,2,1,0,No,0
STU10394,6.19,48.9,49.95,0,0,2,5,1,0,Yes,0
STU10395,7.62,77.49,74.77,2,3,5,5,4,0,Yes,1
STU10396,6.42,54.45,65.01,1,1,3,3,2,0,Yes,1
STU10397,7.53,72.8,65.64,2,3,2,5,4,0,Yes,1
STU10398,7.44,76.87,67.15,0,0,1,3,2,0,Yes,0
STU10399,7.08,59.83,69.68,1,3,5,1,2,0,Yes,1
STU10400,7.91,81.14,82.13,1,2,1,0,3,0,No,0
STU10401,5.19,52.79,45.97,1,3,5,2,1,0,Yes,1
STU10402,5.78,57.15,47.85,2,4,8,0,3,0,No,0
STU10403,6.69,65.91,60.59,2,5,6,0,2,0,No,0
STU10404,5.34,48.13,36.4,0,0,1,1,4,0,No,1
STU10405,6.53,56.79,58.14,2,6,4,4,1,0,Yes,0
STU10406,6.57,60.53,66.92,3,9,3,1,1,0,No,1
STU10407,8.51,95.63,74.79,2,6,2,2,1,2,Yes,1
STU10408,7.16,72.05,62.71,0,0,1,1,2,0,No,0
STU10409,8.18,82.53,77.79,0,0,2,2,3,0,Yes,1
STU10410,7.35,76.54,68.15,0,0,1,0,3,0,No,0
STU10411,6.38,58.74,66.49,3,8,1,1,3,0,Yes,1
STU10412,7.15,71.62,61.67,1,3,6,0,1,0,No,1
STU10413,7.84,78.24,69.93,2,3,2,3,2,0,Yes,1
STU10414,8.37,82.27,86.38,2,6,5,3,3,0,Yes,1
STU10415,6.85,71.38,58.52,0,0,2,0,1,0,No,0
STU10416,5.11,35.6,49.03,0,0,1,6,2,0,Yes,1
STU10417,5.02,49.85,42.79,1,1,5,1,1,0,Yes,1
STU10418,6.62,59.01,61.62,0,0,1,1,3,1,No,0
STU10419,4.31,35.0,35.0,1,3,4,1,2,0,Yes,1
STU10420,9.06,82.46,88.04,0,0,2,3,3,1,Yes,1
STU10421,7.69,77.77,76.3,1,1,2,1,1,0,No,0
STU10422,6.27,57.46,52.32,2,6,5,1,3,0,Yes,0
STU10423,5.72,55.55,40.71,0,0,1,2,3,0,Yes,1
STU10424,8.18,88.01,81.46,0,0,1,0,2,1,No,0
STU10425,5.72,41.79,52.41,2,4,4,1,0,0,Yes,1
STU10426,5.83,54.35,45.9,1,1,2,1,2,0,No,1
STU10427,6.12,59.41,48.97,0,0,1,4,1,0,No,1
STU10428,7.13,71.26,71.71,1,1,3,4,1,0,Yes,1
STU10429,7.71,81.33,85.57,0,0,1,0,2,0,No,0
STU10430,8.37,73.15,87.39,0,0,0,4,1,0,Yes,1
STU10431,8.2,77.35,81.67,2,3,4,5,4,1,Yes,1
STU10432,7.0,76.05,63.4,0,0,0,1,2,0,Yes,1
STU10433,8.17,81.38,79.89,0,0,2,2,3,0,Yes,1
STU10434,6.23,69.71,45.42,0,0,0,2,1,1,No,0
STU10435,4.91,38.9,42.64,2,3,3,1,1,0,Yes,0
STU10436,6.23,65.75,60.08,0,0,2,5,3,0,Yes,1
STU10437,6.07,50.84,51.74,1,3,5,3,4,0,Yes,1
STU10438,6.27,62.07,50.15,0,0,3,4,3,0,Yes,1
STU10439,5.9,50.99,45.45,2,3,1,1,1,0,Yes,1
STU10440,6.47,60.31,56.42,2,5,6,3,2,0,Yes,1
STU10441,7.71,81.87,67.89,2,6,6,3,3,0,Yes,1
STU10442,8.97,84.26,79.49,2,4,6,0,0,0,No,1
STU10443,5.02,51.75,53.14,3,8,4,0,2,0,No,1
STU10444,5.52,47.99,40.37,1,1,1,3,3,2,Yes,0
STU10445,6.09,55.77,46.9,2,3,1,2,3,1,Yes,1
STU10446,7.88,64.37,78.99,2,4,4,3,2,0,Yes,1
STU10447,6.76,62.03,58.41,1,2,3,5,3,0,Yes,1
STU10448,6.17,63.23,53.18,0,0,0,4,4,2,Yes,0
STU10449,7.82,83.74,81.75,1,1,3,1,2,2,No,1
STU10450,8.1,87.72,70.12,2,3,7,2,2,0,Yes,1
STU10451,6.98,67.82,69.02,1,3,1,1,3,0,Yes,1
STU10452,6.06,64.43,47.87,1,3,5,2,3,0,Yes,0
STU10453,7.31,74.37,67.92,0,0,1,3,2,1,Yes,0
STU10454,6.73,59.59,72.08,0,0,1,3,4,0,Yes,1
STU10455,6.72,68.49,51.94,0,0,0,3,3,0,No,1
STU10456,6.41,64.34,59.35,1,2,2,2,5,0,No,1
STU10457,8.06,85.89,85.88,0,0,0,2,2,0,No,0
STU10458,7.29,69.93,65.24,0,0,3,2,5,3,Yes,0
STU10459,8.19,84.9,76.2,3,10,5,2,4,0,Yes,1
STU10460,8.54,94.21,80.64,2,5,3,1,2,0,No,1
STU10461,7.53,78.65,68.65,0,0,0,3,1,0,Yes,0
STU10462,6.42,50.01,56.28,0,0,4,3,3,0,Yes,0
STU10463,8.2,79.48,85.61,0,0,1,0,2,0,No,0
STU10464,7.54,71.87,70.74,0,0,3,1,1,1,No,1
STU10465,9.99,85.25,92.35,0,0,1,5,1,0,Yes,1
STU10466,7.36,60.64,78.71,0,0,0,2,2,0,No,0
STU10467,7.8,90.66,78.91,2,3,3,0,4,0,No,1
STU10468,7.33,67.74,73.15,0,0,0,2,3,0,Yes,1
STU10469,6.89,61.15,59.41,2,4,2,2,1,0,Yes,0
STU10470,6.7,51.38,44.3,2,5,4,0,1,0,No,0
STU10471,7.34,78.24,73.56,1,1,4,2,3,1,No,1
STU10472,7.6,76.18,78.5,0,0,0,3,3,0,No,0
STU10473,8.33,82.32,82.88,1,3,2,1,1,0,Yes,0
STU10474,7.36,71.5,75.74,2,6,6,2,3,2,Yes,1
STU10475,6.47,63.08,53.27,2,3,3,2,4,0,Yes,1
STU10476,6.62,58.97,61.97,0,0,2,2,2,0,Yes,1
STU10477,5.48,37.39,55.16,2,4,5,2,2,0,Yes,1
STU10478,8.91,80.01,88.76,1,1,0,2,2,0,No,1
STU10479,6.38,50.27,63.39,1,2,0,3,3,0,No,1
STU10480,8.11,84.16,87.6,0,0,2,2,4,0,Yes,1
STU10481,7.32,78.35,62.44,1,3,4,0,1,0,No,1
STU10482,7.35,81.99,74.51,1,2,2,2,2,0,No,1
STU10483,6.86,55.86,58.88,0,0,1,1,1,0,No,0
STU10484,6.09,58.47,45.1,3,10,2,2,0,1,Yes,1
STU10485,5.89,48.95,47.93,0,0,0,3,1,0,Yes,1
STU10486,8.99,100.0,95.55,0,0,1,2,0,0,No,0
STU10487,7.13,78.24,63.68,1,3,2,1,5,0,No,1
STU10488,8.29,94.35,70.59,0,0,3,1,2,0,No,0
STU10489,8.59,90.99,74.51,1,1,3,3,2,0,No,1
STU10490,6.53,62.74,60.31,1,2,5,0,2,0,No,1
STU10491,7.49,72.81,67.67,1,2,2,6,3,0,Yes,1
STU10492,7.05,65.13,53.47,1,2,1,2,4,0,No,0
STU10493,5.67,45.83,39.2,0,0,2,1,2,0,No,0
STU10494,6.79,68.16,62.46,0,0,1,2,2,0,Yes,1
STU10495,7.68,87.22,79.53,1,2,5,2,2,0,Yes,1
STU10496,6.43,56.85,53.32,2,4,4,0,1,0,Yes,0
STU10497,6.63,57.58,62.8,2,3,1,1,1,2,Yes,0
STU10498,6.8,55.81,67.2,0,0,3,2,2,0,No,0
STU10499,9.43,90.68,81.51,0,0,4,1,2,0,No,1
STU10500,4.89,53.89,42.79,0,0,1,5,2,0,Yes,0
STU10501,7.58,84.15,69.87,0,0,1,2,2,0,No,1
STU10502,6.71,71.4,63.36,1,3,1,2,1,1,Yes,0
STU10503,6.26,59.29,50.13,1,3,4,2,4,0,Yes,1
STU10504,6.68,63.23,52.41,1,2,2,1,2,0,Yes,0
STU10505,7.77,86.63,76.25,0,0,1,1,2,1,Yes,1
STU10506,7.83,73.0,83.32,0,0,1,0,2,0,No,1
STU10507,7.21,68.55,71.26,2,3,6,2,2,0,No,1
STU10508,8.26,94.1,86.88,1,1,0,1,3,2,No,1
STU10509,8.46,78.91,87.87,2,4,5,2,3,0,No,1
STU10510,7.94,80.7,78.16,0,0,0,0,1,0,No,1
STU10511,6.37,62.04,51.67,2,6,1,2,1,0,Yes,1
STU10512,7.57,76.87,68.15,2,4,3,1,3,0,Yes,1
STU10513,7.57,83.33,63.91,2,4,3,4,1,0,No,1
STU10514,6.06,63.54,58.52,0,0,1,1,1,1,No,0
STU10515,5.2,50.58,42.72,0,0,3,1,2,0,No,0
STU10516,4.67,54.3,35.0,3,9,4,3,0,0,Yes,1
STU10517,7.08,63.57,73.55,1,1,2,1,1,0,No,0
STU10518,7.34,72.15,70.66,2,4,3,0,2,0,No,0
STU10519,5.64,64.88,53.26,0,0,0,1,1,0,Yes,0
STU10520,8.2,94.98,78.75,1,1,1,5,3,0,Yes,0
STU10521,7.18,62.92,62.82,0,0,1,2,0,0,Yes,1
STU10522,8.55,85.86,85.61,2,6,5,0,3,0,Yes,1
STU10523,7.43,75.12,74.47,0,0,0,6,2,1,No,1
STU10524,5.77,54.03,46.85,1,2,5,7,2,0,Yes,1
STU10525,7.53,83.42,80.66,2,3,3,2,3,0,Yes,1
STU10526,7.77,90.0,81.64,2,6,3,3,5,1,Yes,1
STU10527,6.37,58.45,58.61,2,3,7,3,2,0,Yes,1
STU10528,5.34,55.19,38.8,0,0,0,0,5,0,No,1
STU10529,7.12,73.6,59.2,1,2,0,1,1,0,No,1
STU10530,5.85,52.15,56.47,0,0,1,3,1,0,Yes,0
STU10531,8.29,73.89,67.95,3,7,6,2,1,0,Yes,1
STU10532,6.53,66.63,56.97,1,2,0,1,4,0,No,0
STU10533,8.98,91.64,85.89,2,6,3,0,3,0,Yes,1
STU10534,4.56,48.11,39.83,0,0,0,0,4,0,Yes,0
STU10535,7.16,64.4,67.08,2,6,8,1,2,0,Yes,1
STU10536,8.64,98.23,86.0,1,3,2,0,1,0,No,0
STU10537,5.98,54.43,46.99,1,3,2,0,2,1,No,0
STU10538,6.82,58.15,67.28,2,3,4,0,3,2,No,0
STU10539,6.54,52.77,61.08,0,0,5,4,2,0,Yes,0
STU10540,6.21,60.24,52.09,0,0,0,5,1,0,Yes,1
STU10541,7.28,76.47,64.27,0,0,0,2,0,0,Yes,0
STU10542,5.51,46.76,46.0,1,1,6,3,2,0,Yes,0
STU10543,6.87,68.55,75.44,1,2,1,6,5,0,Yes,1
STU10544,7.59,80.66,69.11,2,6,4,3,1,0,No,1
STU10545,6.75,64.72,70.06,2,3,3,1,1,2,No,0
STU10546,5.85,48.07,38.75,1,1,3,1,2,0,No,0
STU10547,8.18,88.94,75.01,1,3,2,2,4,0,No,1
STU10548,7.84,84.76,73.48,1,1,3,1,1,0,No,1
STU10549,5.8,55.2,54.49,1,3,3,6,3,0,Yes,1
STU10550,5.51,44.55,46.89,2,4,4,0,3,1,No,0
STU10551,5.91,44.85,57.7,0,0,2,1,2,0,Yes,1
STU10552,7.63,77.58,72.12,0,0,0,1,1,0,Yes,1
STU10553,7.32,78.32,69.42,2,4,7,3,2,0,No,1
STU10554,7.91,86.83,75.61,2,4,4,1,1,0,No,1
STU10555,6.62,65.39,71.04,1,3,0,3,2,0,No,1
STU10556,5.94,50.39,43.37,1,1,2,0,4,1,No,0
STU10557,8.06,77.23,76.0,0,0,1,1,1,1,No,1
STU10558,6.36,58.04,49.28,2,5,7,2,1,0,Yes,0
STU10559,7.21,71.16,71.65,2,5,4,3,3,0,No,1
STU10560,5.22,54.46,37.97,1,3,4,3,1,0,Yes,1
STU10561,6.34,54.95,65.76,0,0,1,2,1,0,Yes,0
STU10562,8.16,80.57,80.43,0,0,1,2,3,0,No,0
STU10563,6.18,68.07,55.22,1,3,2,0,2,0,No,0
STU10564,7.94,90.19,80.66,1,2,4,7,3,0,Yes,1
STU10565,4.32,40.18,42.36,1,2,2,1,2,0,No,0
STU10566,6.36,66.84,55.76,0,0,2,0,2,0,Yes,0
STU10567,6.8,58.02,62.26,1,3,2,1,3,2,No,0
STU10568,9.0,85.48,88.2,2,6,1,0,3,0,No,1
STU10569,5.66,48.63,42.61,1,3,3,3,2,0,Yes,0
STU10570,7.77,78.51,70.03,1,1,2,2,2,2,No,1
STU10571,8.22,87.14,85.34,3,6,4,2,3,0,No,1
STU10572,6.17,56.33,52.68,1,2,3,0,4,0,No,0
STU10573,6.57,64.74,46.01,2,5,3,1,2,0,No,1
STU10574,7.16,67.99,64.55,0,0,2,1,3,0,Yes,0
STU10575,5.3,50.42,54.36,0,0,2,4,2,2,No,0
STU10576,6.48,60.19,55.75,2,4,2,1,1,0,No,0
STU10577,8.47,77.08,79.23,2,5,0,1,3,0,No,1
STU10578,7.6,79.64,64.77,0,0,3,3,3,0,Yes,1
STU10579,6.82,65.62,58.64,3,8,1,0,2,0,Yes,1
STU10580,7.13,65.63,59.94,1,1,5,0,2,1,No,1
STU10581,7.67,75.21,77.34,0,0,3,0,2,0,No,0
STU10582,7.89,77.94,77.64,0,0,0,2,1,0,No,1
STU10583,6.36,56.62,52.91,1,2,2,0,1,0,No,1
STU10584,8.76,97.66,79.53,0,0,1,1,1,1,No,1
STU10585,8.51,98.28,91.9,1,3,5,1,4,2,Yes,1
STU10586,7.78,62.72,71.85,2,4,1,1,3,2,No,1
STU10587,6.03,56.95,46.81,1,1,4,2,2,3,No,0
STU10588,5.83,57.8,47.61,2,6,4,1,1,0,No,1
STU10589,6.62,60.57,58.24,1,2,4,4,4,0,Yes,1
STU10590,7.07,74.55,68.88,1,1,3,2,1,0,Yes,1
STU10591,4.97,56.68,49.34,1,3,3,5,1,0,Yes,1
STU10592,7.57,68.15,78.51,1,3,1,3,2,0,Yes,1
STU10593,8.48,86.33,97.11,3,8,4,1,2,0,Yes,1
STU10594,7.66,89.42,64.52,0,0,1,0,3,0,No,0
STU10595,6.22,48.86,54.67,0,0,4,5,2,0,Yes,1
STU10596,6.09,53.96,48.53,1,1,1,1,2,0,Yes,0
STU10597,7.34,70.43,82.17,3,9,2,2,1,0,No,1
STU10598,6.82,71.41,63.15,1,1,2,1,3,1,No,1
STU10599,7.51,82.68,60.35,0,0,0,0,1,0,No,0
STU10600,7.69,79.03,77.66,3,6,4,2,2,0,Yes,1
STU10601,8.26,84.01,82.42,0,0,3,1,2,0,No,0
STU10602,5.7,40.57,52.43,0,0,1,1,2,1,Yes,0
STU10603,7.25,80.35,64.47,1,3,2,2,4,0,Yes,1
STU10604,6.58,59.11,60.19,1,1,2,1,0,2,Yes,1
STU10605,6.89,65.13,61.36,0,0,2,2,1,0,No,1
STU10606,7.99,87.31,74.45,1,3,0,1,2,1,No,0
STU10607,8.12,83.77,81.64,1,2,3,1,1,0,Yes,1
STU10608,8.61,92.28,84.18,0,0,0,3,2,0,Yes,1
STU10609,7.49,78.88,78.56,1,3,4,3,4,0,No,0
STU10610,6.87,67.01,62.95,0,0,1,1,1,0,No,0
STU10611,6.71,65.01,63.77,0,0,1,0,1,2,No,0
STU10612,5.01,40.16,36.65,2,5,4,3,3,0,No,1
STU10613,8.54,84.98,91.25,0,0,2,5,4,0,Yes,1
STU10614,6.63,68.46,54.29,1,1,1,1,3,0,No,0
STU10615,7.58,71.14,78.94,1,1,4,1,3,0,No,1
STU10616,7.78,74.82,77.69,0,0,1,2,1,0,No,0
STU10617,5.57,44.65,47.75,1,2,4,2,3,0,No,0
STU10618,5.94,54.03,54.67,0,0,2,0,2,0,No,1
STU10619,8.78,95.59,71.33,1,3,1,2,0,0,No,1
STU10620,7.33,76.28,66.56,0,0,2,1,4,0,No,1
STU10621,6.33,44.61,59.15,2,4,8,0,3,0,No,1
STU10622,6.85,69.39,74.03,2,5,2,2,0,0,No,1
STU10623,8.25,81.1,80.61,3,11,2,3,0,0,No,1
STU10624,8.07,85.27,64.58,2,5,2,3,3,0,Yes,1
STU10625,5.31,47.38,43.38,1,2,3,2,1,0,Yes,1
STU10626,8.88,82.49,84.3,0,0,1,0,1,1,No,0
STU10627,8.11,82.07,86.16,0,0,2,0,1,0,No,0
STU10628,6.82,62.47,62.41,0,0,1,2,4,0,Yes,1
STU10629,5.63,52.19,39.68,2,4,3,1,1,0,No,1
STU10630,8.21,78.07,86.17,2,5,3,1,2,1,Yes,1
STU10631,7.55,69.34,76.5,0,0,1,3,1,0,No,0
STU10632,5.32,52.72,41.14,0,0,2,1,2,2,No,0
STU10633,6.73,70.23,64.9,0,0,0,1,2,0,No,0
STU10634,10.0,93.37,83.61,3,7,2,2,3,0,Yes,1
STU10635,7.02,64.32,63.42,0,0,1,0,2,0,No,0
STU10636,6.15,50.95,49.22,2,4,0,0,3,0,No,0
STU10637,5.84,48.09,47.33,2,4,6,1,3,0,Yes,1
STU10638,9.04,93.54,90.64,2,6,2,3,2,0,No,1
STU10639,7.97,76.33,67.57,1,2,4,1,2,0,Yes,1
STU10640,8.62,91.61,89.93,0,0,1,2,3,0,No,1
STU10641,7.29,76.13,70.37,0,0,3,0,2,0,No,0
STU10642,8.44,92.7,79.93,2,3,5,2,1,0,No,1
STU10643,6.02,60.33,51.07,1,1,3,0,3,0,Yes,0
STU10644,7.19,74.01,62.3,1,3,2,1,1,0,Yes,1
STU10645,7.33,64.12,60.14,1,3,1,1,0,0,Yes,0
STU10646,8.59,89.81,77.86,0,0,2,3,2,0,Yes,0
STU10647,7.37,74.14,59.08,1,1,3,2,4,0,Yes,1
STU10648,6.28,54.78,45.91,2,4,6,0,2,0,No,1
STU10649,7.07,77.21,56.3,0,0,1,0,1,0,No,0
STU10650,5.07,46.26,51.51,0,0,2,0,1,0,Yes,0
STU10651,4.33,42.31,35.0,0,0,0,3,2,0,Yes,0
STU10652,7.96,87.83,77.84,2,3,8,1,3,0,Yes,1
STU10653,6.57,58.59,64.72,1,1,3,1,2,0,No,1
STU10654,6.7,59.5,65.08,1,2,4,3,1,0,Yes,1
STU10655,7.96,74.31,76.3,0,0,0,3,2,0,Yes,1
STU10656,8.61,81.32,81.5,0,0,1,2,5,0,Yes,1
STU10657,7.61,72.54,75.02,0,0,1,3,2,0,Yes,0
STU10658,9.22,92.48,98.43,1,1,2,5,1,2,Yes,0
STU10659,7.58,70.37,75.96,0,0,1,4,2,0,No,0
STU10660,7.35,62.02,74.18,3,10,5,2,1,0,Yes,1
STU10661,7.28,73.97,82.75,1,1,4,0,3,0,No,0
STU10662,5.52,45.82,48.29,0,0,1,3,1,0,No,0
STU10663,8.1,82.29,86.28,0,0,2,1,2,0,Yes,1
STU10664,4.19,53.03,45.2,0,0,4,0,3,0,Yes,0
STU10665,6.33,57.99,57.34,0,0,1,5,2,0,Yes,0
STU10666,7.03,77.39,59.55,3,9,3,2,2,0,Yes,1
STU10667,6.09,54.32,44.96,3,9,4,3,4,0,Yes,1
STU10668,6.48,65.81,53.7,0,0,2,2,1,2,No,0
STU10669,9.12,85.17,90.75,0,0,0,3,1,2,Yes,1
STU10670,8.27,84.59,85.95,0,0,3,3,3,0,Yes,1
STU10671,6.21,50.54,61.14,1,1,1,2,1,1,Yes,0
STU10672,6.46,54.56,56.38,1,3,4,0,1,0,No,0
STU10673,5.53,48.35,49.92,1,1,1,0,1,0,Yes,1
STU10674,7.81,71.44,79.66,0,0,3,1,2,0,No,1
STU10675,6.71,64.15,59.55,0,0,2,2,1,1,No,0
STU10676,4.74,44.28,41.16,1,3,2,4,2,0,Yes,0
STU10677,7.12,71.13,57.81,0,0,1,2,2,2,No,0
STU10678,7.5,67.59,71.55,1,1,4,3,3,0,No,1
STU10679,8.11,86.68,78.84,0,0,3,2,2,0,No,1
STU10680,6.92,76.63,70.25,0,0,2,1,2,1,No,0
STU10681,6.57,69.99,65.47,2,3,2,4,1,0,Yes,1
STU10682,9.28,100.0,86.8,1,1,3,1,1,1,No,1
STU10683,7.01,68.22,77.35,2,4,4,1,1,0,No,0
STU10684,7.83,77.49,77.74,0,0,3,0,2,0,No,1
STU10685,6.38,61.28,61.55,0,0,2,1,3,1,No,0
STU10686,7.79,77.79,75.62,1,3,2,3,2,0,Yes,1
STU10687,5.33,37.91,38.51,0,0,2,8,3,1,Yes,0
STU10688,6.47,64.51,54.04,0,0,2,2,2,0,Yes,1
STU10689,5.61,48.83,56.08,0,0,0,2,1,0,Yes,0
STU10690,6.3,48.53,52.74,1,2,3,6,2,0,Yes,1
STU10691,8.44,82.19,79.44,0,0,2,1,2,0,Yes,1
STU10692,6.3,55.94,54.19,0,0,1,1,2,1,No,0
STU10693,7.83,79.65,74.24,0,0,3,1,1,0,No,1
STU10694,8.74,87.16,91.18,2,3,0,0,0,1,No,1
STU10695,6.97,75.57,75.67,0,0,1,3,3,3,Yes,0
STU10696,8.14,75.04,79.81,1,2,1,2,2,0,Yes,1
STU10697,7.61,75.98,77.14,3,12,2,2,3,2,Yes,1
STU10698,7.13,64.7,72.81,0,0,1,1,4,0,Yes,0
STU10699,7.86,87.55,77.66,1,1,3,0,2,3,No,0
STU10700,9.12,85.1,80.2,1,1,2,2,2,0,Yes,1
STU10701,6.27,54.77,51.37,1,1,3,0,2,0,No,0
STU10702,5.9,59.06,52.24,2,3,7,2,2,3,Yes,1
STU10703,5.83,60.04,51.46,1,2,5,2,3,0,No,0
STU10704,8.14,91.62,69.03,1,2,0,1,1,0,No,1
STU10705,8.3,74.32,78.56,0,0,2,1,2,1,No,0
STU10706,6.38,61.32,51.0,1,3,6,1,2,0,No,0
STU10707,4.54,47.35,48.03,0,0,2,2,2,0,Yes,0
STU10708,6.22,55.99,49.11,0,0,1,2,2,0,Yes,0
STU10709,7.63,77.57,71.4,1,1,3,1,2,0,No,0
STU10710,6.92,74.28,60.59,0,0,2,2,1,0,No,0
STU10711,7.21,77.3,72.81,0,0,5,2,1,0,No,1
STU10712,6.4,64.03,61.46,3,6,5,1,2,0,No,1
STU10713,8.17,84.24,82.96,2,6,3,2,1,0,No,1
STU10714,7.39,87.49,77.5,0,0,1,1,1,1,No,0
STU10715,7.67,75.44,82.25,0,0,1,2,3,0,No,1
STU10716,7.18,60.98,56.82,0,0,2,0,3,1,No,0
STU10717,7.6,75.18,77.32,0,0,1,2,1,0,Yes,0
STU10718,7.53,76.13,70.56,0,0,2,2,2,2,Yes,1
STU10719,5.93,60.89,42.53,1,2,4,1,4,0,No,1
STU10720,7.43,71.27,69.42,0,0,3,0,2,0,No,0
STU10721,7.91,83.56,82.0,2,6,0,1,2,0,No,1
STU10722,8.33,75.58,90.17,2,4,3,3,1,1,Yes,1
STU10723,7.48,81.57,64.01,0,0,0,1,2,0,Yes,1
STU10724,5.89,53.09,53.39,1,2,2,0,2,0,Yes,0
STU10725,6.07,52.75,63.23,0,0,1,0,1,2,No,0
STU10726,6.5,72.85,68.04,1,3,1,0,2,0,No,0
STU10727,7.22,77.67,47.53,0,0,1,0,1,0,Yes,0
STU10728,6.86,59.33,75.64,1,3,5,4,3,0,Yes,1
STU10729,5.71,50.33,53.75,1,1,4,0,1,1,No,0
STU10730,5.7,67.32,35.0,3,8,3,4,1,0,No,0
STU10731,4.59,57.7,38.23,0,0,1,0,3,1,Yes,0
STU10732,4.0,50.66,49.67,0,0,1,4,3,0,No,0
STU10733,6.85,54.33,64.57,0,0,2,2,3,0,Yes,0
STU10734,9.67,97.51,83.07,0,0,2,1,0,0,No,1
STU10735,9.07,84.5,85.71,1,2,4,1,0,1,No,0
STU10736,5.88,60.49,52.82,3,6,2,1,2,0,Yes,1
STU10737,7.17,66.21,64.07,1,2,0,2,2,2,No,0
STU10738,5.32,51.22,44.53,1,1,3,0,4,0,Yes,1
STU10739,5.49,45.58,51.81,1,2,1,1,1,2,Yes,0
STU10740,5.62,48.11,43.09,0,0,0,2,3,0,Yes,1
STU10741,6.74,67.41,52.53,2,4,4,1,2,0,No,1
STU10742,6.79,56.59,57.68,3,11,6,0,0,0,No,1
STU10743,7.29,86.62,64.06,0,0,0,2,3,0,No,0
STU10744,7.76,72.72,72.25,0,0,0,3,1,1,Yes,1
STU10745,6.61,55.17,48.3,1,3,3,1,3,0,No,0
STU10746,7.04,72.32,66.98,2,5,1,1,2,1,No,0
STU10747,5.74,59.02,53.48,1,2,2,0,3,0,No,0
STU10748,5.45,47.21,41.28,0,0,3,2,2,0,No,1
STU10749,5.28,41.64,41.15,0,0,0,3,1,0,Yes,0
STU10750,7.75,73.17,74.58,1,2,1,4,1,3,Yes,1
STU10751,6.61,55.45,53.17,2,3,2,3,3,1,Yes,1
STU10752,4.85,48.19,49.25,2,4,2,3,1,1,Yes,1
STU10753,6.93,66.23,58.31,2,6,4,1,4,0,No,1
STU10754,5.56,52.45,43.74,0,0,2,0,3,0,No,0
STU10755,8.91,89.95,80.18,0,0,0,2,2,1,No,1
STU10756,6.33,62.64,60.74,2,3,4,1,1,0,Yes,0
STU10757,7.78,76.66,74.74,0,0,2,1,1,0,No,0
STU10758,8.25,79.35,92.74,0,0,0,2,3,0,Yes,1
STU10759,5.9,53.75,51.93,2,6,3,1,1,0,Yes,1
STU10760,7.09,68.96,73.24,1,2,3,1,2,0,No,1
STU10761,7.64,78.79,72.33,1,3,4,1,2,0,Yes,1
STU10762,7.13,65.7,61.31,0,0,2,1,2,0,No,0
STU10763,7.42,77.99,70.94,0,0,3,4,0,0,No,1
STU10764,5.47,42.2,42.19,2,6,4,2,2,0,Yes,1
STU10765,7.64,74.65,62.3,0,0,1,6,1,0,Yes,0
STU10766,6.44,65.96,62.27,1,2,2,2,0,0,Yes,1
STU10767,7.4,67.16,71.14,1,3,2,6,2,0,Yes,1
STU10768,8.06,88.37,74.86,1,3,3,3,2,2,No,1
STU10769,7.77,70.5,78.21,2,4,2,0,1,0,No,0
STU10770,7.4,64.42,71.22,0,0,2,0,2,1,No,0
STU10771,7.74,69.65,84.07,0,0,1,2,1,0,Yes,1
STU10772,7.79,79.9,78.79,1,2,0,4,3,2,Yes,1
STU10773,8.72,91.28,82.96,0,0,1,1,4,0,No,0
STU10774,6.96,75.01,68.41,2,5,6,1,1,0,No,1
STU10775,7.19,78.06,67.57,0,0,1,0,3,0,No,0
STU10776,8.07,87.36,80.28,1,2,1,2,0,2,Yes,1
STU10777,6.44,54.11,63.46,0,0,1,1,2,0,No,0
STU10778,5.46,44.19,39.22,1,3,1,1,3,0,No,1
STU10779,7.57,81.07,68.17,0,0,1,0,2,1,No,1
STU10780,6.76,72.56,58.52,0,0,1,2,1,0,Yes,0
STU10781,5.61,44.05,45.6,2,5,6,0,3,1,No,0
STU10782,7.58,84.22,80.39,1,2,2,2,1,0,Yes,1
STU10783,8.65,74.97,75.01,1,3,2,3,2,0,Yes,1
STU10784,5.13,49.74,44.22,3,8,5,3,2,0,No,0
STU10785,8.18,82.46,76.77,0,0,0,1,3,0,Yes,0
STU10786,4.08,44.06,52.48,0,0,4,1,1,0,No,0
STU10787,6.54,60.81,62.93,2,3,3,1,3,1,No,0
STU10788,9.12,83.34,86.9,0,0,6,2,1,0,Yes,1
STU10789,6.62,64.5,64.64,2,5,4,3,1,0,No,0
STU10790,7.1,69.86,58.58,1,1,1,1,2,0,No,1
STU10791,7.88,85.8,89.35,0,0,1,1,3,0,Yes,0
STU10792,5.03,56.52,38.93,1,1,1,1,1,0,Yes,0
STU10793,7.08,69.95,73.73,1,2,5,2,1,2,Yes,0
STU10794,7.07,64.13,69.35,0,0,1,4,2,2,No,1
STU10795,9.14,81.71,87.13,2,6,5,3,3,0,Yes,1
STU10796,5.58,60.17,54.27,0,0,2,0,2,0,No,0
STU10797,6.56,70.34,63.89,0,0,1,3,1,0,Yes,0
STU10798,5.93,58.39,50.71,1,3,1,3,3,0,Yes,0
STU10799,5.81,52.24,46.35,1,2,1,2,1,0,No,0
STU10800,8.3,89.06,81.91,0,0,3,5,1,3,Yes,1
STU10801,7.03,76.21,64.77,1,1,2,3,2,0,Yes,1
STU10802,6.36,54.4,57.23,1,3,4,5,2,0,No,1
STU10803,6.4,58.89,61.84,0,0,2,1,1,0,No,1
STU10804,6.35,51.31,57.76,2,4,4,1,2,0,No,1
STU10805,6.46,58.59,57.48,0,0,1,0,2,1,No,0
STU10806,5.55,59.04,42.85,0,0,3,3,1,0,Yes,0
STU10807,6.7,69.51,61.98,0,0,1,2,2,0,No,0
STU10808,6.59,62.11,48.12,2,6,5,2,2,2,No,0
STU10809,6.13,39.0,47.38,0,0,1,2,2,0,Yes,0
STU10810,7.18,66.68,71.25,1,2,2,3,1,0,Yes,0
STU10811,7.28,72.75,74.45,0,0,2,3,2,0,No,1
STU10812,6.36,56.79,54.97,2,5,4,0,2,3,No,1
STU10813,6.83,65.41,63.42,2,3,6,2,1,3,No,0
STU10814,9.48,90.76,88.52,0,0,0,0,2,2,No,1
STU10815,9.44,86.03,90.32,0,0,2,6,1,0,No,1
STU10816,5.79,51.61,47.45,0,0,0,0,4,1,No,0
STU10817,5.95,52.32,44.32,3,9,1,5,2,0,Yes,1
STU10818,5.78,47.37,50.92,1,3,6,1,2,0,No,0
STU10819,8.22,94.5,92.17,3,6,7,6,2,0,Yes,1
STU10820,6.54,57.79,52.11,1,2,2,1,2,0,No,0
STU10821,7.28,58.61,68.37,2,6,4,2,5,0,Yes,1
STU10822,9.3,99.65,83.63,2,4,2,0,3,1,No,1
STU10823,6.99,62.56,79.11,0,0,1,0,4,3,No,0
STU10824,7.81,84.82,70.65,0,0,1,1,2,0,Yes,0
STU10825,7.6,72.62,72.75,0,0,0,1,0,0,No,0
STU10826,6.32,60.94,52.34,1,3,4,1,1,0,Yes,1
STU10827,8.22,83.17,72.93,1,3,2,3,3,0,Yes,1
STU10828,6.02,59.94,43.08,3,10,3,1,1,1,Yes,0
STU10829,8.54,84.6,86.29,2,4,6,0,2,0,No,1
STU10830,6.32,53.61,58.79,0,0,2,0,1,0,No,0
STU10831,6.45,60.85,52.95,2,3,4,4,2,2,Yes,0
STU10832,5.75,49.02,56.77,2,4,1,0,5,0,No,0
STU10833,5.94,41.53,36.6,0,0,3,6,2,0,No,0
STU10834,6.51,56.57,49.63,2,4,6,1,2,0,No,0
STU10835,4.2,62.56,37.4,0,0,2,0,3,0,No,0
STU10836,6.73,52.61,60.49,1,3,1,0,2,0,No,0
STU10837,6.42,60.3,53.15,2,5,4,0,3,0,No,0
STU10838,7.91,79.12,76.37,0,0,1,4,1,0,Yes,1
STU10839,7.49,86.23,75.13,1,3,0,0,1,0,No,1
STU10840,6.19,49.18,61.59,1,2,3,0,2,0,Yes,0
STU10841,6.47,60.25,61.46,1,1,2,1,2,0,Yes,0
STU10842,6.73,67.63,60.85,1,1,2,0,2,0,Yes,0
STU10843,8.71,85.77,83.36,0,0,0,2,3,0,No,1
STU10844,6.05,49.67,57.88,0,0,1,2,2,1,Yes,0
STU10845,6.17,55.58,64.02,0,0,1,3,4,0,Yes,0
STU10846,5.7,49.07,51.75,0,0,0,4,2,0,Yes,0
STU10847,5.3,46.3,42.23,1,1,3,3,2,0,No,0
STU10848,7.35,78.84,71.81,1,3,5,0,3,0,No,1
STU10849,7.23,73.88,71.95,0,0,1,1,2,0,No,0
STU10850,8.48,88.8,79.16,1,2,3,4,2,0,Yes,1
STU10851,8.2,85.24,85.45,2,5,6,2,2,0,No,1
STU10852,9.76,95.36,88.18,0,0,1,5,2,0,Yes,1
STU10853,6.92,74.26,70.43,0,0,1,3,2,0,Yes,0
STU10854,6.7,61.28,54.14,0,0,3,1,3,2,Yes,0
STU10855,5.5,54.43,36.06,1,2,2,4,2,1,No,0
STU10856,7.8,71.53,73.95,0,0,1,3,2,0,No,1
STU10857,7.14,56.5,67.17,0,0,1,0,1,0,Yes,0
STU10858,7.75,89.69,64.92,3,7,2,1,3,2,Yes,1
STU10859,5.69,48.82,44.17,1,2,6,1,1,2,No,0
STU10860,7.4,75.51,78.7,0,0,5,0,1,0,No,1
STU10861,7.24,64.18,71.73,1,3,5,1,0,0,Yes,1
STU10862,7.16,62.73,68.19,0,0,2,1,2,0,Yes,1
STU10863,6.21,51.9,46.84,2,6,5,1,5,0,No,0
STU10864,8.37,88.57,89.21,3,6,6,2,1,2,Yes,1
STU10865,9.36,85.98,83.57,0,0,1,1,1,0,No,0
STU10866,5.72,49.09,48.67,2,4,5,2,1,0,Yes,1
STU10867,7.83,75.14,79.06,2,6,5,3,1,0,Yes,1
STU10868,4.0,52.12,43.15,0,0,1,1,3,2,No,0
STU10869,7.77,84.16,84.9,2,5,0,1,3,1,No,1
STU10870,4.85,43.45,46.8,0,0,3,1,2,0,Yes,0
STU10871,6.4,62.72,57.65,0,0,1,6,0,1,Yes,0
STU10872,5.49,47.94,45.9,2,5,3,3,3,0,Yes,1
STU10873,6.75,61.84,63.45,0,0,2,1,3,2,Yes,0
STU10874,7.96,80.86,76.9,2,5,3,2,3,0,Yes,1
STU10875,4.86,50.26,44.54,1,2,3,1,1,0,Yes,1
STU10876,6.59,55.94,56.24,1,3,3,1,2,0,No,1
STU10877,6.41,61.8,52.79,1,1,1,3,3,0,Yes,1
STU10878,8.82,100.0,78.87,2,5,3,2,2,0,No,1
STU10879,7.5,76.46,70.73,0,0,5,4,1,0,Yes,1
STU10880,5.65,50.7,45.47,0,0,0,2,3,1,No,0
STU10881,6.46,58.89,67.38,2,3,4,2,2,0,Yes,1
STU10882,8.79,90.09,90.17,0,0,2,4,3,3,Yes,1
STU10883,7.82,69.87,75.73,1,1,5,1,2,0,Yes,1
STU10884,5.94,63.37,47.62,0,0,0,3,1,0,Yes,1
STU10885,6.69,68.75,63.56,1,1,6,0,2,0,Yes,0
STU10886,6.73,59.62,72.14,0,0,1,0,1,0,No,0
STU10887,6.38,58.58,60.17,2,5,5,5,1,0,Yes,1
STU10888,5.03,43.67,35.0,1,1,1,0,3,0,No,0
STU10889,6.22,58.05,58.43,1,1,2,2,2,0,No,0
STU10890,8.6,86.56,89.44,0,0,2,0,2,0,No,1
STU10891,6.56,62.3,71.12,0,0,5,3,1,0,No,0
STU10892,6.88,59.73,61.41,0,0,3,3,3,0,Yes,1
STU10893,7.16,67.49,68.21,0,0,1,3,4,0,Yes,1
STU10894,9.55,96.26,89.08,0,0,3,2,1,0,Yes,1
STU10895,7.01,64.82,60.44,1,2,3,0,3,0,No,1
STU10896,8.26,67.99,75.72,3,12,1,3,1,2,Yes,1
STU10897,6.31,56.48,56.78,1,2,2,3,1,0,No,1
STU10898,6.7,77.49,50.77,0,0,3,1,1,0,No,0
STU10899,7.01,73.22,57.22,2,4,6,2,2,0,Yes,1
STU10900,6.11,51.43,56.83,0,0,2,2,1,2,Yes,0
STU10901,6.77,63.79,64.09,0,0,3,3,1,1,Yes,1
STU10902,8.02,85.8,86.22,0,0,1,4,1,0,No,0
STU10903,6.08,44.04,54.36,1,1,3,0,3,0,No,0
STU10904,7.0,62.7,64.9,0,0,2,0,1,0,No,0
STU10905,7.82,81.84,84.19,0,0,1,1,1,0,No,0
STU10906,6.05,63.79,48.69,0,0,2,0,2,0,No,0
STU10907,8.26,81.23,78.86,2,3,3,0,2,0,Yes,1
STU10908,7.08,78.62,65.83,2,4,0,0,1,0,No,1
STU10909,6.81,60.36,64.59,1,1,4,2,3,0,Yes,1
STU10910,4.69,35.0,42.59,2,6,5,2,3,0,No,0
STU10911,6.57,65.51,49.13,1,1,2,2,1,0,Yes,1
STU10912,7.43,77.56,69.72,1,3,4,4,5,0,No,1
STU10913,9.01,92.52,84.91,2,3,6,3,4,1,No,0
STU10914,7.65,81.72,75.22,1,2,6,4,2,1,Yes,0
STU10915,8.3,85.29,78.44,1,2,4,2,2,1,No,1
STU10916,5.61,48.67,50.25,0,0,3,0,3,0,Yes,0
STU10917,6.85,64.17,52.83,2,3,2,3,2,0,Yes,1
STU10918,8.4,82.21,84.46,0,0,1,0,1,0,No,0
STU10919,5.98,51.14,61.3,1,3,2,1,2,0,Yes,1
STU10920,8.11,71.62,75.85,2,4,6,1,3,0,No,1
STU10921,7.84,72.5,77.13,1,3,6,1,2,0,No,0
STU10922,7.32,71.75,68.25,2,3,3,2,2,0,No,0
STU10923,6.62,48.37,57.43,2,3,4,1,1,0,No,1
STU10924,5.87,40.38,43.26,2,3,2,2,3,0,Yes,1
STU10925,9.04,86.21,97.16,0,0,3,3,1,0,Yes,1
STU10926,7.73,77.67,77.76,0,0,1,3,1,0,No,0
STU10927,7.39,71.94,66.8,2,6,4,1,3,1,No,1
STU10928,6.53,46.11,52.68,0,0,3,1,1,3,No,0
STU10929,7.04,77.92,65.98,1,1,3,2,2,0,Yes,1
STU10930,7.19,62.18,54.79,1,2,1,3,2,0,Yes,1
STU10931,7.46,69.91,78.14,2,5,4,1,1,0,No,1
STU10932,7.84,72.22,73.71,0,0,1,1,2,1,No,0
STU10933,6.1,62.63,54.17,2,3,2,1,3,0,No,1
STU10934,5.31,50.8,47.89,1,3,3,1,5,1,No,0
STU10935,7.1,66.58,72.21,0,0,0,3,1,0,Yes,1
STU10936,4.99,43.58,46.8,1,2,1,3,1,1,Yes,0
STU10937,6.63,63.01,63.39,1,2,1,0,1,0,Yes,1
STU10938,6.41,51.37,61.96,0,0,0,0,3,0,No,1
STU10939,7.57,78.62,71.35,0,0,3,3,0,0,Yes,1
STU10940,9.28,85.62,98.82,2,4,2,0,0,2,No,1
STU10941,4.76,49.25,45.25,1,3,3,0,5,0,No,0
STU10942,9.62,92.38,86.3,1,3,0,1,2,0,No,1
STU10943,6.73,59.99,55.51,0,0,0,0,1,0,No,0
STU10944,7.4,61.6,69.68,1,2,3,2,1,0,Yes,0
STU10945,5.37,47.14,48.03,0,0,2,2,1,0,No,0
STU10946,8.15,74.14,80.4,0,0,2,2,1,0,Yes,1
STU10947,7.05,69.14,76.63,3,9,2,5,3,0,Yes,1
STU10948,6.93,65.14,61.34,0,0,1,1,2,0,No,1
STU10949,4.77,42.62,47.22,1,1,0,1,3,1,Yes,0
STU10950,7.08,61.46,59.48,2,5,1,2,1,0,No,1
STU10951,7.97,88.38,91.36,1,3,6,1,2,1,No,1
STU10952,6.73,60.74,53.3,0,0,0,3,2,0,Yes,1
STU10953,8.35,98.73,94.05,1,1,1,1,3,0,No,1
STU10954,8.3,84.45,80.43,1,2,4,5,3,0,No,0
STU10955,6.26,58.9,40.39,1,1,5,1,2,2,No,0
STU10956,8.83,87.69,92.56,2,4,2,1,2,0,No,1
STU10957,7.05,70.78,66.23,1,1,4,1,0,0,No,0
STU10958,7.06,75.35,63.07,2,4,2,0,2,0,No,0
STU10959,7.11,76.29,70.52,0,0,1,1,3,1,No,0
STU10960,7.08,58.53,70.12,1,3,5,1,2,1,No,0
STU10961,4.0,50.25,44.61,1,3,5,3,4,0,Yes,0
STU10962,6.79,67.43,68.26,2,3,7,2,2,1,No,0
STU10963,5.43,49.23,47.53,1,3,3,2,2,2,No,0
STU10964,8.87,97.89,88.51,0,0,3,1,2,0,No,1
STU10965,8.82,97.9,81.25,0,0,4,0,2,0,No,1
STU10966,7.98,86.77,82.94,2,4,4,3,2,0,Yes,1
STU10967,6.73,60.15,57.31,1,1,3,3,4,0,No,1
STU10968,5.84,45.04,42.45,1,1,2,0,4,0,No,0
STU10969,6.24,61.09,52.32,3,7,4,2,2,0,No,0
STU10970,9.23,96.95,84.14,0,0,0,2,1,0,Yes,0
STU10971,6.2,43.89,58.63,1,2,5,0,0,1,No,1
STU10972,4.29,51.95,35.0,0,0,1,3,2,0,Yes,0
STU10973,8.18,81.64,86.73,0,0,2,0,2,0,Yes,1
STU10974,8.73,76.08,80.2,1,2,5,1,2,0,Yes,1
STU10975,8.91,90.57,69.96,0,0,1,0,2,0,No,0
STU10976,8.19,88.7,73.0,0,0,3,2,3,0,No,1
STU10977,8.38,82.72,79.98,0,0,1,2,2,0,Yes,1
STU10978,7.06,62.51,68.52,1,2,3,2,4,0,Yes,1
STU10979,4.61,56.13,42.06,3,8,4,0,3,0,No,1
STU10980,7.03,64.39,58.15,1,2,3,4,2,0,Yes,1
STU10981,7.71,85.28,70.65,1,3,3,3,2,1,Yes,1
STU10982,6.84,56.27,55.19,0,0,2,3,2,0,No,0
STU10983,6.79,67.03,63.09,0,0,0,3,2,1,Yes,0
STU10984,5.89,55.03,49.16,2,6,5,2,2,0,No,0
STU10985,5.85,57.51,52.95,0,0,3,2,0,0,Yes,1
STU10986,9.11,97.4,74.82,1,1,1,1,2,0,Yes,1
STU10987,9.16,83.69,82.37,0,0,3,0,5,3,No,1
STU10988,7.0,70.91,76.96,1,3,2,1,2,0,Yes,0
STU10989,7.32,64.63,73.68,1,3,3,1,5,0,No,1
STU10990,5.87,44.24,47.73,0,0,0,2,1,1,Yes,0
STU10991,7.74,75.15,69.7,1,2,4,2,1,0,No,1
STU10992,9.02,90.61,91.8,0,0,2,3,3,0,Yes,1
STU10993,5.24,58.0,54.14,0,0,0,1,2,0,No,1
STU10994,7.53,87.04,66.0,0,0,1,0,1,0,No,1
STU10995,7.62,74.88,67.69,2,3,2,2,1,0,No,1
STU10996,7.61,78.66,75.5,1,3,2,3,3,0,Yes,1
STU10997,8.89,93.35,86.93,3,11,5,3,2,0,Yes,1
STU10998,9.34,93.64,88.94,0,0,2,3,2,0,Yes,1
STU10999,6.73,62.52,71.6,0,0,1,2,2,0,No,1
STU11000,7.77,79.48,70.19,2,6,5,1,2,0,Yes,1
STU11001,7.1,68.75,66.65,0,0,2,0,1,0,No,0
STU11002,6.27,55.64,58.22,0,0,2,2,5,0,Yes,0
STU11003,7.31,70.61,73.92,2,3,4,4,2,1,Yes,1
STU11004,7.77,78.28,72.11,0,0,1,2,2,0,No,1
STU11005,7.25,69.31,65.1,1,2,3,1,1,0,No,0
STU11006,5.99,46.77,47.83,0,0,2,2,1,0,No,0
STU11007,6.47,64.72,66.76,2,4,7,5,3,0,No,1
STU11008,6.48,62.79,50.82,1,2,2,0,1,3,No,0
STU11009,6.03,65.29,49.09,1,1,2,0,3,0,Yes,0
STU11010,7.36,75.59,75.02,0,0,0,3,2,0,No,1
STU11011,7.48,72.61,65.58,0,0,1,1,2,2,No,0
STU11012,8.13,78.89,81.2,0,0,3,2,2,0,No,1
STU11013,6.01,54.13,39.45,3,9,8,1,3,0,No,0
STU11014,6.34,61.03,55.87,0,0,1,1,2,0,Yes,0
STU11015,8.79,85.74,84.53,0,0,2,0,2,0,Yes,1
STU11016,6.81,56.08,62.88,1,1,3,1,3,0,No,1
STU11017,7.03,64.02,60.24,0,0,0,2,1,0,No,1
STU11018,6.8,64.78,63.04,0,0,0,5,1,3,Yes,1
STU11019,8.3,88.69,81.01,0,0,6,4,3,0,Yes,1
STU11020,8.35,75.68,89.39,0,0,1,5,2,0,Yes,1
STU11021,8.28,85.61,84.85,2,5,4,2,2,0,Yes,1
STU11022,7.03,69.7,56.68,0,0,2,2,1,0,No,0
STU11023,6.0,50.97,45.68,0,0,1,0,0,0,No,0
STU11024,9.21,85.22,82.05,2,6,2,0,3,0,Yes,1
STU11025,7.98,76.98,79.48,1,2,2,1,2,0,Yes,1
STU11026,6.47,60.52,55.66,0,0,2,1,3,0,No,1
STU11027,8.64,93.19,82.39,1,1,2,5,2,0,Yes,1
STU11028,6.38,65.63,72.35,1,1,2,3,2,0,Yes,1
STU11029,8.62,79.6,80.27,0,0,2,4,1,1,Yes,1
STU11030,8.7,85.68,92.15,2,5,5,1,2,0,No,1
STU11031,5.94,39.97,49.24,2,4,3,6,1,1,Yes,1
STU11032,7.67,78.42,61.7,0,0,0,0,2,2,No,0
STU11033,7.9,84.06,78.62,0,0,0,2,1,0,Yes,0
STU11034,10.0,99.32,93.61,1,2,3,3,2,0,Yes,0
STU11035,6.15,44.66,56.18,0,0,3,1,3,0,No,0
STU11036,8.65,79.98,85.04,0,0,3,3,2,0,No,1
STU11037,7.02,69.09,65.37,0,0,1,0,1,0,No,0
STU11038,5.57,40.25,43.99,0,0,0,4,2,0,Yes,1
STU11039,6.86,66.65,67.99,0,0,2,5,4,0,Yes,0
STU11040,7.0,71.62,62.28,1,1,1,4,3,0,Yes,1
STU11041,5.78,43.92,44.76,1,3,6,2,2,0,No,0
STU11042,7.36,74.14,72.8,1,2,5,7,3,0,Yes,1
STU11043,8.1,75.14,77.61,2,5,6,1,1,2,Yes,0
STU11044,7.27,80.36,76.79,0,0,2,3,4,0,No,0
STU11045,6.38,59.56,58.12,0,0,1,2,1,0,No,0
STU11046,6.83,61.31,57.49,1,2,3,1,1,0,Yes,0
STU11047,6.99,60.32,57.88,1,1,1,0,2,1,No,1
STU11048,7.25,74.09,65.32,0,0,0,3,4,0,Yes,1
STU11049,8.28,92.14,95.02,0,0,2,2,2,2,Yes,0
STU11050,7.31,68.03,68.24,0,0,2,0,4,0,No,1
STU11051,5.39,46.08,50.27,1,3,4,1,2,0,Yes,0
STU11052,6.35,53.46,47.14,1,2,1,1,1,1,Yes,1
STU11053,7.19,80.15,61.32,1,3,5,1,2,1,No,0
STU11054,8.29,72.66,79.98,1,1,1,3,1,0,Yes,1
STU11055,8.49,93.32,92.81,0,0,2,0,3,0,No,1
STU11056,9.04,85.95,77.47,2,5,6,1,2,0,Yes,1
STU11057,7.15,69.76,63.42,0,0,5,4,1,0,Yes,0
STU11058,7.88,78.15,82.61,1,3,5,2,1,0,No,1
STU11059,5.33,49.81,54.92,1,2,2,0,4,0,Yes,1
STU11060,7.49,70.96,74.96,0,0,3,2,3,0,Yes,1
STU11061,5.76,57.81,52.52,0,0,4,2,2,0,No,1
STU11062,6.93,73.25,58.28,0,0,2,1,1,0,Yes,0
STU11063,10.0,83.99,78.95,1,2,3,2,2,0,No,1
STU11064,7.35,77.19,63.31,0,0,3,2,4,0,No,1
STU11065,6.01,51.64,45.54,3,10,7,3,2,0,Yes,1
STU11066,7.47,75.25,73.29,1,1,5,1,3,0,No,1
STU11067,6.41,67.88,48.41,0,0,3,3,1,1,No,0
STU11068,5.9,48.71,51.25,0,0,0,4,1,0,Yes,0
STU11069,9.42,94.74,84.29,0,0,3,0,2,0,No,1
STU11070,8.23,86.28,77.17,1,3,2,2,1,0,Yes,1
STU11071,7.4,72.73,76.2,2,3,4,3,3,0,Yes,1
STU11072,6.55,62.95,52.0,1,1,3,2,1,1,Yes,0
STU11073,6.64,63.64,67.77,0,0,3,1,1,0,No,0
STU11074,8.77,80.19,89.13,0,0,3,2,3,0,No,1
STU11075,7.35,69.6,64.3,2,3,3,1,4,0,No,1
STU11076,4.0,38.85,49.33,0,0,1,3,3,0,Yes,0
STU11077,9.78,87.97,79.98,1,2,3,1,5,0,No,1
STU11078,7.21,79.19,75.88,0,0,1,0,3,0,No,0
STU11079,7.39,77.35,72.86,0,0,2,1,3,1,No,1
STU11080,8.25,75.17,71.29,0,0,4,4,1,3,No,1
STU11081,7.54,74.27,65.14,0,0,0,3,1,2,Yes,0
STU11082,7.86,81.35,74.51,0,0,0,1,3,0,No,1
STU11083,6.51,64.69,62.43,1,1,2,3,3,0,Yes,1
STU11084,5.59,46.11,45.99,1,1,2,2,3,0,No,0
STU11085,7.32,65.39,68.64,1,3,1,3,1,2,No,0
STU11086,8.65,86.17,83.75,0,0,1,2,1,0,Yes,1
STU11087,6.26,60.12,41.74,2,4,5,3,2,0,Yes,1
STU11088,6.16,56.99,57.53,0,0,0,1,1,0,Yes,0
STU11089,8.4,79.66,90.01,2,6,5,2,3,1,No,1
STU11090,6.47,70.2,61.41,0,0,1,2,1,0,Yes,1
STU11091,6.53,59.86,54.91,1,3,5,2,2,0,Yes,1
STU11092,6.57,62.22,52.75,1,2,0,2,2,2,Yes,0
STU11093,6.93,62.63,57.11,1,1,1,1,2,0,No,0
STU11094,5.19,54.32,37.88,1,3,2,2,2,0,No,0
STU11095,6.38,61.8,68.95,1,1,1,2,4,0,Yes,0
STU11096,7.26,73.84,68.48,1,2,1,1,2,0,No,1
STU11097,7.26,64.92,74.26,0,0,3,1,2,0,Yes,1
STU11098,8.33,91.03,86.56,0,0,2,1,0,0,Yes,0
STU11099,9.12,93.0,86.31,1,2,1,3,3,2,Yes,1
STU11100,8.74,93.09,78.41,1,2,2,1,4,0,Yes,1
STU11101,8.05,82.23,82.12,0,0,0,3,3,0,No,1
STU11102,6.83,64.7,55.66,2,6,9,2,1,0,No,1
STU11103,6.28,55.97,57.67,2,4,1,4,3,0,No,1
STU11104,7.02,81.91,59.02,1,2,4,1,0,0,Yes,0
STU11105,7.67,74.57,72.21,3,8,2,0,2,0,No,1
STU11106,7.95,73.86,75.35,0,0,2,1,3,2,No,1
STU11107,7.72,76.11,83.74,0,0,0,2,1,0,Yes,1
STU11108,6.86,62.39,47.98,0,0,4,3,1,0,Yes,1
STU11109,7.9,88.09,91.52,0,0,3,1,3,0,No,1
STU11110,8.45,77.18,77.48,2,4,5,3,2,0,Yes,1
STU11111,8.01,78.29,77.92,1,1,3,1,2,0,Yes,1
STU11112,6.96,68.44,66.77,0,0,0,1,1,0,Yes,1
STU11113,6.04,61.71,53.07,1,1,2,1,3,1,No,0
STU11114,6.01,58.13,55.91,0,0,1,1,5,2,No,0
STU11115,6.22,65.92,56.87,1,2,2,4,3,0,Yes,0
STU11116,7.3,74.55,81.7,3,6,4,1,2,0,No,1
STU11117,7.6,75.48,78.09,0,0,2,3,0,0,No,0
STU11118,5.37,53.76,44.92,1,2,3,2,2,0,No,1
STU11119,6.42,50.71,52.6,0,0,0,3,0,0,Yes,0
STU11120,7.28,61.93,65.72,0,0,0,2,2,0,Yes,0
STU11121,5.97,59.26,58.16,0,0,1,1,1,0,Yes,0
STU11122,7.5,76.65,82.92,2,5,5,3,1,0,Yes,1
STU11123,6.65,67.98,65.22,0,0,2,3,2,0,Yes,1
STU11124,6.17,50.55,35.0,0,0,2,1,1,0,Yes,0
STU11125,7.06,76.57,52.38,0,0,2,2,2,0,Yes,1
STU11126,7.45,78.7,71.63,1,1,6,0,2,0,No,0
STU11127,6.02,53.76,49.94,0,0,0,1,2,1,No,0
STU11128,6.72,64.57,60.44,0,0,4,3,3,0,Yes,1
STU11129,7.54,78.03,80.46,1,1,1,4,3,0,Yes,1
STU11130,6.12,49.96,59.31,1,2,1,7,1,0,Yes,0
STU11131,5.09,44.94,45.3,0,0,2,1,1,0,Yes,0
STU11132,5.23,49.89,35.76,3,6,2,2,0,0,No,0
STU11133,6.52,57.76,49.94,0,0,2,2,2,0,No,0
STU11134,5.48,40.56,46.78,1,1,2,1,2,1,No,0
STU11135,6.6,63.26,60.99,1,3,2,1,1,2,No,1
STU11136,8.91,92.79,77.47,0,0,2,1,2,0,No,1
STU11137,5.41,55.3,49.85,1,3,5,4,2,0,Yes,1
STU11138,6.68,65.81,49.1,0,0,1,1,3,0,No,0
STU11139,9.45,94.16,70.27,2,3,5,4,2,0,Yes,1
STU11140,7.47,80.87,66.7,2,5,6,1,3,0,No,1
STU11141,6.58,61.63,66.39,1,2,2,1,3,1,No,0
STU11142,6.82,52.33,71.17,3,7,5,0,3,0,No,1
STU11143,7.49,82.29,62.76,2,5,1,4,1,2,Yes,1
STU11144,8.95,82.52,75.77,0,0,2,1,4,1,No,0
STU11145,6.39,51.74,60.09,2,6,3,5,1,2,Yes,1
STU11146,6.13,48.55,49.53,2,6,3,3,2,0,No,0
STU11147,5.41,63.79,54.08,1,1,2,0,2,0,No,1
STU11148,7.12,72.43,71.26,1,3,3,2,3,0,No,0
STU11149,5.38,42.45,51.2,1,2,0,0,3,0,No,0
STU11150,6.47,55.43,51.6,1,2,1,4,2,0,Yes,1
STU11151,5.96,53.27,52.94,1,1,2,0,4,0,Yes,1
STU11152,8.24,86.85,92.7,1,1,2,0,2,0,No,0
STU11153,6.42,60.52,56.7,2,4,4,1,2,0,No,1
STU11154,7.46,69.18,71.48,3,12,4,1,4,1,No,1
STU11155,5.16,49.43,41.92,1,3,2,1,2,3,No,0
STU11156,7.15,66.55,57.61,2,6,4,0,2,0,No,1
STU11157,5.62,56.53,40.66,3,6,5,2,3,0,Yes,0
STU11158,6.51,60.54,51.85,1,2,0,0,5,0,Yes,0
STU11159,9.54,84.81,76.5,0,0,3,1,3,0,Yes,0
STU11160,8.07,86.32,69.93,1,1,0,4,3,0,Yes,1
STU11161,6.85,67.77,47.79,2,5,4,1,1,0,No,0
STU11162,10.0,87.04,82.2,0,0,0,1,1,0,No,1
STU11163,5.95,57.57,54.24,1,2,1,1,1,0,No,1
STU11164,8.34,88.31,79.63,2,4,5,1,2,0,Yes,1
STU11165,5.24,55.14,43.06,1,1,2,2,1,2,No,0
STU11166,6.72,67.55,64.89,2,5,3,0,2,1,No,1
STU11167,5.45,47.84,56.26,1,2,3,0,1,0,No,0
STU11168,7.3,62.34,83.12,3,6,8,3,2,0,Yes,0
STU11169,7.06,70.02,66.77,3,6,3,5,3,2,Yes,1
STU11170,6.65,64.24,57.5,1,2,2,3,1,0,Yes,1
STU11171,8.26,84.13,78.34,1,2,1,8,2,0,Yes,1
STU11172,6.35,39.79,58.41,2,3,3,1,3,0,Yes,1
STU11173,7.38,77.64,69.63,2,3,3,2,0,0,No,1
STU11174,7.94,75.49,77.04,1,1,0,1,1,0,Yes,1
STU11175,5.29,52.28,44.65,1,1,1,1,5,0,No,0
STU11176,6.14,65.52,46.67,0,0,4,2,4,0,Yes,0
STU11177,7.06,67.36,51.88,3,11,5,1,5,0,Yes,1
STU11178,7.72,81.05,71.4,1,1,2,1,0,0,Yes,0
STU11179,8.63,86.61,92.16,0,0,1,3,3,0,Yes,1
STU11180,6.75,67.01,69.32,0,0,0,3,4,0,Yes,0
STU11181,6.64,62.66,64.68,1,3,4,3,2,0,No,0
STU11182,6.0,50.57,47.71,3,12,7,3,2,1,Yes,1
STU11183,7.38,68.2,65.89,1,1,2,2,2,0,Yes,0
STU11184,6.66,71.93,69.14,0,0,3,3,1,0,Yes,1
STU11185,6.68,65.37,53.24,0,0,1,4,2,1,Yes,1
STU11186,6.89,71.1,63.35,1,3,2,4,1,0,No,1
STU11187,7.63,79.64,84.38,2,4,3,2,2,0,No,1
STU11188,6.35,63.78,55.67,0,0,2,4,2,0,Yes,1
STU11189,6.11,49.59,50.2,3,9,2,1,2,1,No,0
STU11190,7.5,75.86,79.32,0,0,2,2,3,0,Yes,1
STU11191,4.0,48.15,42.55,1,2,2,2,1,0,Yes,0
STU11192,6.31,65.1,55.52,3,12,7,4,1,0,Yes,1
STU11193,5.68,66.73,56.78,1,2,3,2,2,0,No,1
STU11194,8.38,87.3,66.58,1,3,1,1,2,0,No,1
STU11195,6.49,56.01,59.13,0,0,1,3,1,0,Yes,1
STU11196,6.36,50.82,50.4,2,3,5,5,3,0,Yes,1
STU11197,6.94,61.56,62.74,2,6,1,5,3,0,Yes,1
STU11198,6.32,52.78,55.11,1,2,1,4,3,0,No,0
STU11199,6.54,43.19,53.54,2,5,2,2,3,0,No,1
STU11200,7.11,65.58,68.0,0,0,2,0,3,3,No,0
STU11201,6.51,64.55,59.56,1,2,0,0,2,0,Yes,1
STU11202,6.51,60.61,58.38,0,0,3,1,3,0,No,0
STU11203,5.84,50.61,49.83,0,0,2,0,1,0,Yes,0
STU11204,5.67,40.94,46.96,1,1,3,4,4,0,Yes,0
STU11205,7.07,75.28,65.39,1,3,0,3,3,0,Yes,1
STU11206,7.35,76.32,70.72,1,2,0,3,2,0,No,0
STU11207,5.36,48.45,39.87,1,3,3,0,1,0,No,0
STU11208,7.87,66.93,84.77,1,3,0,2,1,0,Yes,1
STU11209,7.88,77.26,76.66,0,0,3,2,1,0,Yes,0
STU11210,8.12,85.21,77.18,1,3,1,3,2,0,Yes,0
STU11211,7.34,72.95,72.49,1,3,4,1,0,0,No,1
STU11212,7.73,79.7,74.86,1,3,3,6,3,0,Yes,1
STU11213,9.51,93.45,93.79,1,3,5,0,2,0,No,1
STU11214,6.65,63.24,64.68,1,3,4,1,3,0,No,1
STU11215,5.8,55.65,49.3,1,3,6,0,3,0,No,1
STU11216,5.24,42.85,50.55,0,0,1,2,4,0,Yes,1
STU11217,9.02,80.79,86.54,2,6,4,5,4,0,Yes,1
STU11218,9.03,91.04,78.25,1,1,4,2,5,0,Yes,1
STU11219,5.94,57.19,55.44,1,1,4,1,0,0,Yes,1
STU11220,6.16,58.71,41.19,3,8,7,1,1,0,No,1
STU11221,6.63,62.71,37.82,1,1,3,0,4,1,Yes,0
STU11222,8.41,83.06,86.19,3,12,3,2,3,0,No,1
STU11223,5.52,50.87,49.26,0,0,4,3,2,0,No,0
STU11224,4.74,48.36,45.35,2,3,2,1,3,0,No,1
STU11225,9.49,91.95,94.65,1,3,1,1,0,0,No,0
STU11226,7.36,88.99,70.2,1,1,2,2,3,0,Yes,1
STU11227,7.52,70.17,70.42,2,3,5,6,0,0,Yes,1
STU11228,6.76,83.41,65.83,3,9,5,0,2,0,No,1
STU11229,7.54,68.38,68.64,0,0,1,4,3,0,Yes,1
STU11230,5.26,50.31,43.57,0,0,3,1,4,0,No,0
STU11231,6.03,46.88,52.57,2,5,4,4,3,0,Yes,1
STU11232,7.12,71.64,68.8,0,0,3,1,1,0,No,0
STU11233,4.39,51.42,40.53,0,0,0,2,3,0,Yes,0
STU11234,6.65,62.5,56.36,0,0,3,4,1,1,Yes,0
STU11235,6.58,67.05,51.5,0,0,2,1,3,0,No,0
STU11236,6.65,59.75,54.57,2,4,5,4,1,0,No,1
STU11237,6.37,45.86,66.07,0,0,0,4,2,0,Yes,0
STU11238,5.85,56.08,47.72,1,1,1,4,3,2,Yes,0
STU11239,4.9,46.73,44.69,0,0,0,0,5,0,Yes,1
STU11240,7.17,67.55,58.48,1,3,2,2,4,0,Yes,0
STU11241,6.65,59.88,74.72,3,8,7,1,2,0,Yes,1
STU11242,5.42,51.37,40.76,0,0,0,2,2,0,Yes,0
STU11243,7.07,64.12,58.96,2,6,9,2,4,1,Yes,0
STU11244,6.66,64.67,59.05,2,3,4,1,3,0,Yes,1
STU11245,6.47,66.75,51.26,0,0,2,2,3,0,No,0
STU11246,4.52,58.04,44.87,0,0,1,2,2,0,No,1
STU11247,7.79,87.56,67.06,0,0,2,0,0,0,Yes,1
STU11248,5.58,50.97,53.83,2,4,2,4,3,0,Yes,1
STU11249,7.07,70.57,71.66,1,1,6,3,2,0,No,1
STU11250,6.07,52.07,50.76,1,2,3,0,4,0,No,0
STU11251,6.55,58.0,47.86,0,0,2,3,1,0,Yes,0
STU11252,8.33,89.65,76.54,0,0,2,3,2,0,Yes,1
STU11253,7.61,75.07,74.29,2,4,2,1,4,0,No,1
STU11254,8.3,86.39,73.93,2,6,4,1,3,2,No,1
STU11255,7.38,67.87,64.36,0,0,1,3,3,0,Yes,1
STU11256,7.46,82.96,78.03,1,2,5,0,2,0,Yes,1
STU11257,4.95,44.77,44.63,1,2,2,0,2,0,No,1
STU11258,6.63,68.55,59.76,1,1,2,3,5,0,Yes,1
STU11259,6.74,59.47,63.86,1,3,4,4,3,0,Yes,0
STU11260,8.41,80.45,81.01,2,6,4,1,1,0,No,1
STU11261,6.42,66.85,55.53,2,5,2,8,1,0,Yes,1
STU11262,7.3,68.82,72.31,1,2,2,3,2,0,Yes,0
STU11263,7.26,62.47,73.73,1,1,2,1,1,1,No,0
STU11264,8.33,78.22,84.45,2,3,6,5,1,0,Yes,1
STU11265,6.85,70.52,71.14,1,1,3,3,2,0,Yes,0
STU11266,7.95,85.6,78.18,2,5,3,3,4,1,No,0
STU11267,5.04,42.47,35.96,2,3,2,6,3,0,Yes,0
STU11268,5.14,43.69,51.01,0,0,1,1,2,0,Yes,1
STU11269,4.37,49.55,41.04,1,3,1,2,5,0,No,0
STU11270,7.9,88.41,72.9,0,0,0,0,1,0,No,0
STU11271,7.77,78.62,80.3,2,4,5,4,3,1,Yes,1
STU11272,8.03,85.15,81.05,0,0,4,0,5,1,No,1
STU11273,6.22,61.51,45.6,0,0,2,5,1,0,Yes,0
STU11274,6.35,70.85,58.96,0,0,1,1,2,0,No,0
STU11275,6.86,58.66,73.84,2,4,4,0,2,0,Yes,1
STU11276,8.66,82.56,85.51,3,12,7,2,2,0,No,1
STU11277,8.95,84.83,83.34,1,3,1,2,2,0,Yes,1
STU11278,7.91,85.61,67.63,1,2,1,4,1,2,Yes,1
STU11279,7.38,72.15,82.97,1,3,3,1,1,0,Yes,0
STU11280,8.54,87.71,79.74,1,2,1,2,3,0,No,0
STU11281,6.71,63.82,51.64,0,0,0,1,3,0,No,1
STU11282,6.55,60.77,58.43,0,0,4,1,1,0,No,1
STU11283,6.85,66.1,68.51,1,2,7,1,3,0,No,1
STU11284,5.87,58.72,56.95,0,0,2,2,3,0,Yes,1
STU11285,6.8,58.85,57.64,1,1,3,3,1,0,No,0
STU11286,5.71,50.14,47.44,2,6,1,1,2,0,No,0
STU11287,8.18,75.82,80.11,2,3,4,1,0,0,No,1
STU11288,7.63,78.44,79.94,1,1,2,3,1,0,Yes,1
STU11289,8.64,85.31,87.04,0,0,1,1,3,0,No,1
STU11290,5.13,53.82,46.03,1,1,0,1,3,0,Yes,0
STU11291,9.19,88.64,91.15,0,0,1,0,5,0,No,1
STU11292,5.19,45.02,36.51,0,0,4,0,5,0,No,0
STU11293,5.62,48.81,49.81,3,6,7,1,3,1,No,1
STU11294,6.29,67.45,55.43,2,5,4,1,2,0,Yes,1
STU11295,8.5,76.26,82.38,1,1,6,2,1,0,Yes,0
STU11296,7.26,68.1,67.37,1,2,1,3,2,0,Yes,0
STU11297,6.72,63.51,61.1,0,0,3,1,3,0,Yes,0
STU11298,6.09,50.87,48.26,0,0,1,4,3,0,Yes,0
STU11299,5.42,51.87,62.28,0,0,1,5,5,0,Yes,1
STU11300,8.3,83.9,89.39,3,6,1,5,1,0,Yes,1
STU11301,7.92,82.25,84.27,2,4,3,2,3,2,Yes,1
STU11302,8.56,86.67,79.78,0,0,1,2,5,0,Yes,1
STU11303,7.46,74.13,66.0,0,0,1,0,3,0,No,0
STU11304,4.0,37.38,40.85,0,0,0,2,3,1,Yes,0
STU11305,5.57,50.99,47.62,0,0,1,0,3,0,No,0
STU11306,7.53,65.32,64.21,0,0,0,2,0,0,No,0
STU11307,6.57,57.08,61.0,0,0,3,3,2,3,Yes,0
STU11308,6.36,60.98,61.54,2,5,4,5,2,0,Yes,1
STU11309,5.73,58.31,35.0,0,0,2,4,1,0,Yes,0
STU11310,8.09,96.42,73.92,1,2,5,5,5,0,Yes,1
STU11311,7.52,73.17,80.11,1,3,4,2,3,0,Yes,1
STU11312,7.58,71.27,75.71,1,3,5,3,2,0,Yes,1
STU11313,6.27,60.0,48.67,0,0,1,1,2,0,No,1
STU11314,7.2,82.19,72.39,2,4,1,2,2,0,No,1
STU11315,5.46,58.4,42.64,0,0,0,2,2,0,Yes,0
STU11316,6.85,59.23,61.02,1,3,1,4,2,1,Yes,0
STU11317,4.09,44.45,35.46,0,0,2,3,2,0,Yes,0
STU11318,5.2,52.81,44.81,2,6,2,2,4,0,Yes,1
STU11319,6.63,67.47,65.06,0,0,1,1,2,0,No,0
STU11320,9.73,93.13,83.71,2,3,4,1,3,0,Yes,1
STU11321,4.93,43.94,47.51,1,3,0,2,3,1,Yes,0
STU11322,5.57,53.44,46.64,2,3,2,0,5,0,No,1
STU11323,7.25,77.32,75.22,3,11,6,0,3,0,Yes,1
STU11324,9.03,82.59,82.41,1,3,1,1,1,0,No,1
STU11325,7.23,79.43,77.78,1,2,5,1,1,0,No,1
STU11326,7.81,85.31,80.45,1,2,3,2,1,0,No,1
STU11327,6.61,57.19,60.11,2,5,4,7,2,0,Yes,1
STU11328,6.41,64.38,57.51,1,2,1,0,2,0,No,0
STU11329,7.09,74.27,63.6,2,3,4,1,3,0,No,1
STU11330,6.24,61.65,50.37,0,0,3,2,1,2,No,0
STU11331,7.83,89.11,78.23,0,0,2,2,1,1,No,0
STU11332,5.15,47.45,37.32,0,0,1,3,2,0,No,0
STU11333,8.02,83.74,75.14,1,2,2,3,1,1,Yes,1
STU11334,7.05,52.8,60.0,2,6,3,3,4,0,Yes,1
STU11335,6.75,70.58,64.32,0,0,2,1,3,2,Yes,0
STU11336,5.11,53.45,47.85,1,2,3,3,2,0,No,0
STU11337,5.87,60.66,57.13,1,2,3,7,2,0,Yes,1
STU11338,8.38,79.17,79.78,1,3,2,3,2,1,Yes,1
STU11339,6.76,69.77,56.15,0,0,3,4,1,2,Yes,1
STU11340,7.32,78.9,60.98,0,0,1,3,1,0,Yes,1
STU11341,5.99,49.69,52.22,2,3,3,3,2,0,Yes,1
STU11342,6.97,73.67,72.72,0,0,2,1,1,0,No,0
STU11343,5.42,51.73,45.51,1,1,0,1,4,0,Yes,0
STU11344,7.11,59.5,66.85,0,0,1,0,2,1,Yes,0
STU11345,7.43,77.81,71.27,0,0,1,2,1,1,Yes,1
STU11346,7.37,68.87,72.0,0,0,3,2,1,0,No,1
STU11347,5.96,43.29,56.33,0,0,2,2,3,0,No,1
STU11348,6.61,63.8,70.11,3,12,5,2,4,0,Yes,0
STU11349,7.62,76.59,76.97,1,2,3,2,2,2,No,0
STU11350,6.76,72.37,64.33,1,2,0,1,1,0,Yes,1
STU11351,6.67,63.63,58.11,2,4,4,3,1,0,Yes,1
STU11352,9.19,93.35,85.03,0,0,0,1,3,1,No,1
STU11353,5.91,55.89,49.11,1,1,3,1,4,1,No,0
STU11354,8.24,89.8,78.48,1,1,2,4,2,1,Yes,1
STU11355,5.67,45.33,48.42,2,6,3,0,1,0,No,0
STU11356,7.75,79.96,79.52,0,0,0,1,1,1,Yes,1
STU11357,7.81,78.6,76.83,1,1,1,2,2,0,Yes,1
STU11358,6.41,62.76,54.15,0,0,1,1,1,0,Yes,0
STU11359,5.6,51.65,47.87,1,3,1,2,2,0,Yes,0
STU11360,4.73,42.39,37.31,0,0,0,1,2,0,No,0
STU11361,6.29,55.16,59.01,2,4,4,0,2,0,No,0
STU11362,7.61,86.69,71.32,1,3,2,2,3,0,Yes,1
STU11363,5.76,41.27,41.5,1,3,4,0,4,0,No,1
STU11364,7.11,73.88,69.4,0,0,1,0,1,0,No,1
STU11365,5.3,55.66,48.28,0,0,0,3,3,2,No,0
STU11366,6.73,67.01,55.37,0,0,1,3,2,0,No,0
STU11367,5.68,62.57,51.48,0,0,5,2,2,0,No,0
STU11368,6.91,72.02,67.19,1,1,2,0,1,1,No,1
STU11369,6.42,61.26,67.8,1,3,1,1,0,1,No,1
STU11370,5.63,47.55,45.94,0,0,4,0,2,0,No,0
STU11371,6.24,58.95,53.21,2,6,3,3,2,0,Yes,1
STU11372,5.93,57.08,46.35,1,2,1,3,2,1,No,0
STU11373,5.49,49.43,49.37,2,5,2,3,1,1,No,1
STU11374,8.25,79.25,80.68,2,4,5,1,1,0,No,1
STU11375,6.59,54.05,64.2,0,0,2,6,1,0,Yes,0
STU11376,4.47,46.73,40.01,2,6,4,4,1,0,Yes,1
STU11377,6.28,48.17,56.89,1,1,4,1,1,0,No,0
STU11378,8.05,79.18,77.58,2,5,2,0,2,0,No,1
STU11379,6.12,40.53,41.06,2,5,6,4,1,0,Yes,1
STU11380,8.72,91.92,87.69,2,6,1,2,2,0,Yes,1
STU11381,6.01,60.78,40.37,1,1,3,3,3,0,Yes,1
STU11382,7.58,76.97,72.54,1,2,2,3,0,0,Yes,1
STU11383,8.19,94.21,79.36,1,1,4,1,4,0,Yes,1
STU11384,7.52,83.71,72.58,2,3,2,3,0,2,No,1
STU11385,5.42,51.82,46.23,0,0,3,3,1,0,No,0
STU11386,5.92,52.24,50.15,0,0,3,1,3,0,No,0
STU11387,8.35,82.48,83.76,0,0,4,3,1,0,Yes,1
STU11388,6.07,57.9,50.87,1,3,5,0,2,0,No,0
STU11389,8.12,81.77,95.31,1,1,4,6,3,0,No,1
STU11390,6.51,63.43,55.08,2,4,5,2,3,1,No,0
STU11391,7.16,74.13,60.06,0,0,1,1,4,0,Yes,1
STU11392,5.41,47.45,37.37,1,2,3,4,3,0,No,0
STU11393,6.3,63.86,58.24,0,0,0,7,3,0,Yes,1
STU11394,5.99,52.27,41.09,1,3,6,10,1,0,Yes,1
STU11395,7.26,72.0,61.62,0,0,3,2,2,0,No,1
STU11396,7.11,63.7,58.44,0,0,1,0,1,0,No,1
STU11397,7.53,74.24,75.61,0,0,1,3,5,0,Yes,1
STU11398,6.44,72.04,64.08,1,1,2,4,1,0,Yes,0
STU11399,5.93,47.64,44.38,0,0,5,6,1,0,Yes,0
STU11400,7.21,73.74,70.64,1,1,3,0,1,0,No,1
STU11401,5.82,49.23,35.0,2,4,4,1,2,0,Yes,1
STU11402,8.24,70.37,76.18,0,0,2,1,0,1,No,0
STU11403,6.87,69.07,66.34,1,2,0,1,4,0,Yes,1
STU11404,6.62,58.55,57.01,2,4,5,2,1,0,Yes,1
STU11405,7.53,77.77,78.82,2,4,4,4,3,0,Yes,1
STU11406,6.91,72.35,50.01,2,6,3,1,1,0,Yes,0
STU11407,5.09,48.65,39.84,0,0,0,2,2,0,Yes,0
STU11408,5.78,53.55,51.29,1,2,4,2,1,2,Yes,0
STU11409,8.22,78.23,83.07,3,7,3,1,2,0,No,1
STU11410,7.1,73.65,69.51,0,0,1,2,1,1,No,0
STU11411,5.07,46.02,45.4,0,0,3,4,3,0,Yes,0
STU11412,7.4,62.03,64.15,1,2,6,1,3,0,No,0
STU11413,6.36,62.99,50.35,0,0,1,0,1,0,No,1
STU11414,5.99,60.45,64.55,1,1,2,1,1,0,Yes,1
STU11415,5.68,59.65,40.21,1,3,4,3,2,1,No,0
STU11416,8.15,95.89,71.37,0,0,2,2,5,2,Yes,1
STU11417,4.74,50.74,47.17,0,0,1,2,1,1,Yes,0
STU11418,6.04,57.16,44.72,1,1,2,2,3,0,No,0
STU11419,7.14,76.59,77.8,2,3,4,6,1,0,Yes,1
STU11420,8.82,82.02,100.0,2,3,4,0,2,2,No,1
STU11421,7.64,67.25,72.84,0,0,1,1,3,1,No,0
STU11422,6.03,51.11,52.83,0,0,3,3,1,0,Yes,1
STU11423,8.76,94.75,73.14,2,5,4,3,2,0,No,0
STU11424,5.44,45.11,52.27,0,0,1,0,2,0,No,0
STU11425,7.31,75.37,56.15,1,3,1,0,1,0,No,0
STU11426,7.56,79.72,65.25,0,0,0,1,2,0,No,1
STU11427,5.99,55.05,51.3,0,0,2,0,0,1,No,0
STU11428,7.8,71.65,79.6,2,5,0,0,3,0,Yes,1
STU11429,6.41,60.83,46.87,0,0,0,3,1,0,Yes,0
STU11430,7.8,76.75,73.02,1,3,4,2,3,0,No,1
STU11431,4.88,56.7,35.0,1,2,2,1,1,0,Yes,0
STU11432,7.39,80.54,68.82,0,0,3,1,3,1,No,0
STU11433,6.53,58.09,52.6,2,6,2,2,2,0,Yes,0
STU11434,8.32,94.98,77.58,0,0,3,2,2,2,Yes,1
STU11435,6.95,69.12,67.96,1,3,3,3,1,0,Yes,1
STU11436,8.44,75.19,83.91,2,5,7,3,3,1,Yes,1
STU11437,7.58,76.07,76.9,0,0,2,0,2,0,No,0
STU11438,6.85,75.29,61.71,0,0,1,0,2,0,No,0
STU11439,7.91,75.63,81.85,1,1,2,1,1,0,No,0
STU11440,7.91,80.24,77.44,0,0,0,1,1,0,No,0
STU11441,7.54,67.87,70.08,0,0,3,1,3,0,No,0
STU11442,4.36,38.3,45.93,1,1,4,0,4,0,No,0
STU11443,5.87,47.48,46.94,1,2,0,2,2,0,Yes,1
STU11444,8.59,78.8,81.19,1,2,3,0,3,0,No,1
STU11445,5.56,46.14,53.26,0,0,1,2,2,0,Yes,0
STU11446,8.01,92.1,84.52,1,3,2,3,1,0,No,1
STU11447,7.81,79.21,74.65,2,6,5,4,5,0,Yes,1
STU11448,6.17,60.34,57.87,3,10,5,4,0,0,Yes,1
STU11449,4.71,52.57,35.35,1,3,2,0,2,2,No,0
STU11450,6.35,51.18,53.08,1,1,2,1,3,0,No,1
STU11451,9.39,84.16,81.64,1,3,2,0,2,0,No,1
STU11452,6.01,58.38,50.78,2,4,2,4,1,0,Yes,0
STU11453,6.09,50.85,56.06,0,0,0,1,2,0,No,0
STU11454,5.85,56.5,52.64,0,0,1,1,4,0,No,0
STU11455,8.4,95.0,84.45,0,0,4,3,4,0,No,1
STU11456,6.72,54.58,61.14,3,7,3,1,2,0,No,1
STU11457,6.28,54.87,53.05,2,6,3,1,2,2,Yes,1
STU11458,8.63,85.18,90.58,0,0,2,0,1,1,No,1
STU11459,7.67,74.57,65.45,2,4,6,3,3,0,No,1
STU11460,5.94,49.51,46.16,1,3,5,4,4,0,Yes,0
STU11461,5.59,47.13,49.55,2,3,6,1,2,0,No,0
STU11462,8.33,84.38,90.64,2,6,1,1,2,0,No,1
STU11463,7.02,69.21,63.15,0,0,0,4,1,0,Yes,0
STU11464,5.22,53.55,43.27,0,0,2,1,2,2,No,0
STU11465,4.95,46.54,35.96,0,0,1,0,1,0,Yes,0
STU11466,5.72,57.76,44.8,1,1,3,1,3,1,No,0
STU11467,5.57,46.41,51.21,1,1,3,0,3,0,No,0
STU11468,4.65,38.71,52.39,1,2,5,4,2,0,Yes,1
STU11469,5.74,49.4,46.47,1,3,4,5,1,0,Yes,1
STU11470,5.94,55.93,45.37,1,1,1,0,3,0,No,1
STU11471,6.47,64.72,56.98,0,0,1,4,4,0,No,1
STU11472,8.95,96.63,75.18,2,3,6,2,5,0,Yes,1
STU11473,6.69,64.62,67.29,1,3,4,2,4,0,No,0
STU11474,6.81,69.34,54.44,2,5,2,2,4,0,Yes,1
STU11475,7.59,84.78,75.45,0,0,0,1,2,1,Yes,1
STU11476,6.73,58.76,62.23,0,0,3,1,2,0,Yes,0
STU11477,7.46,73.56,75.59,1,1,4,2,1,3,No,0
STU11478,7.32,89.44,71.35,0,0,0,1,2,0,No,1
STU11479,7.14,75.22,67.09,1,3,1,2,3,0,No,1
STU11480,10.0,92.96,89.46,1,2,1,1,0,0,No,1
STU11481,8.05,87.34,83.99,0,0,3,4,1,0,Yes,1
STU11482,5.76,43.39,59.18,0,0,3,4,3,0,Yes,0
STU11483,7.43,70.42,64.68,1,2,1,1,4,0,Yes,1
STU11484,6.09,48.62,40.66,3,7,4,1,4,1,No,0
STU11485,7.51,78.08,63.29,0,0,1,8,1,0,Yes,1
STU11486,5.42,46.72,35.05,1,2,3,1,2,1,Yes,0
STU11487,5.73,51.7,40.93,0,0,2,3,2,0,Yes,1
STU11488,7.4,72.01,62.91,1,3,0,2,2,0,No,0
STU11489,8.15,73.09,77.35,1,1,5,2,1,2,No,0
STU11490,7.58,81.79,78.61,1,2,3,2,3,0,No,1
STU11491,7.98,70.79,82.12,1,3,2,4,1,0,Yes,1
STU11492,7.43,69.98,67.61,1,1,4,1,2,0,No,1
STU11493,7.2,63.03,64.71,2,6,8,7,4,0,Yes,0
STU11494,6.42,53.65,67.99,0,0,1,0,3,0,Yes,0
STU11495,7.93,82.07,81.43,0,0,1,0,2,0,No,0
STU11496,8.18,90.51,81.14,1,3,3,0,1,1,No,1
STU11497,6.93,57.28,64.37,2,6,4,1,1,0,Yes,0
STU11498,6.87,62.34,60.94,0,0,0,1,0,0,Yes,0
STU11499,8.83,76.93,96.44,0,0,1,1,1,0,Yes,0
STU11500,6.98,63.83,63.32,0,0,1,1,0,2,Yes,0
STU11501,7.09,69.7,67.17,0,0,1,3,1,3,Yes,0
STU11502,7.56,80.82,63.33,1,2,2,3,2,0,Yes,1
STU11503,6.89,53.29,59.18,1,1,4,4,2,0,Yes,1
STU11504,6.06,57.6,47.99,0,0,2,3,3,1,No,0
STU11505,7.43,68.57,74.32,0,0,4,2,3,0,No,0
STU11506,6.96,59.88,59.52,2,4,6,3,1,2,Yes,1
STU11507,9.12,88.88,85.77,1,3,4,4,3,1,Yes,1
STU11508,7.91,84.32,73.91,2,4,4,6,2,0,Yes,1
STU11509,6.32,56.82,47.82,0,0,1,6,2,0,Yes,0
STU11510,7.84,73.16,69.87,1,2,1,4,5,0,Yes,1
STU11511,7.35,72.66,69.23,0,0,2,1,2,0,Yes,1
STU11512,8.51,81.35,83.32,0,0,1,2,2,1,No,0
STU11513,6.4,62.25,54.46,0,0,3,3,1,0,No,1
STU11514,7.22,77.7,63.25,0,0,3,0,2,0,No,0
STU11515,6.89,72.04,62.15,2,3,5,2,2,1,Yes,1
STU11516,7.07,68.84,64.02,1,1,2,1,2,0,No,0
STU11517,5.98,60.29,44.3,0,0,2,9,3,0,Yes,0
STU11518,7.66,71.54,75.17,1,3,1,2,2,0,Yes,1
STU11519,7.48,85.8,82.97,2,4,6,2,2,0,No,1
STU11520,8.48,79.35,81.61,3,9,3,2,3,0,No,1
STU11521,6.99,55.46,55.88,0,0,0,3,3,0,No,0
STU11522,6.53,68.6,66.22,3,12,3,5,1,0,Yes,1
STU11523,7.91,76.3,85.11,0,0,2,1,4,0,No,1
STU11524,6.09,55.36,60.26,1,2,0,0,1,1,No,0
STU11525,8.25,77.55,80.49,2,5,4,0,2,2,No,1
STU11526,8.25,97.89,76.0,2,4,3,1,3,0,No,1
STU11527,8.45,96.22,76.93,1,1,2,1,1,0,Yes,1
STU11528,7.43,83.66,78.23,2,6,6,4,4,0,No,1
STU11529,6.44,59.71,65.81,1,2,0,1,3,0,Yes,0
STU11530,7.13,75.76,61.35,0,0,3,1,2,2,Yes,0
STU11531,7.44,74.13,56.33,2,5,1,2,1,0,Yes,1
STU11532,6.36,64.74,54.9,2,5,5,3,1,2,Yes,0
STU11533,8.53,83.37,77.4,1,2,3,0,1,0,No,1
STU11534,7.67,87.25,70.5,2,3,0,6,2,0,Yes,1
STU11535,5.97,50.73,49.07,1,3,2,2,2,2,Yes,1
STU11536,9.17,86.52,88.07,2,6,5,5,2,0,No,1
STU11537,7.11,66.84,61.95,1,3,1,3,2,0,Yes,1
STU11538,5.74,52.42,49.08,1,1,4,3,2,0,No,1
STU11539,6.05,51.82,50.39,0,0,4,1,3,0,No,0
STU11540,8.71,89.79,70.03,0,0,1,2,1,0,No,1
STU11541,9.1,85.52,88.67,1,3,5,1,2,0,Yes,1
STU11542,8.16,87.69,77.24,2,6,1,2,3,0,Yes,1
STU11543,8.52,94.86,75.17,0,0,2,0,3,0,Yes,1
STU11544,8.4,85.41,77.59,0,0,1,2,2,0,No,1
STU11545,7.64,90.68,75.58,0,0,1,2,2,0,Yes,0
STU11546,7.38,80.39,70.9,2,5,4,1,1,0,No,0
STU11547,7.62,89.85,77.89,2,6,6,0,2,0,No,1
STU11548,7.85,79.45,79.43,0,0,1,1,1,0,Yes,0
STU11549,6.15,45.43,45.37,1,1,4,6,2,1,Yes,0
STU11550,7.84,75.52,59.04,1,2,4,7,1,0,Yes,1
STU11551,8.68,83.03,84.38,0,0,0,3,1,0,No,1
STU11552,6.76,58.31,64.81,0,0,3,1,4,1,No,0
STU11553,6.64,48.93,57.89,0,0,0,2,3,0,Yes,0
STU11554,7.55,82.24,77.06,0,0,1,0,4,3,Yes,1
STU11555,6.25,45.51,47.66,0,0,2,2,1,0,Yes,0
STU11556,5.49,54.96,44.31,0,0,1,1,1,0,No,0
STU11557,8.32,97.48,75.84,3,6,4,2,4,0,No,1
STU11558,6.48,55.13,60.98,1,1,1,2,3,0,Yes,1
STU11559,7.02,70.58,59.79,0,0,2,0,1,0,No,1
STU11560,6.3,54.86,66.61,0,0,3,1,3,0,Yes,0
STU11561,8.47,90.38,79.41,0,0,1,2,2,0,Yes,1
STU11562,7.98,74.18,83.14,0,0,2,3,0,0,Yes,1
STU11563,6.72,62.57,57.43,0,0,0,1,2,0,No,1
STU11564,5.64,57.2,55.5,0,0,0,0,3,1,Yes,0
STU11565,6.6,61.22,66.31,1,1,3,2,3,0,No,1
STU11566,7.66,67.8,72.63,1,2,2,1,1,1,No,0
STU11567,7.22,78.69,69.89,2,5,4,2,3,0,No,1
STU11568,7.13,62.09,74.51,0,0,0,1,2,3,No,0
STU11569,7.24,72.14,70.49,0,0,1,4,2,1,Yes,0
STU11570,7.87,83.61,71.59,0,0,2,7,3,1,Yes,1
STU11571,6.95,67.83,64.53,0,0,2,1,2,1,No,0
STU11572,7.52,90.85,68.13,0,0,2,3,4,1,Yes,1
STU11573,5.87,56.82,50.32,0,0,2,1,4,0,No,0
STU11574,9.94,88.53,82.02,2,6,5,4,1,1,Yes,1
STU11575,6.67,66.21,61.83,1,3,3,3,2,0,No,1
STU11576,7.23,72.75,57.76,2,4,4,2,3,1,No,1
STU11577,7.65,77.78,67.79,1,2,3,6,3,0,Yes,1
STU11578,6.53,61.91,52.69,2,3,3,1,2,0,No,1
STU11579,7.01,65.39,64.03,0,0,1,1,2,0,Yes,0
STU11580,7.0,69.03,55.68,0,0,3,0,2,0,No,0
STU11581,5.95,50.19,44.92,1,1,2,1,0,0,No,0
STU11582,7.5,64.08,77.12,2,5,2,2,1,0,Yes,1
STU11583,5.1,54.12,49.67,2,5,4,0,3,0,Yes,0
STU11584,9.02,84.73,69.92,0,0,1,2,1,0,Yes,1
STU11585,7.91,81.48,74.11,3,12,4,0,2,0,No,1
STU11586,7.73,74.0,83.22,1,2,3,1,1,0,No,1
STU11587,5.0,42.51,46.2,1,2,3,5,1,0,Yes,1
STU11588,6.09,48.45,54.13,0,0,0,1,1,0,No,1
STU11589,8.6,91.89,86.58,1,2,0,1,1,0,Yes,1
STU11590,10.0,97.03,81.14,1,2,3,0,2,0,No,1
STU11591,8.37,84.92,83.05,2,6,5,6,2,3,Yes,1
STU11592,8.19,80.01,83.06,2,6,5,2,3,1,No,1
STU11593,7.6,66.62,74.42,1,2,1,0,5,0,No,1
STU11594,6.03,58.73,48.6,0,0,2,1,5,1,No,0
STU11595,8.14,78.74,79.51,0,0,3,2,2,0,No,1
STU11596,5.73,44.49,41.35,1,1,1,2,1,0,No,0
STU11597,5.61,50.38,50.89,0,0,1,1,5,0,Yes,1
STU11598,5.54,47.71,38.1,1,1,1,4,4,0,Yes,1
STU11599,8.12,73.51,74.72,0,0,1,2,2,1,No,0
STU11600,6.93,58.5,67.88,0,0,0,4,5,1,No,0
STU11601,7.12,71.74,68.46,0,0,4,5,2,0,Yes,1
STU11602,6.98,63.63,61.66,2,3,1,1,2,0,No,0
STU11603,5.71,54.02,37.69,1,1,2,1,3,0,Yes,0
STU11604,6.23,57.25,53.1,0,0,0,2,1,2,No,1
STU11605,6.29,63.4,50.33,0,0,0,2,4,0,No,1
STU11606,5.38,43.71,48.58,0,0,3,0,3,0,Yes,0
STU11607,6.42,60.31,52.81,2,4,3,0,1,3,No,0
STU11608,5.76,55.24,37.9,0,0,1,0,2,0,No,0
STU11609,7.66,73.95,66.4,0,0,3,1,3,0,No,0
STU11610,7.76,85.59,73.27,0,0,3,3,2,3,Yes,1
STU11611,5.51,39.56,47.21,0,0,0,0,2,0,No,1
STU11612,6.66,57.4,52.41,1,1,3,0,3,0,No,0
STU11613,9.13,78.3,80.98,2,5,3,1,0,0,No,1
STU11614,5.87,48.1,54.27,1,3,2,0,2,0,No,0
STU11615,7.49,74.35,78.94,0,0,0,1,4,1,Yes,1
STU11616,7.12,74.8,68.47,0,0,0,0,1,0,No,0
STU11617,8.26,82.91,79.13,1,2,5,3,2,0,No,1
STU11618,7.34,69.48,66.33,0,0,2,2,5,0,No,0
STU11619,6.5,50.82,60.36,0,0,4,1,1,0,No,0
STU11620,7.08,61.81,64.19,0,0,0,1,1,1,No,0
STU11621,7.09,71.25,71.9,0,0,1,3,0,0,No,0
STU11622,6.89,71.43,68.98,0,0,0,1,3,0,No,1
STU11623,5.48,46.85,48.83,1,3,2,6,1,0,Yes,1
STU11624,8.43,92.44,79.19,2,4,4,1,4,0,Yes,1
STU11625,8.23,77.84,78.02,1,3,0,3,1,1,Yes,0
STU11626,5.8,49.42,38.91,0,0,2,1,2,0,Yes,0
STU11627,6.65,60.49,59.02,1,1,0,2,0,0,No,1
STU11628,6.74,72.87,60.19,0,0,0,0,2,1,Yes,0
STU11629,5.67,51.44,39.37,0,0,0,3,3,0,No,0
STU11630,4.85,35.57,57.54,1,2,2,1,1,0,No,0
STU11631,6.23,62.09,56.71,0,0,2,1,3,0,Yes,0
STU11632,6.59,72.42,53.3,1,1,2,5,1,0,Yes,1
STU11633,5.34,46.97,57.79,0,0,1,0,1,0,No,0
STU11634,7.2,65.61,65.02,0,0,2,1,3,1,No,0
STU11635,8.34,89.69,86.49,1,2,3,2,3,0,Yes,1
STU11636,7.97,92.99,78.73,1,3,3,6,1,0,Yes,1
STU11637,6.85,70.59,59.73,2,3,1,2,2,0,No,1
STU11638,4.88,36.73,41.45,0,0,3,2,2,1,Yes,0
STU11639,7.82,84.08,85.17,3,6,3,0,3,0,No,0
STU11640,7.17,72.91,72.74,0,0,2,2,1,0,Yes,0
STU11641,7.49,69.51,71.5,3,12,5,2,4,0,Yes,1
STU11642,9.23,96.51,73.48,0,0,2,1,1,0,Yes,1
STU11643,6.05,56.85,53.04,3,9,5,1,1,0,Yes,1
STU11644,4.0,53.01,35.0,3,11,2,1,2,0,Yes,1
STU11645,5.79,45.29,51.89,0,0,1,0,2,0,No,0
STU11646,7.56,78.65,68.97,0,0,1,2,2,0,Yes,1
STU11647,7.03,63.02,61.74,1,3,3,2,2,0,No,0
STU11648,5.6,51.63,43.31,0,0,2,3,3,1,Yes,0
STU11649,5.37,57.46,51.72,0,0,1,2,2,0,No,0
STU11650,6.59,52.81,47.77,3,10,8,2,2,0,No,1
STU11651,5.57,41.71,51.35,2,3,3,1,1,0,No,0
STU11652,7.6,82.45,75.77,2,5,4,0,3,0,No,1
STU11653,6.53,60.35,57.0,2,6,2,1,1,0,No,0
STU11654,6.28,64.02,51.3,1,2,1,6,2,0,Yes,0
STU11655,6.13,50.31,55.07,1,2,2,4,3,0,Yes,1
STU11656,7.3,72.86,66.91,1,1,2,6,5,0,Yes,1
STU11657,7.05,72.82,62.99,0,0,0,4,0,0,Yes,1
STU11658,7.23,72.71,68.83,0,0,1,0,4,0,No,0
STU11659,7.21,60.33,78.38,1,1,1,2,2,1,No,0
STU11660,6.92,83.4,54.39,2,5,2,1,1,0,No,1
STU11661,5.81,53.19,51.92,0,0,0,1,4,0,Yes,0
STU11662,6.16,47.51,51.7,0,0,3,0,1,0,No,0
STU11663,6.55,62.58,56.38,3,11,5,1,3,1,No,1
STU11664,9.37,91.7,76.96,0,0,3,0,2,0,No,1
STU11665,5.45,55.08,35.58,1,2,1,5,2,0,Yes,1
STU11666,6.52,65.86,59.34,1,2,1,1,4,0,No,0
STU11667,7.11,68.38,59.04,0,0,0,2,4,0,No,1
STU11668,6.65,51.94,65.37,1,2,3,2,3,0,No,0
STU11669,8.24,86.36,74.5,1,1,3,2,2,0,No,1
STU11670,6.65,52.33,62.49,0,0,2,4,2,1,Yes,0
STU11671,6.73,70.81,57.06,1,1,2,1,0,0,No,1
STU11672,7.94,76.49,74.14,1,3,3,1,2,0,Yes,1
STU11673,9.08,92.17,79.88,1,1,4,1,2,0,No,0
STU11674,8.62,82.38,85.94,0,0,0,2,4,1,Yes,0
STU11675,6.84,62.38,66.62,2,5,4,0,2,0,Yes,1
STU11676,6.94,62.16,62.08,2,5,6,2,4,1,Yes,1
STU11677,7.05,73.06,69.31,2,6,3,0,4,0,No,1
STU11678,7.17,66.76,67.57,1,3,0,0,3,0,No,1
STU11679,6.03,58.57,42.96,2,4,1,0,4,0,Yes,0
STU11680,8.08,78.67,81.52,2,3,4,3,2,0,Yes,1
STU11681,7.24,70.18,66.76,3,10,6,0,1,3,No,1
STU11682,6.95,67.25,48.35,2,5,4,2,2,0,No,1
STU11683,5.54,50.66,44.39,0,0,2,3,2,0,Yes,1
STU11684,7.07,63.46,55.84,0,0,0,1,1,0,Yes,0
STU11685,4.82,50.48,35.87,1,3,3,3,2,0,Yes,0
STU11686,6.33,56.03,53.16,1,1,2,5,1,0,Yes,1
STU11687,6.35,61.22,54.5,2,6,5,1,0,0,Yes,0
STU11688,7.33,72.83,64.92,0,0,1,3,2,0,Yes,0
STU11689,9.16,92.11,88.75,1,3,5,5,1,1,Yes,0
STU11690,7.66,75.13,73.91,1,2,1,3,3,0,No,0
STU11691,8.67,81.86,81.05,1,2,3,4,2,1,Yes,1
STU11692,7.74,81.22,75.92,1,1,3,0,1,1,No,0
STU11693,8.29,81.17,88.36,2,6,4,2,3,0,No,0
STU11694,9.14,97.29,72.63,1,2,4,1,1,0,No,1
STU11695,6.16,55.95,60.34,1,1,3,0,4,0,Yes,0
STU11696,6.08,46.38,47.92,0,0,3,3,1,0,Yes,0
STU11697,7.77,75.44,71.28,1,1,5,3,1,3,No,1
STU11698,7.0,61.77,62.35,0,0,1,1,2,0,No,1
STU11699,7.25,78.23,63.48,1,1,1,1,4,0,Yes,1
STU11700,6.71,67.85,53.96,0,0,3,4,1,0,Yes,0
STU11701,6.31,57.05,59.49,0,0,1,3,4,0,Yes,0
STU11702,8.86,89.31,85.53,1,3,4,4,1,0,Yes,1
STU11703,5.74,50.69,36.71,1,1,4,1,4,0,No,1
STU11704,7.79,84.34,80.22,3,7,4,2,2,0,No,1
STU11705,7.6,79.89,76.94,1,2,4,0,2,0,No,0
STU11706,5.18,51.87,35.76,1,2,2,2,3,0,No,0
STU11707,6.04,52.99,52.22,2,3,3,3,2,0,Yes,0
STU11708,6.24,52.69,57.2,0,0,1,3,2,0,No,0
STU11709,7.65,81.46,64.85,0,0,1,2,2,0,Yes,0
STU11710,6.58,70.47,59.87,0,0,0,2,5,0,No,1
STU11711,6.9,72.92,59.23,1,2,2,2,1,1,No,0
STU11712,5.32,57.82,48.59,1,2,4,2,3,0,Yes,0
STU11713,9.67,90.5,80.92,2,3,5,3,2,0,No,1
STU11714,7.08,63.35,72.42,1,2,1,5,1,0,Yes,1
STU11715,7.57,71.14,71.97,0,0,3,1,2,0,No,0
STU11716,6.38,66.62,51.65,2,3,3,1,2,2,No,0
STU11717,6.25,45.46,49.3,0,0,2,2,3,0,No,1
STU11718,9.2,97.72,90.94,1,3,6,1,3,0,No,1
STU11719,4.8,41.47,38.86,1,3,2,4,3,0,No,0
STU11720,7.32,84.34,76.16,1,3,3,0,4,3,No,1
STU11721,5.61,49.77,48.48,1,1,6,3,2,0,Yes,1
STU11722,6.53,64.9,49.25,0,0,1,4,5,0,No,1
STU11723,6.27,71.13,53.98,1,3,4,0,1,0,No,0
STU11724,5.87,50.45,49.72,2,6,4,2,1,1,Yes,1
STU11725,7.04,66.47,57.04,0,0,3,2,5,0,Yes,1
STU11726,4.05,41.09,42.31,2,6,3,1,3,2,Yes,0
STU11727,6.64,56.06,62.33,1,2,3,0,1,2,Yes,0
STU11728,6.9,64.2,69.95,2,5,1,2,2,0,No,1
STU11729,5.44,45.72,52.56,0,0,3,0,1,0,No,0
STU11730,8.74,79.5,98.34,2,3,5,5,2,2,Yes,1
STU11731,6.32,56.18,54.44,1,1,3,3,1,0,Yes,0
STU11732,6.73,66.13,63.75,0,0,2,3,2,0,No,0
STU11733,6.32,52.1,50.84,1,3,5,2,4,0,No,0
STU11734,6.91,65.36,74.64,2,5,3,1,3,0,No,0
STU11735,8.5,94.13,77.34,1,2,2,7,3,2,Yes,1
STU11736,9.84,81.16,97.71,0,0,2,0,2,2,No,1
STU11737,7.86,91.52,87.19,0,0,2,1,3,0,No,0
STU11738,8.25,79.73,76.07,0,0,1,1,1,0,Yes,0
STU11739,8.97,89.16,91.17,0,0,1,1,2,1,No,0
STU11740,7.29,80.0,72.06,1,2,2,0,1,0,No,1
STU11741,8.81,96.8,81.82,0,0,4,2,1,0,No,0
STU11742,7.91,83.44,76.8,2,5,1,1,2,0,No,1
STU11743,7.17,66.25,69.01,2,6,9,3,4,0,No,1
STU11744,7.4,69.27,73.13,1,3,3,1,3,0,Yes,0
STU11745,4.91,43.11,52.52,0,0,2,0,4,0,Yes,0
STU11746,7.34,84.36,73.45,1,2,3,3,3,2,No,0
STU11747,5.22,45.56,40.24,1,3,3,5,2,1,Yes,0
STU11748,5.13,49.37,48.89,0,0,1,5,2,0,Yes,0
STU11749,7.22,65.02,57.8,2,4,3,2,2,0,Yes,1
STU11750,5.72,44.12,45.74,1,1,4,0,5,0,No,1
STU11751,6.99,67.87,62.97,3,6,7,1,3,0,No,0
STU11752,7.16,68.4,71.3,1,3,3,0,4,0,No,0
STU11753,7.21,69.61,78.75,0,0,0,1,3,1,Yes,0
STU11754,5.96,44.46,51.64,1,1,2,4,5,0,Yes,1
STU11755,8.03,81.41,76.69,0,0,2,2,2,0,Yes,1
STU11756,6.9,75.51,59.02,0,0,2,3,1,0,Yes,0
STU11757,7.51,70.39,77.51,0,0,0,4,2,0,Yes,1
STU11758,5.62,55.69,46.13,0,0,0,1,5,0,Yes,1
STU11759,6.79,43.82,58.59,0,0,1,3,1,0,Yes,1
STU11760,8.26,79.07,86.59,1,1,1,4,2,0,Yes,0
STU11761,8.12,71.09,86.57,1,1,4,4,3,0,Yes,1
STU11762,6.08,62.03,45.86,0,0,2,1,3,1,No,0
STU11763,6.37,63.53,46.28,1,2,0,2,1,0,No,1
STU11764,5.86,46.19,48.81,2,3,2,2,2,0,No,0
STU11765,6.25,58.31,46.73,1,1,3,2,3,0,Yes,1
STU11766,5.39,55.96,38.08,2,6,7,6,3,0,Yes,1
STU11767,6.84,73.45,56.06,2,4,3,1,2,2,No,0
STU11768,7.73,76.05,81.76,1,1,2,4,1,1,No,0
STU11769,6.1,41.54,55.7,0,0,1,1,2,0,No,0
STU11770,6.9,60.78,77.92,0,0,1,2,3,0,No,0
STU11771,6.75,68.36,56.91,0,0,1,1,2,0,No,0
STU11772,8.21,96.0,88.39,0,0,1,2,1,0,Yes,1
STU11773,6.3,56.91,57.19,2,5,6,3,1,0,Yes,0
STU11774,6.34,54.12,51.42,0,0,2,1,3,0,No,0
STU11775,6.03,68.38,50.1,2,6,5,0,2,0,No,1
STU11776,5.69,53.27,44.47,1,1,8,1,2,0,No,0
STU11777,7.61,69.49,75.41,1,1,2,4,5,0,Yes,1
STU11778,6.84,64.64,68.28,0,0,4,0,2,1,No,0
STU11779,7.06,74.88,63.67,2,5,0,1,5,1,No,0
STU11780,8.47,84.98,87.49,0,0,0,2,3,0,No,0
STU11781,8.53,90.59,90.45,1,1,1,2,2,0,Yes,1
STU11782,5.11,37.68,53.27,0,0,0,3,1,0,No,0
STU11783,7.75,70.08,68.64,2,4,1,1,1,0,No,1
STU11784,7.26,67.47,68.58,1,1,3,1,4,0,No,0
STU11785,6.47,57.92,60.87,1,3,1,2,2,2,Yes,0
STU11786,7.38,75.59,64.07,0,0,3,2,2,0,Yes,1
STU11787,5.01,50.76,36.08,1,3,2,2,1,0,Yes,0
STU11788,8.68,100.0,83.53,0,0,2,2,4,0,Yes,1
STU11789,7.59,72.21,71.16,1,1,2,2,1,0,No,0
STU11790,6.01,51.88,49.73,0,0,1,0,2,2,No,0
STU11791,6.33,53.31,51.75,2,6,5,2,1,0,Yes,0
STU11792,5.04,53.53,57.02,0,0,0,1,2,1,No,0
STU11793,6.64,68.9,56.32,1,3,3,0,1,0,No,0
STU11794,6.44,56.57,59.77,0,0,0,0,2,0,No,0
STU11795,5.48,61.7,49.41,1,3,0,0,1,0,Yes,0
STU11796,7.89,76.13,67.25,0,0,1,2,1,0,Yes,0
STU11797,8.47,91.6,91.22,3,11,3,2,1,0,Yes,0
STU11798,6.97,76.09,68.12,0,0,2,1,4,0,No,1
STU11799,6.65,54.07,60.18,1,2,2,1,3,0,No,1
STU11800,7.5,78.88,78.76,3,6,2,1,4,0,Yes,1
STU11801,6.98,51.14,64.2,2,5,3,2,3,0,Yes,1
STU11802,5.76,56.34,53.69,0,0,1,1,2,0,Yes,1
STU11803,6.25,50.02,42.37,2,4,5,1,1,0,Yes,1
STU11804,6.66,65.8,64.31,0,0,0,1,1,1,Yes,0
STU11805,7.29,76.84,70.41,1,1,2,1,3,2,Yes,0
STU11806,7.01,74.76,66.24,1,3,4,3,2,0,Yes,0
STU11807,7.24,76.97,63.58,0,0,1,0,2,0,No,1
STU11808,5.25,48.29,43.64,2,4,1,3,4,0,Yes,0
STU11809,7.77,76.61,74.41,1,3,3,2,1,0,No,0
STU11810,7.0,67.46,58.07,2,6,1,1,2,1,No,1
STU11811,9.94,83.04,88.89,0,0,1,0,1,0,Yes,0
STU11812,6.55,59.55,67.26,2,6,1,2,3,0,No,0
STU11813,7.37,71.77,61.99,1,3,5,0,1,1,Yes,1
STU11814,10.0,85.16,89.83,1,2,4,4,2,0,Yes,1
STU11815,7.22,60.85,65.78,0,0,3,1,2,0,Yes,1
STU11816,6.92,58.88,60.33,0,0,3,1,1,1,Yes,0
STU11817,5.87,35.0,49.86,0,0,0,2,1,0,No,0
STU11818,8.76,85.23,84.62,0,0,1,1,3,0,No,1
STU11819,5.67,52.79,48.73,1,2,2,0,3,0,Yes,1
STU11820,7.49,59.2,65.51,1,1,1,0,2,0,No,1
STU11821,6.46,60.79,62.91,0,0,3,2,0,0,No,1
STU11822,6.78,63.61,61.83,3,11,3,4,3,0,Yes,1
STU11823,5.36,41.49,49.11,0,0,1,1,1,0,Yes,0
STU11824,8.54,83.32,90.19,1,3,2,1,3,2,No,1
STU11825,6.68,68.99,48.16,2,3,6,8,2,0,Yes,1
STU11826,5.6,44.31,50.93,1,3,0,1,1,0,No,0
STU11827,8.44,85.74,81.28,1,1,2,0,2,0,Yes,1
STU11828,6.42,60.99,62.03,0,0,4,1,3,0,Yes,0
STU11829,7.38,68.78,65.91,1,2,2,1,2,0,Yes,1
STU11830,7.97,87.24,83.81,2,3,3,2,2,3,No,1
STU11831,7.55,78.49,66.73,0,0,1,0,5,0,No,1
STU11832,4.47,44.12,45.04,2,3,3,1,1,0,No,0
STU11833,7.8,93.46,77.98,1,2,3,3,2,0,No,0
STU11834,6.88,72.02,62.01,2,3,2,3,2,0,Yes,0
STU11835,6.62,51.68,52.61,0,0,1,2,5,0,Yes,1
STU11836,6.87,63.48,60.6,1,3,2,2,2,0,Yes,1
STU11837,5.15,62.29,50.03,0,0,1,3,4,1,Yes,0
STU11838,7.22,65.38,77.2,1,1,3,1,3,0,Yes,1
STU11839,5.43,49.41,57.73,1,2,3,0,2,0,No,0
STU11840,6.67,69.96,62.73,0,0,0,0,2,1,No,0
STU11841,7.18,74.55,69.14,3,7,2,3,3,0,No,1
STU11842,8.24,88.37,83.29,1,3,2,2,3,0,Yes,0
STU11843,6.06,58.73,62.88,1,2,1,1,2,0,No,0
STU11844,8.67,86.78,86.75,2,5,6,5,0,0,No,1
STU11845,8.09,77.56,79.84,2,5,8,1,1,1,No,1
STU11846,6.51,62.76,55.5,2,4,2,5,4,0,Yes,1
STU11847,5.72,48.71,47.16,1,1,5,2,4,0,Yes,1
STU11848,5.34,45.55,47.76,1,3,1,1,1,0,No,0
STU11849,7.31,81.55,65.15,0,0,2,4,2,0,Yes,1
STU11850,6.15,53.17,48.69,1,1,1,4,3,0,Yes,0
STU11851,8.38,95.04,81.42,1,2,1,0,1,0,No,1
STU11852,6.22,57.77,50.51,0,0,2,1,1,1,No,0
STU11853,5.96,52.43,53.97,3,10,3,3,2,0,Yes,1
STU11854,7.27,61.11,73.06,1,3,3,5,2,0,Yes,1
STU11855,6.21,68.86,54.71,1,2,1,1,4,0,No,0
STU11856,7.01,67.98,67.96,1,3,7,0,3,0,No,1
STU11857,8.13,69.07,80.4,0,0,4,1,0,0,No,0
STU11858,7.13,75.92,44.24,1,3,1,4,3,2,Yes,0
STU11859,7.14,69.76,61.8,1,3,3,2,2,0,Yes,1
STU11860,7.24,65.94,72.77,3,8,8,4,1,1,No,1
STU11861,5.05,52.67,39.05,0,0,2,3,1,0,Yes,0
STU11862,7.45,59.36,76.79,1,2,3,3,2,0,Yes,1
STU11863,7.18,66.41,73.17,1,1,3,4,1,0,Yes,1
STU11864,8.03,79.99,77.19,1,3,4,4,1,2,Yes,1
STU11865,7.7,83.21,71.56,0,0,1,6,1,0,Yes,1
STU11866,6.77,77.58,61.19,1,3,5,1,2,0,No,1
STU11867,8.19,81.72,79.93,0,0,0,1,4,0,Yes,1
STU11868,6.66,65.23,63.23,1,2,6,4,3,0,Yes,1
STU11869,7.28,88.77,55.23,1,1,2,2,5,0,No,1
STU11870,6.64,62.18,54.74,0,0,3,1,4,3,No,0
STU11871,7.53,78.66,66.77,3,12,7,2,3,2,Yes,1
STU11872,6.57,53.56,42.88,1,3,2,0,1,0,No,1
STU11873,8.89,99.48,81.75,3,11,8,2,3,1,Yes,1
STU11874,9.32,84.73,77.01,1,1,5,2,3,0,Yes,1
STU11875,8.01,83.22,76.28,1,1,1,1,1,1,No,0
STU11876,8.77,88.58,81.21,1,1,1,0,1,0,No,1
STU11877,5.23,48.4,47.61,0,0,0,1,3,0,No,0
STU11878,5.37,45.98,44.09,0,0,3,2,4,0,No,0
STU11879,6.63,63.41,48.82,1,1,6,3,1,2,Yes,1
STU11880,7.05,79.2,67.73,0,0,2,5,3,0,Yes,1
STU11881,6.77,77.87,75.71,2,5,6,2,2,0,Yes,1
STU11882,5.11,46.28,50.78,0,0,0,2,3,0,No,0
STU11883,8.32,81.71,85.48,0,0,1,6,3,0,Yes,1
STU11884,9.48,84.44,85.12,1,1,1,3,4,0,No,1
STU11885,8.47,100.0,79.53,1,1,2,5,2,0,Yes,1
STU11886,8.25,84.52,77.38,0,0,0,1,2,1,Yes,0
STU11887,7.26,78.59,70.34,0,0,0,0,1,0,No,0
STU11888,6.03,58.2,44.21,1,2,3,1,2,0,Yes,0
STU11889,7.08,82.45,67.52,1,3,4,2,2,0,Yes,1
STU11890,9.42,87.71,82.21,0,0,1,3,2,2,No,1
STU11891,6.6,54.77,48.13,1,3,5,3,3,0,No,1
STU11892,6.48,70.88,52.65,1,3,5,2,0,0,Yes,1
STU11893,8.27,89.4,88.49,2,4,2,3,3,0,Yes,1
STU11894,8.35,87.34,82.43,0,0,2,6,0,0,No,1
STU11895,6.02,63.16,35.0,3,9,6,0,1,2,No,1
STU11896,6.7,66.05,55.93,1,2,4,3,1,0,No,0
STU11897,6.42,68.36,61.36,0,0,3,1,3,0,Yes,0
STU11898,7.08,70.61,64.34,2,4,6,1,3,0,Yes,1
STU11899,8.27,89.35,84.09,1,3,2,1,2,0,No,1
STU11900,6.08,57.69,49.16,0,0,1,0,4,0,No,0
STU11901,8.25,81.84,81.89,2,6,1,1,2,1,No,1
STU11902,7.12,68.52,66.96,1,2,2,2,2,0,Yes,1
STU11903,9.68,87.17,82.65,0,0,3,4,2,0,No,1
STU11904,7.37,75.04,73.87,1,3,5,0,2,0,No,1
STU11905,6.89,63.3,72.23,0,0,3,1,1,0,Yes,1
STU11906,7.66,80.27,76.96,0,0,1,2,2,0,Yes,0
STU11907,6.61,64.07,59.29,1,2,2,4,1,2,Yes,0
STU11908,4.94,47.87,38.58,0,0,1,5,3,0,Yes,0
STU11909,6.72,64.71,66.0,0,0,2,2,1,2,No,0
STU11910,6.71,59.68,57.01,0,0,1,4,4,0,No,0
STU11911,5.17,45.91,47.97,0,0,1,4,3,0,Yes,1
STU11912,6.92,56.43,68.02,2,5,2,1,2,0,No,1
STU11913,4.62,45.16,48.8,0,0,1,1,2,0,Yes,0
STU11914,6.6,55.58,64.53,0,0,2,3,1,0,Yes,0
STU11915,7.28,72.79,75.01,0,0,0,4,4,2,Yes,0
STU11916,7.11,65.34,59.09,1,1,2,1,1,0,No,0
STU11917,6.53,48.13,52.28,1,3,1,4,3,0,No,0
STU11918,6.9,79.8,55.05,1,2,1,2,0,0,No,0
STU11919,6.1,53.43,43.18,0,0,0,2,1,0,No,0
STU11920,7.01,76.76,74.22,1,1,3,1,1,0,No,0
STU11921,7.07,65.78,60.03,3,6,5,3,2,0,No,1
STU11922,5.96,63.58,43.63,2,6,1,0,3,0,Yes,1
STU11923,7.31,65.69,69.27,1,3,2,1,3,0,No,1
STU11924,7.3,73.59,65.06,0,0,1,2,2,0,Yes,1
STU11925,6.81,58.29,75.42,1,2,1,1,2,0,No,1
STU11926,9.78,100.0,84.99,0,0,2,1,0,0,No,1
STU11927,6.84,63.78,64.95,2,4,6,4,4,0,Yes,1
STU11928,6.68,67.63,54.97,1,1,5,0,1,0,Yes,1
STU11929,6.51,62.95,47.28,0,0,0,0,0,0,No,1
STU11930,5.88,52.45,45.23,1,3,0,2,5,0,Yes,1
STU11931,7.79,82.28,71.86,1,2,3,4,4,0,Yes,1
STU11932,6.21,64.29,48.78,3,8,3,0,3,0,Yes,1
STU11933,6.35,61.86,45.25,3,7,1,3,2,2,No,0
STU11934,6.38,59.36,56.21,0,0,2,2,2,0,No,0
STU11935,5.87,55.57,47.43,2,6,1,0,3,0,No,1
STU11936,4.99,58.32,35.0,0,0,1,1,0,0,No,1
STU11937,6.47,57.05,57.19,1,1,3,1,2,0,Yes,1
STU11938,8.0,70.47,83.17,1,2,2,2,1,0,Yes,1
STU11939,7.23,64.78,75.55,0,0,1,1,2,0,Yes,0
STU11940,8.79,81.11,69.72,1,1,3,1,2,0,No,0
STU11941,7.86,74.74,72.65,1,3,1,0,1,2,No,0
STU11942,7.6,71.68,65.54,1,1,2,2,5,0,Yes,1
STU11943,9.17,88.46,81.69,1,2,3,2,3,0,Yes,1
STU11944,6.89,67.51,71.36,1,2,2,1,2,0,Yes,1
STU11945,7.07,70.44,61.65,0,0,0,2,3,0,No,1
STU11946,6.99,63.23,61.76,0,0,1,1,2,1,No,0
STU11947,8.78,93.11,79.17,0,0,0,2,1,0,Yes,1
STU11948,7.0,71.09,74.64,2,5,4,1,2,1,Yes,1
STU11949,6.25,66.19,39.9,0,0,3,0,4,0,Yes,1
STU11950,7.68,82.94,71.52,0,0,2,1,2,2,No,1
STU11951,6.06,52.27,46.17,1,2,0,2,4,0,No,0
STU11952,7.61,84.77,63.61,2,3,2,4,3,1,Yes,1
STU11953,7.48,76.68,78.66,2,5,3,2,5,0,No,1
STU11954,6.78,69.13,50.53,0,0,0,1,3,0,No,0
STU11955,7.65,81.82,71.74,1,1,3,0,1,0,No,1
STU11956,5.29,47.39,44.66,0,0,2,2,1,0,No,1
STU11957,7.19,71.38,63.26,3,11,7,0,3,0,No,1
STU11958,6.47,58.77,46.15,1,2,5,2,2,0,No,0
STU11959,10.0,84.77,85.88,0,0,1,0,2,0,Yes,1
STU11960,7.18,57.76,63.06,0,0,1,1,3,0,No,0
STU11961,6.31,53.24,59.26,2,6,4,1,2,0,No,0
STU11962,5.41,50.09,48.99,0,0,0,1,2,2,No,0
STU11963,8.5,92.18,94.33,2,6,1,5,1,0,Yes,1
STU11964,6.6,66.23,59.11,1,1,9,0,3,0,No,1
STU11965,6.09,53.03,55.24,1,1,0,4,2,0,Yes,1
STU11966,7.39,69.66,68.59,2,5,3,3,3,0,Yes,1
STU11967,7.75,77.63,85.98,1,2,1,2,1,0,Yes,1
STU11968,7.73,72.64,75.55,1,1,4,2,2,1,Yes,1
STU11969,7.02,55.59,64.66,0,0,2,1,2,0,No,0
STU11970,7.18,61.41,70.93,2,3,6,0,1,0,Yes,1
STU11971,7.27,80.23,65.12,2,6,3,4,2,0,Yes,0
STU11972,7.39,84.89,67.75,2,5,4,3,2,0,Yes,1
STU11973,7.49,79.77,75.48,0,0,4,4,2,0,Yes,1
STU11974,8.26,83.5,85.24,3,11,5,1,1,0,No,1
STU11975,7.06,60.56,69.5,1,2,4,0,3,0,No,1
STU11976,6.06,53.38,50.87,0,0,1,3,1,0,Yes,1
STU11977,6.83,68.88,63.83,1,1,3,0,2,0,No,0
STU11978,7.87,85.04,82.82,2,5,3,3,2,2,No,0
STU11979,4.95,50.82,37.12,0,0,2,2,0,1,Yes,0
STU11980,4.95,53.96,43.72,0,0,0,4,1,0,Yes,0
STU11981,8.06,93.7,61.58,1,3,3,1,1,0,No,1
STU11982,8.75,84.61,88.48,2,6,2,3,2,3,Yes,1
STU11983,5.55,66.6,42.07,0,0,4,3,3,0,Yes,0
STU11984,7.12,57.59,62.18,2,6,5,4,3,0,Yes,1
STU11985,6.54,55.97,56.91,2,3,6,2,1,0,No,1
STU11986,6.7,64.19,63.7,2,6,6,1,2,0,Yes,0
STU11987,7.35,76.53,84.59,0,0,1,1,1,0,Yes,0
STU11988,5.51,48.48,37.25,1,2,2,0,1,0,No,0
STU11989,5.73,48.16,43.04,1,2,3,4,2,0,Yes,0
STU11990,6.65,75.53,60.69,1,1,3,1,1,2,Yes,0
STU11991,6.83,61.94,57.84,1,3,2,1,1,0,No,0
STU11992,5.71,44.84,52.97,2,6,3,2,1,0,No,0
STU11993,7.91,90.72,76.57,1,1,5,3,1,1,No,0
STU11994,6.52,65.41,62.63,1,2,1,4,2,1,Yes,0
STU11995,6.51,66.82,55.76,3,8,6,2,1,0,Yes,0
STU11996,7.33,74.04,73.13,2,6,1,2,2,0,Yes,1
STU11997,6.85,57.2,56.72,0,0,3,1,1,0,No,0
STU11998,7.96,81.65,89.76,1,2,1,2,1,0,Yes,1
STU11999,5.93,43.92,39.81,2,5,2,2,2,1,Yes,0
STU12000,5.39,50.22,41.52,2,5,5,1,2,0,No,0
STU12001,6.64,66.08,50.64,2,3,2,4,4,0,No,1
STU12002,7.07,75.42,70.77,1,2,1,6,4,0,Yes,1
STU12003,5.57,49.41,50.2,0,0,0,1,3,0,No,0
STU12004,5.4,53.31,38.51,0,0,3,4,2,2,Yes,0
STU12005,7.21,65.68,74.09,0,0,1,3,1,0,Yes,0
STU12006,6.13,60.96,47.97,1,2,3,4,2,0,No,0
STU12007,5.33,52.43,47.71,2,4,3,0,3,0,No,0
STU12008,8.11,77.69,83.22,0,0,3,2,4,0,Yes,0
STU12009,6.27,60.09,52.43,1,2,4,2,4,0,No,0
STU12010,8.32,90.93,86.85,1,2,4,0,3,0,No,1
STU12011,7.03,68.89,64.55,0,0,1,2,2,0,Yes,1
STU12012,7.34,68.11,72.08,0,0,3,2,3,0,Yes,1
STU12013,6.76,65.01,59.3,0,0,1,3,2,0,Yes,0
STU12014,4.0,48.44,35.0,2,3,2,1,4,0,No,0
STU12015,5.69,45.87,47.11,1,1,2,0,3,0,No,0
STU12016,6.86,59.47,57.28,1,3,2,3,3,0,Yes,1
STU12017,7.42,77.33,79.56,3,8,4,0,0,0,Yes,1
STU12018,4.94,51.6,35.48,0,0,2,2,5,0,Yes,0
STU12019,6.94,79.77,71.22,1,1,4,1,1,0,No,0
STU12020,5.71,55.0,46.93,0,0,2,2,3,1,No,0
STU12021,7.27,64.78,71.48,1,1,1,2,0,0,Yes,1
STU12022,6.98,79.73,56.21,2,4,6,5,2,3,Yes,1
STU12023,7.86,86.23,75.05,1,1,1,2,3,3,No,0
STU12024,8.23,71.51,76.56,1,1,0,3,2,0,Yes,1
STU12025,7.53,69.61,85.41,1,1,6,2,2,1,Yes,1
STU12026,7.99,78.48,74.29,0,0,3,4,1,0,No,1
STU12027,6.6,66.47,65.37,2,5,3,3,2,0,Yes,1
STU12028,10.0,75.62,93.9,1,3,4,1,2,1,No,1
STU12029,5.6,49.39,53.94,1,3,6,1,0,0,Yes,1
STU12030,6.39,63.28,52.03,2,4,2,1,2,0,No,1
STU12031,8.04,64.88,89.71,1,1,3,1,1,0,No,0
STU12032,7.87,84.52,89.11,0,0,4,1,1,1,Yes,0
STU12033,7.56,81.48,75.48,1,3,2,2,2,1,No,0
STU12034,7.78,73.97,73.25,1,1,1,3,4,0,Yes,1
STU12035,4.6,38.93,37.69,0,0,2,5,1,0,Yes,1
STU12036,8.83,82.22,87.23,1,2,2,3,1,0,Yes,1
STU12037,6.77,48.06,61.48,1,2,3,2,1,1,Yes,0
STU12038,8.43,83.23,83.29,1,1,1,1,4,0,No,1
STU12039,4.66,47.26,35.0,0,0,3,0,5,0,No,0
STU12040,7.3,65.14,69.65,1,3,1,3,2,0,No,0
STU12041,6.35,63.77,61.8,0,0,2,1,4,0,No,1
STU12042,7.66,78.22,79.5,0,0,4,0,1,0,No,1
STU12043,7.36,74.98,67.93,2,3,6,1,1,0,Yes,0
STU12044,7.42,71.81,70.57,1,1,3,0,2,0,No,1
STU12045,5.78,56.06,39.79,1,3,2,2,1,0,Yes,0
STU12046,6.93,74.54,59.8,0,0,0,2,3,0,No,0
STU12047,6.79,62.11,59.51,1,2,1,2,3,0,Yes,0
STU12048,7.57,80.96,77.19,0,0,3,2,3,0,Yes,1
STU12049,8.14,87.37,75.5,0,0,2,0,2,0,No,0
STU12050,7.17,73.06,61.34,2,5,2,1,2,0,Yes,1
STU12051,5.53,59.76,51.25,0,0,1,4,1,0,Yes,0
STU12052,7.12,65.48,64.31,2,4,4,2,2,0,No,1
STU12053,10.0,87.36,81.86,1,1,1,0,2,0,No,1
STU12054,8.89,83.05,89.59,0,0,2,0,0,0,No,1
STU12055,4.0,49.47,44.87,0,0,1,2,3,0,No,1
STU12056,7.07,67.39,64.78,0,0,4,0,1,2,No,0
STU12057,8.07,78.01,77.08,1,2,3,3,5,2,No,1
STU12058,6.79,74.49,63.79,0,0,0,0,3,0,No,1
STU12059,6.47,70.48,59.85,3,10,12,0,4,0,No,1
STU12060,6.69,60.9,61.12,0,0,0,7,2,0,Yes,0
STU12061,7.64,69.06,74.99,0,0,2,2,5,0,Yes,1
STU12062,5.68,61.9,44.08,0,0,5,2,3,2,No,1
STU12063,8.37,87.52,78.42,1,3,2,1,1,0,No,1
STU12064,6.94,69.34,62.79,0,0,3,1,2,0,No,0
STU12065,5.92,53.61,44.22,1,3,0,2,1,0,No,0
STU12066,8.29,79.31,74.65,1,2,1,4,4,0,Yes,1
STU12067,5.22,45.37,44.31,3,9,5,1,1,0,Yes,1
STU12068,6.36,62.18,61.05,0,0,2,4,1,0,Yes,0
STU12069,6.34,55.11,42.36,1,3,0,0,1,0,No,0
STU12070,9.47,91.88,83.94,0,0,1,0,1,0,Yes,0
STU12071,6.21,56.24,54.8,0,0,3,1,2,0,No,0
STU12072,4.52,39.35,49.13,2,4,1,2,5,0,No,1
STU12073,6.33,67.37,65.45,2,4,1,1,1,0,Yes,1
STU12074,7.52,79.29,71.18,0,0,1,0,2,0,Yes,1
STU12075,7.9,82.48,89.33,1,2,3,3,2,1,Yes,1
STU12076,9.62,92.8,89.2,1,3,2,0,4,0,No,0
STU12077,8.62,75.55,88.19,0,0,0,0,3,0,No,1
STU12078,7.22,68.27,61.84,0,0,2,3,3,2,Yes,1
STU12079,5.97,44.34,53.22,2,3,6,4,2,0,Yes,1
STU12080,8.87,88.35,90.0,1,2,1,0,1,2,No,0
STU12081,6.58,63.09,54.0,0,0,0,3,1,0,No,0
STU12082,6.24,57.4,37.92,0,0,1,2,3,0,No,0
STU12083,6.52,67.4,58.22,2,5,1,2,2,0,No,1
STU12084,5.56,40.88,45.58,1,2,2,1,2,0,No,0
STU12085,6.47,54.71,64.57,1,3,2,0,0,0,No,0
STU12086,6.73,66.04,57.32,0,0,1,2,2,1,Yes,1
STU12087,7.84,81.32,72.51,0,0,4,3,1,1,No,1
STU12088,6.55,52.91,50.78,0,0,1,0,1,0,No,0
STU12089,5.54,56.93,42.97,0,0,1,3,3,0,Yes,0
STU12090,5.16,56.79,60.54,0,0,0,0,5,0,No,0
STU12091,7.24,74.17,59.1,0,0,0,5,2,0,Yes,1
STU12092,7.08,60.15,58.19,1,3,1,0,1,0,No,0
STU12093,6.36,59.09,54.81,0,0,3,5,1,0,Yes,0
STU12094,6.46,61.52,68.32,3,9,2,4,1,0,No,1
STU12095,7.45,72.97,76.05,2,3,3,1,3,1,No,1
STU12096,8.6,94.29,92.52,0,0,1,3,1,0,Yes,1
STU12097,6.1,54.18,49.57,2,6,4,1,2,0,Yes,1
STU12098,7.1,82.11,58.14,0,0,1,4,3,0,No,1
STU12099,8.1,87.11,76.72,1,2,1,4,2,0,No,1
STU12100,6.11,56.57,51.16,1,3,2,1,2,0,No,1
STU12101,6.98,73.08,64.62,2,6,2,3,3,0,Yes,1
STU12102,6.96,76.38,62.91,1,1,2,5,1,1,Yes,1
STU12103,5.49,54.84,49.99,0,0,0,2,2,0,No,0
STU12104,7.19,70.39,63.57,1,1,2,0,3,0,Yes,1
STU12105,7.04,64.53,59.93,1,1,3,0,1,0,No,0
STU12106,7.64,70.59,67.09,0,0,2,3,1,0,No,1
STU12107,5.64,35.75,48.63,1,2,3,2,2,0,No,0
STU12108,7.01,69.1,65.69,1,2,2,3,2,0,Yes,1
STU12109,8.59,83.81,89.69,0,0,0,2,1,0,Yes,1
STU12110,9.39,87.14,95.43,0,0,0,3,2,0,No,1
STU12111,8.47,91.64,75.22,1,2,4,3,3,0,No,1
STU12112,5.65,49.82,47.63,1,2,1,1,2,0,No,0
STU12113,7.52,87.01,71.41,0,0,1,3,0,0,No,1
STU12114,6.44,55.81,47.03,0,0,0,3,2,0,Yes,0
STU12115,7.33,67.06,66.72,0,0,1,2,3,0,Yes,1
STU12116,6.11,47.41,61.36,3,6,2,5,1,0,Yes,1
STU12117,5.03,51.33,40.2,1,2,2,1,3,0,Yes,1
STU12118,6.6,68.46,53.76,1,2,4,4,1,0,Yes,1
STU12119,7.83,76.07,76.33,0,0,1,3,3,0,Yes,1
STU12120,7.33,66.57,75.42,1,2,1,1,3,0,No,0
STU12121,7.46,84.05,70.04,3,12,2,1,3,0,No,1
STU12122,7.25,63.03,69.5,2,3,2,1,2,2,No,0
STU12123,7.47,80.97,58.2,1,3,3,2,2,0,No,1
STU12124,7.61,73.44,77.3,2,6,3,1,1,0,No,1
STU12125,6.68,65.11,61.05,1,1,3,2,2,2,Yes,1
STU12126,7.1,75.86,71.71,1,2,2,3,1,0,Yes,1
STU12127,9.0,90.95,73.89,0,0,2,1,1,1,No,0
STU12128,7.16,68.64,65.59,1,3,4,2,3,0,No,1
STU12129,7.05,77.06,71.47,1,3,3,0,2,1,Yes,1
STU12130,7.12,71.52,63.44,0,0,0,2,3,0,No,1
STU12131,6.75,85.91,61.12,2,5,1,3,2,0,Yes,1
STU12132,6.5,49.83,54.6,0,0,0,2,4,0,Yes,1
STU12133,7.24,61.29,66.3,2,3,8,3,5,0,No,1
STU12134,6.42,64.86,62.9,2,3,6,2,3,0,Yes,0
STU12135,6.83,65.01,53.66,0,0,0,1,2,0,No,1
STU12136,6.09,59.48,51.42,3,8,5,1,2,0,No,0
STU12137,7.12,63.27,68.37,2,4,5,2,3,0,Yes,1
STU12138,7.67,78.14,80.44,1,1,5,1,3,0,No,1
STU12139,6.76,66.68,60.2,0,0,2,4,0,0,Yes,1
STU12140,4.69,42.72,48.8,1,2,3,2,2,0,Yes,0
STU12141,7.68,79.29,74.58,1,1,1,1,3,0,Yes,1
STU12142,7.14,61.88,67.77,2,3,4,2,2,0,Yes,1
STU12143,5.86,54.72,49.84,1,2,3,3,1,1,Yes,1
STU12144,7.89,89.02,81.28,0,0,0,0,3,0,Yes,0
STU12145,5.39,41.32,49.0,1,3,0,1,2,0,Yes,0
STU12146,8.2,75.52,73.63,3,8,2,2,3,0,Yes,1
STU12147,6.93,73.93,65.09,1,2,4,1,1,0,No,1
STU12148,4.39,37.64,45.78,1,3,5,1,1,0,No,0
STU12149,7.21,76.07,76.8,2,5,2,3,3,0,Yes,1
STU12150,6.53,60.87,51.49,0,0,0,1,3,0,Yes,0
STU12151,6.36,55.58,58.31,2,3,1,0,3,0,No,0
STU12152,6.15,64.24,50.35,1,2,3,1,3,3,No,0
STU12153,6.85,71.06,63.64,0,0,0,2,3,0,Yes,0
STU12154,6.44,60.88,49.76,0,0,1,0,1,0,No,0
STU12155,4.86,35.0,43.33,1,3,4,1,2,0,Yes,1
STU12156,8.46,89.65,84.29,2,6,2,4,3,0,Yes,1
STU12157,6.72,56.84,54.45,0,0,2,1,2,0,Yes,0
STU12158,6.16,54.21,61.23,3,8,3,3,2,0,Yes,1
STU12159,5.7,50.97,38.66,1,2,3,2,2,0,No,0
STU12160,7.89,91.7,80.54,2,5,6,0,5,0,No,1
STU12161,5.51,48.0,35.0,0,0,3,2,3,2,No,0
STU12162,7.15,61.73,65.74,1,3,2,2,3,0,No,0
STU12163,6.33,66.44,57.5,3,12,4,1,2,1,No,0
STU12164,6.4,62.97,59.89,1,1,2,0,0,0,No,0
STU12165,5.73,55.75,47.54,2,5,4,1,5,0,Yes,1
STU12166,6.29,66.05,52.67,1,1,3,2,2,0,No,0
STU12167,7.01,78.36,68.42,0,0,1,1,2,0,Yes,0
STU12168,7.27,66.71,74.76,2,3,2,2,1,0,No,1
STU12169,6.1,46.44,60.07,1,3,5,2,4,2,No,1
STU12170,6.9,71.21,55.41,0,0,0,2,2,0,Yes,1
STU12171,8.02,80.16,77.53,1,2,4,2,4,1,No,1
STU12172,5.09,46.19,35.0,0,0,2,0,2,0,No,0
STU12173,6.99,61.0,56.52,2,6,3,2,3,0,Yes,1
STU12174,5.91,56.35,45.62,0,0,0,0,2,0,No,0
STU12175,5.79,54.08,53.86,2,5,2,4,5,0,Yes,0
STU12176,7.3,71.59,66.64,1,3,1,1,1,0,No,1
STU12177,6.37,49.93,53.53,1,1,4,3,3,0,Yes,0
STU12178,5.6,57.38,48.92,3,12,5,1,4,0,No,0
STU12179,8.52,87.3,78.75,3,12,2,1,2,0,No,0
STU12180,8.06,88.78,67.1,2,5,3,2,1,0,Yes,1
STU12181,4.78,35.0,38.69,2,6,6,2,2,0,Yes,1
STU12182,5.3,48.56,44.49,1,3,3,4,3,2,No,0
STU12183,7.68,73.64,77.76,0,0,2,0,2,0,No,1
STU12184,6.67,62.8,58.34,1,2,4,5,5,0,No,1
STU12185,8.73,92.6,86.65,1,1,2,0,1,0,No,1
STU12186,7.71,80.47,80.8,0,0,2,2,2,0,No,0
STU12187,7.34,73.22,76.83,1,3,0,2,0,0,No,1
STU12188,5.82,52.12,50.08,1,2,2,1,1,0,Yes,1
STU12189,7.57,66.97,66.5,1,3,6,2,2,0,Yes,0
STU12190,5.53,44.26,39.23,1,2,1,2,1,0,Yes,0
STU12191,8.5,92.39,75.75,2,4,3,4,2,1,Yes,1
STU12192,7.49,72.16,65.75,1,3,5,1,3,0,No,0
STU12193,6.05,61.06,51.81,1,3,4,1,2,1,Yes,1
STU12194,7.93,85.72,89.09,1,2,2,2,2,0,Yes,1
STU12195,9.58,94.7,87.69,0,0,1,4,3,0,Yes,1
STU12196,6.75,65.82,60.32,1,2,3,2,3,1,No,0
STU12197,7.63,74.6,79.99,0,0,0,8,1,0,Yes,0
STU12198,6.5,59.21,52.14,2,4,8,3,2,0,No,1
STU12199,7.1,73.28,72.69,2,6,2,4,1,0,No,0
STU12200,5.27,35.26,50.83,0,0,3,2,2,0,Yes,0
STU12201,7.0,75.3,65.19,1,2,2,2,2,1,Yes,0
STU12202,7.05,65.71,78.27,2,6,3,3,2,0,Yes,1
STU12203,9.07,87.82,92.03,1,3,1,3,3,1,Yes,1
STU12204,4.94,46.18,43.92,1,2,5,5,5,0,No,1
STU12205,6.68,62.39,58.77,1,3,1,6,2,0,No,0
STU12206,8.48,77.65,79.94,1,2,3,1,3,0,No,1
STU12207,6.72,64.25,59.55,1,3,1,2,2,0,No,0
STU12208,6.8,68.32,61.14,3,9,2,1,5,0,Yes,1
STU12209,6.04,41.85,49.2,0,0,0,1,1,0,No,0
STU12210,5.93,45.22,48.74,2,4,4,2,2,0,Yes,1
STU12211,4.9,51.91,36.38,1,1,2,3,1,0,Yes,1
STU12212,6.28,61.2,50.53,1,1,2,5,3,0,Yes,0
STU12213,5.86,54.18,39.8,2,5,3,0,2,1,Yes,0
STU12214,7.14,65.92,69.5,0,0,2,3,1,0,Yes,1
STU12215,6.09,59.05,52.23,3,8,9,1,2,0,No,0
STU12216,6.45,52.07,55.55,1,2,2,1,1,3,No,1
STU12217,6.48,58.94,62.08,1,3,1,1,2,0,Yes,0
STU12218,6.94,59.16,58.81,1,1,0,0,1,1,No,0
STU12219,6.39,57.6,51.31,2,3,2,5,1,0,Yes,1
STU12220,5.78,45.39,39.69,2,3,3,1,3,0,No,1
STU12221,7.1,73.98,72.58,1,1,5,2,1,0,No,0
STU12222,8.23,86.15,84.18,2,4,3,0,2,0,No,1
STU12223,7.15,66.74,75.14,1,1,1,0,3,0,Yes,1
STU12224,6.3,63.8,63.76,1,1,2,1,3,0,Yes,1
STU12225,6.86,59.82,60.01,1,3,2,1,1,0,No,1
STU12226,4.64,45.69,38.63,0,0,2,2,2,0,Yes,0
STU12227,6.84,61.6,51.52,0,0,0,0,0,0,No,0
STU12228,6.54,65.08,51.03,1,3,6,0,1,0,Yes,0
STU12229,5.93,56.86,48.05,0,0,0,4,2,0,Yes,0
STU12230,6.14,63.05,39.88,2,3,3,1,2,0,No,0
STU12231,6.53,60.96,51.0,1,1,0,0,1,0,No,0
STU12232,8.14,65.01,79.27,0,0,0,2,2,1,Yes,1
STU12233,8.26,81.24,86.19,2,4,6,1,3,0,No,1
STU12234,5.93,62.46,45.77,1,3,1,4,2,0,Yes,1
STU12235,6.4,56.76,56.48,1,2,1,1,2,0,No,0
STU12236,6.43,47.56,67.25,2,4,5,2,1,0,Yes,1
STU12237,7.93,83.52,66.99,1,1,1,1,1,2,Yes,0
STU12238,7.17,73.59,73.96,2,4,5,5,2,0,Yes,1
STU12239,7.11,65.2,68.85,1,3,2,4,2,0,No,0
STU12240,7.62,75.48,81.56,2,6,5,5,3,0,Yes,1
STU12241,6.31,52.32,60.2,1,2,1,3,1,0,Yes,0
STU12242,8.57,89.16,79.05,1,2,1,2,1,0,No,1
STU12243,7.0,68.14,64.81,1,1,3,1,1,0,No,0
STU12244,6.02,46.87,42.1,2,4,4,0,1,0,No,1
STU12245,6.74,63.55,57.47,0,0,1,0,2,0,No,0
STU12246,8.42,80.67,82.24,1,3,2,2,1,2,No,1
STU12247,6.51,68.97,59.03,0,0,3,3,2,1,Yes,0
STU12248,8.09,87.7,84.07,1,3,3,3,1,0,Yes,1
STU12249,6.28,56.29,63.52,1,3,2,2,2,0,Yes,0
STU12250,6.12,55.53,49.43,0,0,0,3,1,3,No,0
STU12251,7.76,84.9,82.68,0,0,2,2,2,0,No,0
STU12252,5.99,52.62,52.26,0,0,3,4,5,1,Yes,0
STU12253,7.95,85.53,70.13,2,4,4,2,2,0,No,1
STU12254,7.4,82.87,70.1,1,2,2,2,3,1,Yes,1
STU12255,6.0,50.72,51.36,0,0,4,2,1,0,Yes,0
STU12256,6.92,76.36,58.46,1,1,4,2,2,0,Yes,0
STU12257,6.37,66.33,48.96,1,2,3,2,2,0,Yes,1
STU12258,7.4,75.43,64.5,2,6,7,1,3,0,Yes,1
STU12259,9.17,85.97,82.37,2,4,2,2,1,0,Yes,1
STU12260,6.57,62.52,52.91,1,2,3,1,0,0,No,0
STU12261,7.61,75.47,81.32,1,1,5,1,2,0,No,1
STU12262,7.03,63.6,50.65,3,6,3,0,2,0,No,0
STU12263,7.03,71.54,66.01,0,0,1,1,2,1,Yes,0
STU12264,6.81,58.74,65.05,2,6,2,2,2,1,No,1
STU12265,6.01,51.82,45.07,2,5,6,1,1,0,No,1
STU12266,7.39,71.78,69.34,2,6,2,3,3,0,Yes,1
STU12267,6.67,54.32,57.46,3,9,10,0,3,2,Yes,1
STU12268,5.96,57.27,49.86,0,0,0,0,1,0,Yes,0
STU12269,8.17,81.63,83.98,1,1,6,0,2,0,No,0
STU12270,7.11,77.46,70.11,0,0,1,1,1,2,Yes,1
STU12271,6.74,62.15,57.02,0,0,3,2,2,0,Yes,0
STU12272,8.54,83.44,73.86,2,6,9,0,5,0,No,1
STU12273,4.89,41.08,44.5,2,5,4,1,0,0,No,0
STU12274,8.46,85.63,78.45,1,2,4,1,1,1,No,1
STU12275,5.99,53.86,47.43,1,3,3,2,3,1,Yes,1
STU12276,7.24,76.11,70.0,0,0,1,0,2,1,No,0
STU12277,6.32,57.93,51.92,1,3,4,1,3,0,No,1
STU12278,5.94,65.68,51.96,0,0,1,2,1,0,Yes,0
STU12279,8.51,88.47,97.81,2,5,1,3,2,2,Yes,1
STU12280,9.13,82.61,89.65,0,0,1,1,2,1,Yes,0
STU12281,6.75,57.32,68.81,0,0,2,2,1,1,Yes,0
STU12282,7.39,76.94,73.8,0,0,3,1,2,0,No,0
STU12283,7.07,62.82,66.39,0,0,1,6,1,0,Yes,1
STU12284,8.99,91.61,88.2,1,1,2,0,2,0,Yes,1
STU12285,4.57,51.17,45.66,0,0,2,6,1,0,Yes,0
STU12286,7.43,79.91,76.57,0,0,2,0,3,0,Yes,0
STU12287,6.16,50.38,52.96,0,0,2,3,1,0,No,0
STU12288,4.29,50.95,35.0,2,5,6,2,3,0,Yes,1
STU12289,6.59,63.2,49.45,0,0,6,2,3,0,No,1
STU12290,9.13,84.85,88.27,0,0,3,1,2,1,No,1
STU12291,6.25,55.62,46.82,0,0,2,1,1,0,Yes,0
STU12292,7.91,83.43,81.72,3,11,1,2,3,1,Yes,1
STU12293,8.38,80.75,89.82,1,1,1,3,1,0,Yes,1
STU12294,6.99,69.41,63.27,0,0,0,1,2,2,No,0
STU12295,7.14,78.73,74.32,1,3,4,2,4,0,Yes,1
STU12296,5.03,52.77,45.54,2,6,1,1,1,0,Yes,0
STU12297,6.18,56.24,52.9,1,1,0,1,2,0,No,0
STU12298,8.04,83.35,79.38,1,3,1,3,5,0,Yes,1
STU12299,7.07,65.75,61.0,0,0,0,3,2,0,No,1
STU12300,7.42,71.19,65.5,1,3,5,4,0,0,Yes,1
STU12301,7.15,61.02,57.38,0,0,2,1,4,0,Yes,1
STU12302,9.52,90.86,81.95,0,0,0,3,4,0,No,0
STU12303,6.5,64.22,69.97,2,3,0,1,3,0,No,0
STU12304,8.85,87.07,75.53,1,3,1,4,2,0,Yes,1
STU12305,7.15,64.99,60.2,0,0,3,1,2,0,Yes,1
STU12306,8.95,88.27,80.04,1,3,3,1,3,2,Yes,1
STU12307,5.59,58.12,42.52,2,3,6,1,2,0,No,0
STU12308,7.21,76.55,69.78,1,2,5,1,2,0,No,1
STU12309,6.55,60.55,54.05,1,3,4,1,2,0,Yes,0
STU12310,7.16,82.65,66.18,1,2,2,1,1,0,No,1
STU12311,8.41,100.0,76.89,1,3,2,2,2,3,Yes,1
STU12312,7.44,71.54,68.57,2,4,4,1,4,1,No,1
STU12313,8.4,83.49,81.61,0,0,1,1,5,0,No,0
STU12314,6.23,60.54,52.57,2,4,4,4,0,0,No,0
STU12315,6.05,48.79,63.15,1,2,3,2,1,0,No,1
STU12316,7.02,73.3,65.03,0,0,2,2,1,0,Yes,1
STU12317,6.96,67.79,62.92,0,0,3,1,1,0,No,0
STU12318,6.79,66.67,46.46,2,5,3,4,2,0,Yes,1
STU12319,5.9,49.32,51.21,0,0,0,1,4,0,No,0
STU12320,8.38,80.06,69.94,1,1,5,3,1,1,No,1
STU12321,6.58,49.32,61.55,0,0,1,2,1,0,Yes,0
STU12322,8.64,95.36,84.31,1,1,3,1,2,0,No,1
STU12323,7.01,73.78,69.92,0,0,0,4,2,0,Yes,0
STU12324,7.75,82.74,71.89,1,2,4,4,1,0,Yes,1
STU12325,7.64,79.47,74.54,1,1,2,0,2,0,No,1
STU12326,6.05,40.41,55.29,2,4,7,3,0,0,No,0
STU12327,7.42,69.74,65.67,0,0,1,2,3,1,No,0
STU12328,9.22,87.22,89.42,0,0,2,0,1,0,No,0
STU12329,7.29,65.88,72.75,1,1,2,1,4,2,Yes,1
STU12330,8.04,71.72,78.07,2,6,4,3,5,1,Yes,1
STU12331,7.8,73.4,85.73,1,3,6,5,1,0,Yes,1
STU12332,7.35,73.55,73.35,0,0,0,0,2,0,No,1
STU12333,7.21,71.5,58.16,0,0,2,1,5,0,No,0
STU12334,7.63,82.6,80.09,0,0,3,3,2,0,No,0
STU12335,7.88,92.57,73.24,0,0,0,2,0,0,No,0
STU12336,5.45,53.21,50.88,0,0,3,3,2,0,Yes,0
STU12337,7.28,71.23,71.06,1,1,4,2,3,0,Yes,0
STU12338,6.79,75.28,45.63,2,3,4,2,2,0,Yes,1
STU12339,6.55,51.26,61.39,2,3,1,3,3,0,Yes,1
STU12340,8.49,73.12,81.26,0,0,2,1,3,1,No,0
STU12341,6.16,50.19,49.76,0,0,4,3,1,0,Yes,0
STU12342,5.4,53.65,43.25,1,2,5,2,2,0,No,0
STU12343,7.92,81.69,82.42,1,3,1,3,5,0,Yes,1
STU12344,5.37,41.82,40.06,1,3,2,2,2,0,Yes,1
STU12345,4.78,41.81,49.86,2,6,5,2,2,0,Yes,0
STU12346,8.04,74.51,69.84,0,0,2,2,2,0,No,1
STU12347,7.18,63.22,69.44,0,0,1,0,2,0,No,0
STU12348,7.54,85.35,77.68,1,2,2,2,4,0,Yes,1
STU12349,6.49,59.08,61.43,1,1,0,3,3,0,No,1
STU12350,5.41,59.45,46.94,0,0,2,1,2,0,Yes,0
STU12351,5.64,45.07,46.17,0,0,4,1,0,1,No,0
STU12352,6.69,65.71,56.46,3,10,8,1,2,0,No,1
STU12353,5.54,51.08,39.38,1,3,3,3,1,0,Yes,0
STU12354,7.35,78.54,66.14,1,1,6,2,1,0,No,1
STU12355,6.47,61.11,50.81,0,0,1,3,2,0,No,0
STU12356,7.21,77.07,61.41,2,5,1,1,1,0,No,1
STU12357,7.18,73.94,78.44,1,1,2,2,4,0,Yes,0
STU12358,7.44,68.01,61.24,0,0,3,1,5,0,Yes,1
STU12359,7.57,80.84,80.19,0,0,3,2,2,0,Yes,0
STU12360,6.6,60.94,51.14,0,0,1,0,3,0,No,0
STU12361,7.21,66.48,62.0,0,0,0,1,4,0,No,0
STU12362,7.27,76.23,62.84,1,2,2,3,0,0,Yes,0
STU12363,4.21,50.88,35.69,0,0,0,1,0,2,No,0
STU12364,7.74,75.76,81.2,1,1,2,3,2,1,No,1
STU12365,7.17,68.44,71.08,1,1,5,2,3,3,No,0
STU12366,7.65,69.15,73.07,0,0,1,3,2,0,Yes,0
STU12367,5.52,38.78,62.86,0,0,1,1,1,0,Yes,0
STU12368,6.64,60.61,58.96,2,6,6,4,1,0,Yes,0
STU12369,5.74,56.05,48.66,0,0,3,6,3,0,Yes,0
STU12370,7.86,76.47,72.8,0,0,3,2,1,0,Yes,1
STU12371,5.38,57.27,40.88,1,2,3,0,1,0,No,0
STU12372,5.93,51.83,46.86,2,4,1,4,1,2,Yes,0
STU12373,7.61,75.73,79.05,1,3,3,0,1,0,No,1
STU12374,6.28,55.19,57.35,0,0,3,5,3,0,Yes,0
STU12375,5.93,58.95,57.8,1,3,6,1,1,0,No,0
STU12376,8.04,76.19,74.64,1,1,1,3,3,0,Yes,1
STU12377,8.09,81.55,82.86,1,3,1,3,1,0,No,1
STU12378,7.83,76.34,78.46,0,0,1,0,1,0,No,0
STU12379,7.98,77.94,80.92,0,0,0,3,2,0,No,0
STU12380,6.73,63.8,55.4,1,2,1,4,2,0,Yes,1
STU12381,6.76,63.39,54.83,0,0,3,2,1,0,No,0
STU12382,6.25,63.01,56.94,1,1,3,2,1,0,Yes,1
STU12383,7.19,70.77,73.07,0,0,1,4,1,0,Yes,1
STU12384,6.39,61.91,51.87,2,6,4,2,3,0,No,1
STU12385,6.5,61.13,60.75,1,1,3,2,1,0,Yes,1
STU12386,7.69,86.45,82.22,0,0,0,0,2,1,No,0
STU12387,8.36,82.85,79.5,1,1,7,2,2,0,No,1
STU12388,7.46,72.99,63.15,2,3,6,0,1,0,Yes,0
STU12389,9.06,92.77,77.41,0,0,1,1,3,0,Yes,1
STU12390,6.19,53.98,48.81,1,2,2,1,1,0,No,1
STU12391,4.89,49.48,40.81,2,4,2,1,2,0,No,1
STU12392,7.82,93.56,76.32,1,3,5,2,3,0,No,1
STU12393,6.11,49.09,51.87,1,2,3,1,4,0,Yes,0
STU12394,6.69,71.94,58.11,1,1,2,2,2,0,No,0
STU12395,4.96,43.8,47.83,1,2,0,0,2,0,No,0
STU12396,5.97,61.43,45.84,0,0,1,3,5,1,No,0
STU12397,5.27,52.16,52.63,0,0,1,0,3,0,No,0
STU12398,6.5,63.67,62.71,1,2,1,1,1,0,No,0
STU12399,6.55,59.8,62.91,2,6,4,2,2,2,No,1
STU12400,7.1,68.0,62.54,0,0,0,1,2,0,No,0
STU12401,8.43,80.81,81.45,0,0,4,1,1,0,Yes,1
STU12402,7.78,79.11,80.41,0,0,3,2,3,0,Yes,1
STU12403,5.13,46.33,43.23,0,0,1,2,2,0,Yes,0
STU12404,7.7,79.28,70.94,1,3,4,3,1,0,Yes,1
STU12405,7.13,61.45,62.47,2,3,5,3,4,0,Yes,1
STU12406,6.89,66.13,58.85,0,0,1,2,2,0,Yes,0
STU12407,6.97,75.0,57.46,2,6,4,3,1,0,No,0
STU12408,7.24,77.17,85.73,1,3,3,1,2,0,Yes,0
STU12409,6.2,56.22,41.37,1,3,3,4,1,0,Yes,0
STU12410,6.79,79.89,55.63,0,0,0,0,1,0,No,1
STU12411,8.36,81.2,85.24,0,0,1,2,1,0,No,0
STU12412,6.19,55.37,48.8,0,0,0,0,3,1,No,0
STU12413,5.82,43.24,46.84,0,0,2,2,3,0,No,0
STU12414,6.93,64.25,66.04,1,3,3,2,1,3,No,0
STU12415,5.7,61.62,54.09,0,0,2,4,1,0,Yes,0
STU12416,5.02,44.76,42.32,1,2,3,1,2,0,No,1
STU12417,6.6,52.39,64.09,2,6,1,2,2,0,Yes,1
STU12418,8.67,91.83,73.42,0,0,1,0,0,0,No,0
STU12419,6.96,69.52,60.55,2,3,3,3,2,0,No,1
STU12420,7.21,76.01,71.0,0,0,2,2,3,0,No,1
STU12421,4.55,43.96,54.59,1,2,2,2,3,0,No,0
STU12422,7.5,69.4,66.65,1,2,2,0,1,0,No,1
STU12423,7.11,68.47,59.72,1,3,2,0,3,0,No,1
STU12424,6.24,59.78,55.5,2,5,1,4,2,0,Yes,0
STU12425,7.21,70.62,68.38,1,3,4,3,1,0,Yes,1
STU12426,7.2,73.2,63.56,0,0,0,0,3,0,No,0
STU12427,5.78,48.37,41.29,1,3,3,4,2,0,Yes,0
STU12428,7.38,76.23,67.6,0,0,2,5,1,0,Yes,1
STU12429,8.38,84.76,84.91,2,3,4,1,2,0,No,1
STU12430,6.74,59.39,58.62,3,12,7,2,3,0,No,1
STU12431,6.0,54.57,57.76,0,0,4,2,5,0,Yes,0
STU12432,6.8,62.31,60.82,1,3,1,3,0,3,No,0
STU12433,7.98,85.08,81.99,0,0,6,0,1,2,No,1
STU12434,5.59,55.29,48.72,1,1,1,2,1,0,Yes,0
STU12435,7.67,80.72,72.29,0,0,2,1,1,0,No,1
STU12436,6.22,46.44,58.25,1,1,2,2,1,0,Yes,1
STU12437,7.28,66.39,61.87,0,0,1,0,4,1,No,0
STU12438,6.35,54.09,51.59,1,3,3,3,5,0,Yes,1
STU12439,6.35,53.08,52.38,1,3,2,3,2,0,Yes,0
STU12440,8.75,83.8,86.35,1,1,6,2,4,0,Yes,1
STU12441,5.38,54.24,49.47,0,0,0,1,1,1,No,0
STU12442,7.56,80.44,68.36,2,3,2,3,4,0,Yes,1
STU12443,8.99,85.5,79.31,1,1,3,4,1,0,Yes,1
STU12444,7.79,82.71,76.64,0,0,2,0,3,0,No,1
STU12445,5.47,51.23,37.03,0,0,2,2,0,0,No,1
STU12446,5.53,49.44,52.69,0,0,1,2,3,0,No,0
STU12447,6.14,62.14,50.91,1,2,0,0,2,2,Yes,0
STU12448,7.18,66.68,60.63,0,0,0,1,1,0,Yes,1
STU12449,7.26,72.2,61.75,1,1,0,4,1,0,Yes,1
STU12450,5.54,43.42,48.6,2,5,3,3,3,0,Yes,1
STU12451,6.0,47.65,52.39,0,0,2,2,4,0,No,0
STU12452,6.07,46.27,46.82,0,0,3,0,1,0,No,0
STU12453,6.79,58.62,60.86,3,12,8,2,2,2,No,1
STU12454,9.28,89.41,79.14,1,3,6,0,2,0,Yes,1
STU12455,5.93,51.2,48.46,1,3,3,2,2,0,Yes,1
STU12456,5.88,50.93,58.41,1,2,1,2,4,0,No,0
STU12457,5.7,49.09,60.67,0,0,0,2,4,0,Yes,1
STU12458,7.73,89.16,74.25,2,4,1,1,2,0,No,1
STU12459,6.95,60.3,66.71,1,2,1,2,1,0,Yes,0
STU12460,5.97,45.98,52.8,0,0,3,2,2,2,No,0
STU12461,6.58,56.17,47.91,1,3,4,2,0,0,Yes,0
STU12462,6.09,54.27,44.8,2,4,2,2,2,0,Yes,1
STU12463,7.34,76.15,56.17,2,6,5,2,2,0,No,1
STU12464,10.0,93.6,89.59,1,3,5,1,2,0,No,1
STU12465,7.63,82.9,85.9,0,0,2,0,4,1,No,0
STU12466,6.89,65.47,69.52,0,0,1,0,1,0,No,0
STU12467,6.24,54.07,53.71,2,5,4,1,0,1,No,0
STU12468,5.46,58.97,45.59,2,4,4,1,1,0,No,1
STU12469,7.84,63.08,74.67,2,6,2,1,2,0,No,1
STU12470,7.78,79.49,82.47,2,6,2,2,3,0,Yes,1
STU12471,6.46,62.07,57.79,0,0,2,1,3,0,Yes,1
STU12472,8.4,96.16,82.29,1,3,2,3,2,0,No,1
STU12473,7.02,58.34,58.68,1,2,1,2,2,2,No,0
STU12474,7.89,77.85,80.98,0,0,2,0,1,0,No,1
STU12475,7.34,64.93,69.17,1,2,1,3,1,0,No,0
STU12476,6.8,53.85,64.02,3,6,3,2,2,0,No,0
STU12477,5.9,51.59,55.81,2,4,1,1,3,0,No,0
STU12478,6.83,70.19,52.39,1,1,1,0,3,0,No,0
STU12479,7.97,88.44,76.43,0,0,2,4,2,0,Yes,1
STU12480,6.42,55.66,53.21,2,5,2,5,2,0,Yes,0
STU12481,7.51,79.49,69.32,2,6,1,4,2,0,No,1
STU12482,5.75,50.2,41.68,1,1,0,1,1,3,No,0
STU12483,7.9,83.78,73.08,1,2,5,2,3,0,Yes,1
STU12484,7.36,80.28,63.77,0,0,1,3,5,1,No,0
STU12485,5.62,49.09,52.21,0,0,1,0,2,1,No,0
STU12486,6.74,70.17,62.97,0,0,0,2,2,0,Yes,0
STU12487,8.07,74.89,81.02,1,3,0,2,1,0,Yes,1
STU12488,5.55,53.77,35.27,0,0,0,3,0,0,Yes,0
STU12489,5.77,57.71,60.2,1,2,4,2,2,0,Yes,1
STU12490,6.92,72.1,61.07,0,0,0,0,0,0,No,0
STU12491,9.45,82.15,96.73,2,4,7,3,2,2,Yes,1
STU12492,6.23,55.1,57.83,0,0,2,1,3,0,Yes,0
STU12493,7.57,78.2,72.0,1,1,5,1,3,0,No,0
STU12494,7.3,75.17,81.77,0,0,1,3,4,0,Yes,0
STU12495,6.32,58.21,57.91,1,1,4,1,1,0,Yes,0
STU12496,7.19,79.29,66.35,0,0,1,1,1,0,No,0
STU12497,6.48,52.08,54.51,0,0,2,2,2,0,Yes,1
STU12498,6.59,59.88,64.51,1,2,2,2,2,0,Yes,0
STU12499,5.09,37.1,41.0,1,2,2,2,4,0,No,0
STU12500,6.97,71.12,62.12,0,0,3,3,0,0,Yes,1
STU12501,8.03,85.19,75.28,3,8,4,1,1,0,Yes,1
STU12502,7.07,89.03,61.4,2,3,3,0,1,0,No,1
STU12503,8.25,89.96,76.64,1,3,2,5,2,1,Yes,1
STU12504,7.67,79.74,85.38,2,3,3,3,2,0,Yes,1
STU12505,6.93,68.26,69.78,1,2,5,1,2,0,No,1
STU12506,6.28,55.06,55.38,1,3,2,5,1,0,Yes,1
STU12507,6.44,59.97,52.9,3,9,5,3,1,0,Yes,1
STU12508,5.31,49.9,41.93,1,1,5,1,2,0,Yes,1
STU12509,6.69,51.07,57.66,0,0,0,4,1,0,Yes,1
STU12510,7.17,71.65,78.2,0,0,2,2,1,0,Yes,0
STU12511,8.97,88.55,86.69,0,0,1,3,2,0,Yes,1
STU12512,7.61,87.36,78.32,0,0,2,3,2,0,Yes,0
STU12513,6.01,52.98,51.97,0,0,1,2,3,1,Yes,0
STU12514,5.34,43.88,40.16,1,1,3,3,3,1,No,1
STU12515,6.76,65.63,61.64,1,3,2,2,2,0,No,1
STU12516,7.93,81.29,71.39,0,0,1,2,2,0,No,1
STU12517,6.75,62.98,67.93,1,2,2,2,1,0,No,1
STU12518,7.62,69.38,69.56,1,2,0,1,2,0,No,1
STU12519,6.79,63.6,58.1,3,10,7,1,1,1,Yes,0
STU12520,7.82,76.1,81.45,1,2,0,0,1,2,No,0
STU12521,5.16,46.29,40.4,2,3,2,2,2,3,Yes,0
STU12522,8.84,91.87,83.17,2,3,1,1,0,0,No,1
STU12523,5.72,47.03,35.0,1,1,3,3,3,0,No,1
STU12524,7.91,79.31,75.7,0,0,2,1,4,2,No,1
STU12525,6.69,66.01,63.33,2,5,2,3,5,0,Yes,1
STU12526,6.87,64.07,58.93,0,0,3,2,1,0,No,0
STU12527,6.72,79.01,63.71,0,0,4,2,3,1,Yes,1
STU12528,7.29,73.92,69.33,2,6,5,2,4,0,No,1
STU12529,7.53,68.31,79.29,1,2,2,7,2,0,Yes,0
STU12530,8.22,78.4,76.03,0,0,1,2,4,0,Yes,1
STU12531,8.62,80.68,81.87,0,0,1,2,2,0,Yes,1
STU12532,7.38,68.73,61.86,1,2,1,2,2,0,Yes,1
STU12533,8.97,91.16,84.38,0,0,0,1,1,0,No,1
STU12534,7.11,62.92,64.03,1,2,3,2,3,0,No,1
STU12535,8.24,81.65,86.4,1,1,2,2,0,0,No,1
STU12536,7.49,82.17,68.57,2,5,6,2,2,0,Yes,1
STU12537,6.37,55.07,52.65,1,2,0,2,2,0,No,1
STU12538,7.21,75.12,64.04,3,8,9,1,2,0,No,1
STU12539,7.58,66.39,73.65,2,6,4,5,3,0,No,0
STU12540,6.96,65.07,76.22,0,0,0,2,3,1,No,0
STU12541,7.47,69.7,51.03,1,3,1,2,3,0,Yes,1
STU12542,8.0,83.29,78.2,2,5,2,2,2,0,No,1
STU12543,6.97,61.2,71.46,0,0,1,3,1,0,No,0
STU12544,4.0,57.54,39.03,1,2,4,1,2,0,Yes,0
STU12545,8.93,77.98,87.98,1,2,5,1,0,0,No,1
STU12546,6.66,69.19,66.44,0,0,1,5,2,2,Yes,1
STU12547,6.05,59.53,49.6,0,0,3,1,2,1,No,1
STU12548,5.71,52.84,44.06,0,0,2,2,2,1,Yes,0
STU12549,6.61,62.0,64.29,1,1,3,0,2,0,No,0
STU12550,6.35,69.09,57.94,2,6,2,1,3,0,No,1
STU12551,6.15,70.28,52.08,1,1,2,1,5,1,No,0
STU12552,6.22,54.95,56.86,0,0,1,4,1,1,Yes,0
STU12553,7.61,77.82,79.63,0,0,0,0,2,0,Yes,1
STU12554,9.33,85.72,85.71,1,3,3,3,5,0,Yes,1
STU12555,7.94,73.95,79.8,0,0,2,0,2,0,No,0
STU12556,8.29,86.88,84.23,0,0,2,2,1,0,Yes,1
STU12557,6.57,62.47,55.2,0,0,1,0,1,0,No,0
STU12558,7.12,60.14,73.93,1,2,6,3,3,0,Yes,1
STU12559,7.49,78.01,66.09,2,5,2,1,5,0,Yes,1
STU12560,6.24,58.23,52.74,1,1,2,0,2,1,No,1
STU12561,6.51,56.59,61.8,0,0,0,5,5,0,Yes,0
STU12562,7.98,77.38,72.04,0,0,0,3,3,1,Yes,1
STU12563,8.25,86.34,86.02,0,0,1,1,3,1,Yes,0
STU12564,7.08,78.75,67.24,0,0,2,3,3,2,Yes,0
STU12565,5.63,52.71,55.27,1,1,4,2,2,0,Yes,0
STU12566,6.66,67.09,63.08,2,4,6,0,1,0,No,1
STU12567,5.34,43.47,44.49,0,0,1,3,2,0,Yes,0
STU12568,7.09,66.78,67.65,0,0,2,5,2,0,No,0
STU12569,7.29,76.07,71.03,1,3,3,1,1,0,Yes,0
STU12570,6.69,54.64,71.93,1,3,2,2,3,0,No,1
STU12571,7.28,73.41,69.68,0,0,1,2,3,0,No,1
STU12572,7.48,78.05,71.27,0,0,2,1,2,0,No,1
STU12573,7.3,72.24,68.3,1,2,4,1,3,0,Yes,1
STU12574,5.62,52.18,48.4,1,1,2,2,3,0,No,1
STU12575,6.71,63.48,53.32,1,3,1,4,1,1,No,0
STU12576,7.47,71.24,69.68,2,6,6,1,1,0,Yes,1
STU12577,8.82,80.27,78.27,0,0,4,1,2,1,Yes,1
STU12578,6.69,62.23,54.48,1,1,2,1,0,0,No,1
STU12579,7.63,85.05,79.05,1,2,2,5,3,0,Yes,1
STU12580,8.01,87.79,78.81,0,0,2,2,4,0,Yes,1
STU12581,6.77,62.14,56.76,1,3,4,6,2,0,Yes,1
STU12582,8.32,82.18,80.47,0,0,0,1,3,0,Yes,1
STU12583,8.38,82.2,80.36,1,1,5,3,1,2,Yes,1
STU12584,8.59,83.49,83.44,1,3,1,1,2,0,No,1
STU12585,7.53,77.5,63.73,0,0,1,2,2,0,Yes,1
STU12586,9.71,95.91,80.02,0,0,2,0,2,0,No,0
STU12587,6.29,70.77,45.54,1,1,3,2,4,0,Yes,0
STU12588,9.44,84.26,80.84,0,0,0,0,1,0,No,0
STU12589,7.88,84.19,72.94,1,1,3,1,2,0,Yes,1
STU12590,8.54,89.15,76.69,1,2,0,2,1,0,No,1
STU12591,6.63,60.01,63.58,2,6,1,3,0,0,No,1
STU12592,7.97,75.08,89.28,0,0,1,2,3,0,No,1
STU12593,8.64,88.11,88.41,2,4,2,3,5,0,No,1
STU12594,5.75,64.04,44.93,1,2,1,2,1,1,Yes,0
STU12595,6.81,66.54,63.19,1,1,3,1,1,2,No,1
STU12596,4.54,41.0,42.32,3,10,3,1,3,0,No,0
STU12597,6.79,63.66,57.95,1,3,1,2,2,0,No,1
STU12598,6.06,47.53,59.32,2,4,3,1,0,0,No,0
STU12599,6.75,63.93,72.86,0,0,2,0,1,0,No,0
STU12600,10.0,93.99,78.07,2,3,6,2,1,1,No,1
STU12601,8.98,83.8,93.6,2,4,2,1,0,1,No,0
STU12602,5.34,35.0,41.93,0,0,2,5,1,0,Yes,1
STU12603,7.64,79.0,72.76,1,2,4,3,0,1,No,0
STU12604,7.92,77.71,79.42,2,5,3,0,2,0,No,0
STU12605,6.61,57.13,67.92,0,0,1,1,3,0,No,0
STU12606,7.21,66.47,69.71,1,1,3,1,1,0,Yes,1
STU12607,7.32,75.16,72.23,0,0,1,2,1,0,Yes,1
STU12608,5.45,46.68,51.25,0,0,3,1,2,0,Yes,0
STU12609,5.81,57.51,55.0,1,3,1,1,1,0,No,1
STU12610,7.2,76.63,70.99,1,3,6,2,5,2,No,0
STU12611,7.11,68.05,72.78,1,2,4,2,5,0,No,1
STU12612,6.19,52.71,49.25,1,2,1,0,4,0,No,0
STU12613,6.09,55.42,41.25,2,4,3,2,1,0,No,1
STU12614,6.9,65.33,74.15,0,0,1,0,1,0,No,0
STU12615,8.02,71.19,72.48,1,2,3,1,2,0,Yes,1
STU12616,6.91,77.89,60.2,1,3,1,1,1,0,Yes,1
STU12617,8.87,91.87,82.6,2,5,2,2,2,0,No,1
STU12618,6.2,53.23,49.98,2,6,7,0,4,0,Yes,1
STU12619,7.22,59.79,63.93,0,0,2,3,3,0,Yes,1
STU12620,6.59,60.3,61.16,2,5,3,1,4,0,No,0
STU12621,7.68,74.34,77.71,1,2,3,2,1,0,Yes,1
STU12622,6.1,54.49,55.58,0,0,1,3,2,2,No,0
STU12623,9.22,75.77,89.1,0,0,1,2,3,2,No,1
STU12624,5.06,44.27,41.6,0,0,2,3,3,0,Yes,1
STU12625,8.97,85.48,82.44,1,2,1,3,2,0,Yes,0
STU12626,7.1,68.35,73.22,1,3,2,2,2,1,No,0
STU12627,7.64,75.85,71.14,0,0,2,4,3,0,Yes,1
STU12628,8.53,86.15,79.59,2,4,3,0,2,3,No,1
STU12629,7.99,90.54,83.98,1,3,2,2,2,0,Yes,1
STU12630,6.16,52.47,52.45,3,10,3,1,1,0,Yes,1
STU12631,7.69,72.56,72.0,0,0,2,1,3,0,No,0
STU12632,9.15,78.19,82.58,0,0,1,4,1,0,No,0
STU12633,5.98,50.48,57.29,2,3,3,0,4,0,No,0
STU12634,9.44,80.81,89.74,2,5,2,5,3,0,Yes,1
STU12635,7.44,80.31,72.97,0,0,1,3,2,0,Yes,1
STU12636,6.5,59.51,50.09,0,0,0,0,3,0,No,0
STU12637,5.97,59.12,51.93,0,0,2,0,2,1,No,0
STU12638,6.74,72.51,59.44,1,3,3,2,1,0,Yes,0
STU12639,4.75,40.92,37.64,0,0,2,4,1,0,Yes,0
STU12640,6.52,58.27,53.74,0,0,0,2,2,0,No,1
STU12641,6.7,70.93,64.12,2,6,4,0,2,0,No,1
STU12642,5.76,52.61,55.93,0,0,5,1,2,0,No,0
STU12643,7.86,83.08,70.61,1,2,1,0,3,2,No,1
STU12644,6.75,70.0,55.22,0,0,1,2,2,0,Yes,0
STU12645,6.27,62.23,58.01,1,3,5,3,1,1,No,1
STU12646,6.63,64.36,56.45,0,0,2,2,1,0,Yes,0
STU12647,7.41,82.42,74.36,0,0,2,2,4,0,Yes,1
STU12648,7.08,68.81,63.68,1,3,3,2,2,1,No,1
STU12649,6.19,59.05,56.39,0,0,1,3,2,2,Yes,0
STU12650,7.14,69.05,58.87,1,3,5,3,0,0,Yes,1
STU12651,6.94,73.06,67.23,0,0,2,1,1,2,No,1
STU12652,5.69,46.61,35.22,2,6,4,2,3,0,Yes,1
STU12653,6.67,52.42,65.07,1,2,2,1,2,0,Yes,1
STU12654,7.67,81.66,74.52,1,1,0,3,2,0,Yes,1
STU12655,7.66,71.49,77.26,2,3,3,0,2,0,No,1
STU12656,6.74,56.89,62.03,0,0,2,2,3,2,Yes,0
STU12657,7.78,86.66,65.84,1,1,2,1,3,0,Yes,1
STU12658,5.87,58.32,57.72,1,1,5,1,2,0,No,1
STU12659,5.91,50.8,51.86,0,0,3,1,3,0,No,0
STU12660,6.71,44.9,64.71,0,0,2,0,0,0,No,0
STU12661,8.72,90.12,79.12,0,0,0,0,3,0,Yes,0
STU12662,7.19,74.74,69.21,1,3,5,1,2,1,No,0
STU12663,6.68,65.81,51.85,1,1,4,0,2,2,Yes,0
STU12664,8.78,89.98,85.05,1,1,1,4,3,0,No,0
STU12665,6.67,61.46,53.91,0,0,2,2,1,0,No,1
STU12666,9.57,86.95,100.0,0,0,1,3,1,0,Yes,1
STU12667,6.41,52.18,59.45,1,2,2,2,2,0,Yes,0
STU12668,5.84,47.96,57.13,0,0,1,3,2,0,No,0
STU12669,6.81,66.77,60.35,1,1,1,3,3,0,No,0
STU12670,6.71,65.23,62.59,0,0,3,1,4,0,No,0
STU12671,6.07,59.22,56.91,0,0,0,1,1,0,No,1
STU12672,9.99,81.34,80.34,2,4,5,0,0,1,Yes,0
STU12673,7.37,63.49,66.41,0,0,0,5,1,0,Yes,1
STU12674,7.53,73.62,78.73,2,3,5,6,1,0,Yes,1
STU12675,6.47,53.48,55.3,0,0,2,0,4,0,Yes,0
STU12676,6.34,58.82,50.22,1,2,0,3,1,1,Yes,0
STU12677,8.18,75.26,76.33,1,3,5,1,2,0,No,1
STU12678,5.07,54.25,36.84,1,1,2,1,2,0,Yes,1
STU12679,5.69,45.85,36.03,0,0,2,5,4,0,Yes,0
STU12680,6.72,72.78,50.05,0,0,1,3,2,0,Yes,0
STU12681,8.55,89.09,83.22,0,0,0,0,1,0,No,0
STU12682,6.57,54.69,62.06,2,5,4,3,2,2,No,0
STU12683,7.48,87.66,87.2,3,9,7,5,2,0,Yes,1
STU12684,7.03,69.99,65.15,0,0,0,4,2,0,Yes,0
STU12685,8.49,86.59,74.91,0,0,2,1,3,2,No,1
STU12686,5.18,47.25,44.47,0,0,2,2,4,0,No,1
STU12687,7.85,82.61,81.03,0,0,0,1,3,0,No,1
STU12688,6.77,67.33,67.35,1,3,3,1,0,0,No,1
STU12689,8.06,76.92,84.71,1,1,2,3,1,1,No,1
STU12690,6.06,53.03,54.75,1,2,1,1,1,0,No,0
STU12691,7.03,69.04,65.92,0,0,5,2,0,1,No,0
STU12692,6.88,69.42,67.34,1,1,1,1,2,0,No,0
STU12693,5.85,55.85,42.14,2,3,4,2,2,0,Yes,1
STU12694,5.53,50.64,35.0,3,6,6,3,2,0,Yes,1
STU12695,6.33,54.38,67.24,1,1,3,2,2,0,Yes,0
STU12696,7.15,66.57,66.9,1,2,3,2,3,1,Yes,1
STU12697,6.13,48.03,55.38,1,1,0,0,0,1,No,0
STU12698,6.62,65.34,41.97,0,0,1,6,1,0,Yes,0
STU12699,4.83,42.59,52.55,0,0,1,3,2,0,Yes,0
STU12700,6.57,59.95,65.04,2,3,2,1,1,0,Yes,1
STU12701,8.18,84.52,70.7,2,5,5,4,0,0,Yes,1
STU12702,7.81,79.44,74.51,3,7,3,0,1,0,No,1
STU12703,6.9,66.23,64.86,1,3,1,2,5,0,No,1
STU12704,7.28,66.77,61.62,0,0,2,5,1,0,Yes,0
STU12705,6.05,55.79,54.11,2,5,2,1,0,0,Yes,0
STU12706,8.87,85.73,90.88,1,1,5,2,2,0,No,1
STU12707,9.38,88.61,88.07,0,0,1,2,1,0,No,1
STU12708,7.19,77.75,58.41,0,0,1,0,3,0,No,0
STU12709,9.98,92.79,80.54,1,3,1,1,3,0,No,1
STU12710,6.22,52.8,52.48,1,3,2,1,1,0,Yes,0
STU12711,5.56,48.99,45.39,0,0,1,1,2,0,Yes,0
STU12712,6.18,65.42,51.45,2,6,5,1,3,0,Yes,0
STU12713,6.75,61.95,59.2,0,0,1,1,0,0,No,0
STU12714,9.66,89.75,75.69,0,0,1,1,3,0,Yes,1
STU12715,6.68,66.61,64.46,0,0,6,1,3,0,Yes,0
STU12716,6.01,55.12,54.59,1,2,4,6,1,2,Yes,0
STU12717,5.97,51.17,53.54,1,1,4,3,3,0,Yes,1
STU12718,8.31,79.84,83.88,1,3,2,3,2,1,No,1
STU12719,8.15,82.78,78.13,0,0,1,1,1,2,No,0
STU12720,6.44,63.14,52.55,1,3,1,1,1,2,No,0
STU12721,4.84,54.25,37.21,1,2,2,2,2,1,Yes,0
STU12722,5.7,42.13,57.18,2,3,7,4,3,1,No,0
STU12723,8.98,98.56,84.86,2,5,6,3,2,0,Yes,1
STU12724,7.79,77.48,66.25,2,5,4,1,2,0,No,1
STU12725,7.08,74.61,65.89,2,3,7,0,2,0,No,0
STU12726,9.15,84.13,73.05,0,0,1,3,2,0,Yes,1
STU12727,9.25,79.18,87.33,1,3,4,0,1,0,Yes,0
STU12728,6.96,59.34,65.08,2,5,1,2,2,0,No,1
STU12729,6.98,65.52,61.25,2,3,1,1,3,0,No,1
STU12730,6.33,60.79,49.01,2,6,8,0,2,0,No,1
STU12731,6.67,62.77,62.96,0,0,0,3,2,0,Yes,0
STU12732,5.29,46.64,44.65,1,2,3,2,5,0,No,0
STU12733,5.29,54.83,35.0,0,0,4,4,4,0,Yes,1
STU12734,5.02,46.97,51.18,0,0,0,1,1,1,Yes,0
STU12735,8.25,85.4,75.09,1,3,4,0,4,1,No,1
STU12736,5.2,66.43,36.86,3,7,4,2,2,0,No,1
STU12737,9.24,88.76,93.96,2,4,4,0,3,0,Yes,1
STU12738,6.16,51.38,58.91,1,1,2,0,2,0,No,0
STU12739,9.0,90.96,82.55,2,6,3,10,2,0,Yes,1
STU12740,6.58,65.59,50.67,1,2,2,3,0,0,No,0
STU12741,5.2,49.53,39.27,0,0,2,4,1,0,Yes,0
STU12742,8.48,86.44,79.88,1,3,1,0,3,0,Yes,1
STU12743,8.61,95.18,90.58,0,0,1,2,2,0,No,1
STU12744,5.96,61.44,58.07,0,0,1,3,2,0,No,0
STU12745,6.62,61.06,59.76,0,0,0,3,1,0,No,0
STU12746,5.96,49.44,54.2,3,8,4,4,3,0,No,1
STU12747,6.86,68.18,61.35,0,0,2,3,2,0,Yes,0
STU12748,7.12,65.96,61.62,2,4,1,2,4,2,Yes,0
STU12749,6.6,66.75,49.43,0,0,1,5,2,0,Yes,1
STU12750,4.91,49.11,45.51,1,2,1,1,1,1,Yes,0
STU12751,6.33,73.69,60.07,2,6,3,3,1,0,Yes,0
STU12752,7.81,88.21,73.31,1,2,3,4,2,0,Yes,1
STU12753,6.76,57.51,68.11,1,2,0,1,2,0,No,1
STU12754,6.62,58.74,56.54,2,4,1,1,1,1,No,0
STU12755,5.93,41.55,50.53,0,0,2,1,3,0,No,0
STU12756,6.3,44.43,52.93,0,0,3,2,2,1,Yes,0
STU12757,8.62,87.02,90.75,1,1,6,1,3,0,No,1
STU12758,5.69,43.65,50.76,0,0,3,4,2,0,No,0
STU12759,7.83,89.46,76.26,1,2,1,1,0,0,No,1
STU12760,7.05,75.72,66.23,1,1,2,2,2,0,No,1
STU12761,7.28,70.61,62.1,2,3,2,2,4,0,No,1
STU12762,6.16,53.56,39.13,0,0,2,0,5,0,Yes,0
STU12763,6.6,70.33,55.23,0,0,0,2,3,0,No,0
STU12764,6.99,78.02,63.57,1,3,4,2,2,0,Yes,1
STU12765,6.4,53.1,58.89,1,2,7,0,1,0,No,1
STU12766,7.38,67.3,69.69,1,3,2,3,2,0,Yes,1
STU12767,7.53,73.95,69.94,2,6,2,0,2,0,No,1
STU12768,9.5,91.91,68.64,0,0,1,3,1,0,Yes,1
STU12769,7.32,69.7,72.95,2,5,4,0,2,0,No,0
STU12770,4.8,48.93,44.48,0,0,1,3,1,0,Yes,1
STU12771,8.34,96.21,86.39,0,0,2,0,4,2,No,1
STU12772,6.77,55.66,61.26,1,2,6,1,3,0,No,1
STU12773,9.31,86.31,92.87,0,0,1,0,1,0,Yes,1
STU12774,8.69,78.42,80.44,0,0,1,1,2,0,No,1
STU12775,6.42,53.89,55.66,1,1,2,1,3,0,No,0
STU12776,7.83,77.86,78.07,0,0,1,4,3,0,Yes,1
STU12777,6.32,53.09,58.41,0,0,3,2,2,0,No,0
STU12778,7.0,71.01,67.39,0,0,2,2,2,1,No,0
STU12779,7.78,79.96,78.92,0,0,3,2,4,0,No,1
STU12780,8.28,85.82,82.63,1,2,1,1,1,0,Yes,0
STU12781,8.03,79.97,77.66,1,1,2,1,3,0,Yes,1
STU12782,7.09,67.97,71.67,0,0,0,2,2,0,No,0
STU12783,9.86,87.59,76.65,1,2,3,2,0,0,Yes,1
STU12784,6.58,59.7,54.42,2,6,2,1,2,0,No,0
STU12785,5.15,50.02,54.05,2,4,1,1,2,0,Yes,0
STU12786,5.37,37.08,41.59,0,0,2,2,4,1,Yes,0
STU12787,8.7,88.5,83.3,1,2,3,2,2,0,Yes,1
STU12788,6.91,61.19,71.73,0,0,1,5,5,0,Yes,1
STU12789,7.18,68.64,66.92,0,0,3,0,1,0,No,0
STU12790,6.38,48.93,50.3,2,6,2,3,2,3,Yes,0
STU12791,6.48,57.6,63.94,0,0,1,4,4,0,No,0
STU12792,6.09,56.43,50.03,2,4,4,3,3,0,No,1
STU12793,7.54,78.75,71.68,0,0,1,3,0,0,Yes,0
STU12794,6.89,58.9,51.13,1,1,4,1,3,0,No,1
STU12795,7.5,77.87,71.65,1,1,2,0,3,0,No,1
STU12796,7.39,80.64,74.9,1,3,2,1,1,0,No,1
STU12797,6.51,57.23,54.61,1,3,3,3,1,0,No,1
STU12798,5.32,48.33,37.63,0,0,1,1,2,0,Yes,0
STU12799,5.22,35.43,41.96,0,0,2,3,3,0,No,0
STU12800,10.0,84.51,83.2,2,4,4,2,5,0,No,1
STU12801,8.7,88.42,82.27,2,3,5,2,1,0,No,1
STU12802,8.54,91.62,79.78,1,3,5,3,1,1,Yes,0
STU12803,6.22,52.71,63.29,2,3,3,2,1,1,Yes,1
STU12804,7.01,84.06,66.86,0,0,2,1,1,0,No,0
STU12805,6.06,56.27,40.95,2,5,1,3,1,0,No,0
STU12806,5.49,41.79,46.86,1,3,2,1,2,0,No,1
STU12807,6.32,65.24,54.28,2,6,2,5,1,0,Yes,1
STU12808,8.53,78.27,89.95,1,3,0,0,1,0,No,1
STU12809,7.97,83.16,77.26,2,5,6,2,3,0,Yes,1
STU12810,5.88,47.04,48.51,3,9,8,2,2,0,Yes,1
STU12811,6.64,53.94,70.26,2,5,3,3,1,0,Yes,0
STU12812,7.86,85.75,70.57,0,0,2,1,2,0,No,0
STU12813,6.34,56.25,59.6,2,5,5,2,2,0,Yes,1
STU12814,7.09,79.72,66.75,1,3,3,3,3,1,Yes,0
STU12815,7.46,68.74,68.84,0,0,2,2,4,0,No,1
STU12816,7.45,65.28,67.75,1,1,4,2,2,0,Yes,1
STU12817,7.29,69.53,77.56,1,1,3,0,2,0,No,1
STU12818,6.25,73.96,56.41,1,2,4,3,4,0,Yes,1
STU12819,6.37,63.16,58.77,2,4,5,0,2,0,No,1
STU12820,5.7,54.2,53.21,2,6,5,4,3,0,Yes,1
STU12821,5.2,51.29,46.82,1,3,4,4,4,0,No,0
STU12822,6.87,62.8,56.35,1,3,3,2,2,1,No,0
STU12823,7.94,97.28,68.47,1,1,1,4,3,0,No,1
STU12824,5.41,51.62,55.11,1,2,5,2,2,3,No,0
STU12825,7.31,74.88,70.94,2,6,3,1,2,2,No,0
STU12826,7.9,86.41,77.97,0,0,3,0,3,1,No,1
STU12827,4.89,38.86,54.33,0,0,1,4,1,0,Yes,0
STU12828,6.69,57.52,53.41,1,2,2,2,3,0,No,1
STU12829,8.89,86.24,69.57,1,3,4,1,2,0,Yes,1
STU12830,7.63,83.2,63.39,0,0,0,3,2,0,Yes,1
STU12831,4.85,38.56,40.16,0,0,2,2,1,2,No,0
STU12832,7.76,78.39,76.5,1,3,1,0,2,0,No,1
STU12833,6.14,54.07,60.68,0,0,3,3,2,1,No,0
STU12834,7.8,69.8,81.31,1,3,1,2,1,3,No,0
STU12835,6.21,53.04,37.73,2,6,5,0,1,2,No,0
STU12836,6.94,70.15,80.7,0,0,2,1,1,0,No,0
STU12837,6.38,49.51,52.94,1,1,3,5,1,3,Yes,1
STU12838,7.0,76.37,72.27,1,1,4,1,3,0,No,1
STU12839,6.35,60.66,58.13,2,3,4,2,3,0,No,1
STU12840,6.74,65.79,60.75,3,8,5,4,4,0,Yes,1
STU12841,5.65,50.55,46.08,1,3,1,2,3,0,No,0
STU12842,7.56,69.76,66.64,0,0,0,1,0,0,Yes,1
STU12843,7.2,67.06,60.23,2,3,5,0,1,0,No,1
STU12844,5.14,49.64,43.47,0,0,4,1,2,0,Yes,1
STU12845,8.14,78.86,71.44,1,2,2,2,1,0,Yes,1
STU12846,6.8,65.79,71.54,2,4,1,4,3,0,Yes,1
STU12847,7.19,65.34,68.32,1,1,1,5,2,0,No,1
STU12848,7.88,82.93,89.78,1,2,4,1,5,0,Yes,1
STU12849,7.38,76.76,67.99,0,0,1,1,2,0,No,1
STU12850,8.34,74.76,77.98,2,6,3,2,2,0,No,1
STU12851,6.66,62.85,62.99,0,0,1,1,2,0,No,0
STU12852,8.19,74.07,78.65,0,0,2,2,1,2,No,1
STU12853,7.14,58.91,72.92,0,0,2,2,0,2,No,0
STU12854,7.58,72.98,82.17,1,3,0,4,2,0,No,1
STU12855,7.46,91.67,78.48,2,4,7,5,1,0,Yes,1
STU12856,8.43,89.81,90.34,0,0,2,2,1,0,Yes,0
STU12857,7.83,87.97,81.53,1,1,2,1,4,0,No,1
STU12858,6.49,63.57,53.63,1,3,3,2,1,0,Yes,1
STU12859,6.26,58.02,60.63,1,2,5,0,1,0,No,1
STU12860,6.94,72.33,68.15,1,2,1,2,4,0,No,1
STU12861,6.13,51.3,48.43,1,1,4,4,1,0,Yes,0
STU12862,5.79,54.5,45.73,2,6,3,2,3,0,Yes,1
STU12863,4.55,52.82,42.21,0,0,1,0,2,1,No,0
STU12864,5.22,52.02,51.49,0,0,4,1,2,0,No,0
STU12865,9.28,96.38,86.62,2,4,6,5,1,0,No,1
STU12866,6.25,57.66,53.53,0,0,1,1,3,0,No,0
STU12867,9.19,98.82,84.72,3,9,0,1,2,0,No,1
STU12868,7.46,73.62,69.75,1,1,3,0,1,0,No,1
STU12869,6.94,79.66,56.97,0,0,4,0,1,0,No,0
STU12870,5.27,51.5,49.83,1,3,3,0,2,1,No,0
STU12871,7.01,65.63,58.82,0,0,1,1,2,0,No,0
STU12872,9.18,81.57,86.05,2,5,4,0,2,0,No,1
STU12873,8.79,82.38,81.78,1,1,1,2,4,0,No,1
STU12874,7.32,66.97,74.32,0,0,0,1,2,0,Yes,1
STU12875,5.68,50.18,45.66,2,3,3,3,3,0,Yes,0
STU12876,5.9,45.14,43.75,1,1,1,5,2,1,Yes,1
STU12877,6.02,61.67,56.85,1,3,3,1,2,1,Yes,0
STU12878,8.47,86.11,77.49,1,2,1,4,5,1,Yes,1
STU12879,8.88,88.07,85.58,2,4,4,3,2,0,No,1
STU12880,7.23,64.35,75.99,0,0,3,1,1,1,No,0
STU12881,6.65,57.67,54.9,2,3,3,1,1,0,No,1
STU12882,8.78,73.86,83.56,1,1,3,3,2,0,Yes,1
STU12883,5.87,62.25,46.95,2,3,3,3,2,0,Yes,1
STU12884,7.06,60.32,66.61,2,5,4,1,1,0,No,1
STU12885,7.53,67.82,72.47,0,0,0,2,1,0,Yes,0
STU12886,6.01,62.27,56.32,0,0,2,2,1,1,No,0
STU12887,6.27,59.17,50.12,1,2,2,1,2,1,No,0
STU12888,6.18,56.51,60.43,0,0,1,4,1,0,Yes,0
STU12889,8.63,88.43,93.02,1,3,3,6,3,0,Yes,1
STU12890,9.2,94.43,87.25,0,0,0,4,1,0,Yes,0
STU12891,7.13,70.55,62.21,3,8,5,0,4,0,No,1
STU12892,6.69,53.58,59.59,0,0,1,1,3,0,Yes,1
STU12893,6.31,61.77,53.62,0,0,1,4,0,0,No,0
STU12894,7.0,70.41,75.51,1,1,1,1,0,1,No,0
STU12895,6.37,65.2,54.55,0,0,3,5,1,0,No,0
STU12896,6.89,58.54,71.33,2,3,4,1,1,0,Yes,1
STU12897,7.48,70.65,72.69,0,0,1,2,3,0,No,0
STU12898,6.53,62.9,57.83,1,2,0,1,1,0,Yes,0
STU12899,6.78,58.67,59.21,1,2,0,2,2,0,No,0
STU12900,6.79,50.34,59.89,2,6,3,0,1,0,Yes,1
STU12901,6.63,63.2,64.36,2,6,1,1,2,0,Yes,1
STU12902,6.49,65.33,52.58,2,6,3,0,1,0,Yes,0
STU12903,7.88,79.4,82.94,1,3,3,5,2,0,Yes,1
STU12904,4.96,50.04,52.4,1,1,4,1,2,0,Yes,0
STU12905,8.81,89.74,80.77,0,0,2,1,2,2,No,0
STU12906,7.16,70.36,74.55,2,5,5,1,2,0,Yes,1
STU12907,7.7,78.97,81.45,3,10,3,0,1,0,No,0
STU12908,7.83,87.76,81.88,0,0,1,5,3,0,Yes,1
STU12909,6.19,50.05,49.02,1,3,4,4,4,0,Yes,1
STU12910,5.95,57.86,49.5,1,1,4,1,2,0,No,1
STU12911,5.81,44.84,48.2,1,3,1,3,2,0,No,0
STU12912,6.72,58.46,72.77,1,1,3,0,2,0,No,0
STU12913,7.8,86.51,76.27,1,1,5,3,2,0,No,1
STU12914,6.33,50.35,53.51,2,4,2,1,5,1,Yes,0
STU12915,7.7,76.68,68.24,1,1,1,2,5,0,Yes,1
STU12916,4.28,59.58,36.58,0,0,1,1,4,0,No,0
STU12917,6.56,67.02,53.76,0,0,0,5,1,0,Yes,0
STU12918,8.34,80.13,83.72,0,0,3,1,1,0,No,0
STU12919,6.8,61.37,53.22,1,3,3,1,2,0,No,1
STU12920,6.05,53.14,47.17,1,3,2,0,1,0,No,0
STU12921,6.24,64.43,42.4,0,0,0,2,2,1,Yes,0
STU12922,4.0,39.11,50.53,0,0,1,3,0,1,Yes,0
STU12923,5.84,45.77,49.78,2,3,5,2,1,0,Yes,1
STU12924,8.22,87.71,82.29,2,6,3,5,1,1,Yes,0
STU12925,6.33,47.55,48.09,1,3,3,0,2,0,No,1
STU12926,6.47,54.04,63.48,0,0,3,2,2,2,Yes,1
STU12927,4.32,44.97,51.5,2,5,4,2,3,1,Yes,1
STU12928,5.12,47.19,44.8,0,0,3,0,2,0,No,0
STU12929,8.37,76.53,78.84,2,3,3,1,2,0,No,0
STU12930,7.71,80.39,78.58,1,3,4,4,3,0,Yes,1
STU12931,5.51,52.85,50.94,0,0,1,4,5,1,Yes,0
STU12932,6.27,52.94,59.14,0,0,3,1,3,0,No,0
STU12933,6.97,77.3,68.32,1,2,2,2,1,0,Yes,1
STU12934,5.62,52.34,53.09,0,0,1,2,5,0,No,0
STU12935,4.7,39.96,38.84,1,3,4,4,1,0,Yes,1
STU12936,6.82,74.72,67.46,0,0,4,2,2,2,No,0
STU12937,7.66,74.49,71.9,2,3,8,1,1,0,No,1
STU12938,7.68,79.01,59.87,2,5,0,4,3,0,Yes,1
STU12939,8.01,78.7,75.84,0,0,1,6,2,0,Yes,1
STU12940,5.21,51.54,41.48,1,3,2,1,2,1,No,0
STU12941,7.07,66.05,67.39,1,3,3,3,2,0,No,0
STU12942,6.69,60.31,64.86,0,0,0,3,3,1,No,1
STU12943,6.9,65.3,64.41,1,2,5,2,0,0,No,1
STU12944,6.76,60.92,72.99,0,0,2,0,3,0,No,0
STU12945,6.24,62.96,50.38,0,0,1,4,1,0,Yes,0
STU12946,4.0,37.57,35.0,2,5,2,1,2,0,No,0
STU12947,8.34,84.27,83.16,0,0,1,1,3,3,Yes,1
STU12948,7.38,74.17,67.37,1,2,1,3,1,0,Yes,1
STU12949,5.29,47.41,38.64,3,9,5,1,2,0,No,1
STU12950,7.54,81.86,71.26,0,0,1,5,3,2,No,0
STU12951,6.49,50.84,52.16,0,0,0,1,1,0,No,0
STU12952,6.52,63.71,53.19,1,2,1,1,1,2,No,0
STU12953,6.12,47.54,61.14,1,1,2,3,2,0,No,0
STU12954,7.62,73.92,74.72,2,4,5,0,3,0,No,1
STU12955,6.08,46.5,49.99,1,2,1,1,2,0,Yes,0
STU12956,5.74,49.26,57.84,2,3,6,1,1,1,Yes,1
STU12957,8.3,80.75,79.45,0,0,1,4,1,0,No,1
STU12958,6.79,74.42,54.21,1,1,2,1,0,0,No,0
STU12959,6.83,66.61,54.21,2,5,5,0,3,0,Yes,0
STU12960,7.8,81.9,75.78,0,0,1,1,3,0,No,0
STU12961,6.23,49.78,43.57,1,3,1,0,5,1,No,0
STU12962,6.46,63.91,49.43,1,3,2,4,5,0,Yes,0
STU12963,7.35,83.07,67.95,1,3,3,4,2,0,Yes,1
STU12964,5.23,53.09,51.67,0,0,1,2,0,0,Yes,0
STU12965,7.25,63.93,76.55,1,3,4,2,2,1,No,0
STU12966,6.13,52.41,56.15,1,2,2,1,0,0,Yes,1
STU12967,7.98,82.04,78.37,1,2,5,1,5,0,Yes,1
STU12968,7.63,73.68,70.72,0,0,4,2,2,1,No,1
STU12969,7.48,90.26,74.39,0,0,3,4,2,0,Yes,1
STU12970,5.15,44.61,55.2,1,2,3,3,2,1,No,1
STU12971,6.88,65.63,63.74,1,1,7,3,4,0,No,1
STU12972,5.65,46.89,44.71,2,3,4,4,5,0,Yes,1
STU12973,6.96,68.6,63.26,0,0,2,3,1,0,Yes,0
STU12974,4.34,53.8,40.9,2,3,5,2,2,0,Yes,1
STU12975,5.23,48.57,48.17,2,6,4,0,1,0,Yes,1
STU12976,8.37,83.39,77.12,0,0,1,2,2,0,Yes,0
STU12977,7.42,67.84,73.72,1,2,1,0,4,0,No,1
STU12978,6.59,68.65,61.8,0,0,1,3,2,0,Yes,1
STU12979,5.95,52.41,52.34,1,3,2,2,2,3,Yes,1
STU12980,5.75,50.25,41.85,2,6,2,1,3,0,Yes,1
STU12981,7.23,57.39,67.52,0,0,0,2,1,0,Yes,0
STU12982,6.6,60.8,55.41,2,5,4,2,3,0,No,1
STU12983,8.78,84.76,83.73,1,3,4,3,1,0,Yes,1
STU12984,6.79,53.51,57.46,1,2,3,4,1,0,Yes,1
STU12985,7.07,74.9,73.42,1,1,5,0,2,0,No,1
STU12986,5.4,45.6,46.93,0,0,0,1,5,0,No,0
STU12987,6.59,72.63,48.55,0,0,1,2,2,0,Yes,0
STU12988,7.2,79.48,60.02,1,2,0,5,2,0,No,1
STU12989,6.57,56.75,65.29,1,3,4,1,1,0,No,0
STU12990,6.44,67.41,55.11,1,2,2,4,1,1,Yes,0
STU12991,7.38,83.24,68.23,0,0,2,0,3,0,No,0
STU12992,8.74,83.65,90.78,1,3,3,4,2,0,No,1
STU12993,7.17,64.24,66.53,1,3,1,2,3,0,Yes,0
STU12994,8.32,71.39,74.15,2,5,3,1,3,0,Yes,1
STU12995,7.71,80.61,68.56,1,2,4,0,5,0,No,0
STU12996,8.25,77.89,84.49,0,0,2,5,2,0,Yes,1
STU12997,6.3,59.73,66.44,2,5,4,1,1,0,Yes,1
STU12998,6.76,60.6,66.05,2,5,1,0,2,0,No,1
STU12999,6.77,59.44,58.82,1,3,2,5,4,0,Yes,1
STU13000,7.63,73.77,72.78,0,0,1,1,1,0,No,0
STU13001,7.91,72.82,77.91,1,3,2,2,2,0,Yes,1
STU13002,7.14,66.73,54.98,2,6,3,0,4,0,No,1
STU13003,8.01,77.22,78.78,0,0,1,0,1,0,No,0
STU13004,6.35,57.86,58.45,0,0,0,4,1,0,Yes,0
STU13005,8.02,82.32,89.33,2,3,1,1,1,0,No,1
STU13006,8.17,76.59,86.56,0,0,0,1,1,0,Yes,1
STU13007,7.78,85.69,87.67,1,1,1,0,3,1,No,0
STU13008,7.15,69.32,77.36,2,4,7,3,1,0,No,1
STU13009,7.82,88.53,84.88,0,0,2,2,2,0,No,0
STU13010,5.97,54.92,50.63,2,4,4,1,3,0,No,1
STU13011,7.23,71.8,70.45,2,4,5,5,3,1,Yes,1
STU13012,7.35,70.19,60.11,1,3,1,0,1,0,No,1
STU13013,5.47,52.96,47.05,1,2,1,2,2,0,No,1
STU13014,7.55,76.27,76.47,0,0,3,0,2,0,No,0
STU13015,5.56,55.05,45.2,1,3,1,3,3,0,No,1
STU13016,6.51,69.79,47.92,0,0,1,1,1,3,No,0
STU13017,7.05,64.28,75.13,1,3,4,2,2,0,No,1
STU13018,6.16,59.23,54.98,1,2,4,1,1,0,No,0
STU13019,7.09,72.91,76.72,2,3,3,2,3,3,Yes,1
STU13020,7.08,71.84,70.54,0,0,3,1,2,0,Yes,0
STU13021,6.06,51.7,59.51,0,0,4,2,2,0,No,0
STU13022,7.65,75.06,81.52,0,0,2,1,0,2,No,0
STU13023,6.12,51.57,47.99,2,6,5,3,1,1,Yes,1
STU13024,9.63,85.86,83.43,0,0,2,2,4,0,Yes,1
STU13025,6.87,60.76,60.23,0,0,0,2,2,0,Yes,0
STU13026,5.65,49.91,41.73,2,4,1,0,3,0,Yes,0
STU13027,5.87,47.91,60.05,0,0,1,1,3,0,No,0
STU13028,8.32,86.97,81.61,1,2,2,4,1,0,No,1
STU13029,6.53,60.83,60.25,1,3,2,2,2,0,Yes,0
STU13030,5.43,50.03,38.03,2,5,4,1,2,1,No,0
STU13031,7.98,79.71,83.27,1,1,6,2,2,0,No,1
STU13032,6.52,60.76,54.89,1,2,3,3,2,2,No,0
STU13033,7.75,77.26,83.31,0,0,2,0,2,0,No,0
STU13034,8.08,86.9,75.11,1,3,2,3,2,0,Yes,1
STU13035,7.32,70.07,77.72,1,2,1,0,2,1,No,0
STU13036,9.76,91.85,92.24,0,0,2,1,1,2,No,0
STU13037,5.02,39.11,41.16,2,4,5,0,3,2,No,0
STU13038,6.06,58.61,59.84,1,1,3,2,1,1,No,1
STU13039,6.71,59.73,66.98,1,1,1,1,0,0,No,0
STU13040,9.6,83.97,89.38,0,0,1,4,1,0,Yes,0
STU13041,9.07,81.49,79.36,1,1,4,1,3,0,Yes,1
STU13042,8.48,78.24,87.35,1,2,6,0,1,0,No,1
STU13043,6.09,51.78,52.06,1,2,3,4,1,1,Yes,1
STU13044,6.22,65.25,53.56,1,1,3,2,2,0,No,0
STU13045,6.05,50.31,51.61,2,3,6,1,2,0,No,1
STU13046,6.1,41.56,51.64,1,1,1,0,3,0,No,0
STU13047,8.72,89.08,78.7,2,6,3,1,1,0,No,1
STU13048,6.72,56.61,51.2,0,0,0,2,1,0,No,0
STU13049,6.87,70.66,52.44,1,3,1,2,1,1,No,0
STU13050,7.89,77.83,79.16,0,0,1,5,3,0,Yes,0
STU13051,5.09,45.57,35.0,2,4,2,3,3,0,No,0
STU13052,7.06,76.03,70.21,1,1,5,2,3,0,Yes,0
STU13053,5.74,54.96,51.29,0,0,2,0,3,0,No,0
STU13054,6.66,54.95,57.61,3,11,4,3,2,0,Yes,1
STU13055,6.33,50.96,60.71,0,0,2,1,2,0,No,0
STU13056,6.27,46.12,52.26,2,3,3,3,1,0,Yes,1
STU13057,7.26,87.49,71.38,2,5,4,1,3,0,No,1
STU13058,7.25,66.63,57.06,1,1,3,3,1,0,Yes,0
STU13059,6.75,70.8,47.33,0,0,3,0,3,2,Yes,1
STU13060,7.43,71.12,69.9,0,0,0,3,3,0,Yes,0
STU13061,6.0,47.24,53.26,0,0,2,3,3,0,Yes,0
STU13062,7.78,79.25,81.83,2,3,8,2,3,0,Yes,1
STU13063,6.76,62.07,59.97,0,0,1,3,1,1,No,1
STU13064,6.44,64.05,57.71,0,0,1,4,2,0,No,0
STU13065,6.09,59.53,56.36,0,0,0,4,3,1,Yes,0
STU13066,6.72,59.8,59.58,1,2,4,1,4,1,No,1
STU13067,9.15,79.92,89.08,1,2,3,0,1,3,Yes,1
STU13068,6.93,59.45,56.86,1,3,3,2,2,0,No,0
STU13069,5.68,37.09,37.84,2,6,11,1,1,0,No,1
STU13070,8.06,80.4,75.85,0,0,5,3,3,0,Yes,1
STU13071,6.46,59.31,61.03,0,0,2,2,2,1,Yes,0
STU13072,7.33,66.03,65.62,1,3,3,1,1,2,Yes,0
STU13073,6.3,49.74,58.22,0,0,2,3,2,0,No,1
STU13074,8.47,85.37,76.31,0,0,3,0,0,0,No,1
STU13075,6.32,53.7,51.0,2,6,6,2,3,0,Yes,1
STU13076,8.61,84.98,84.71,0,0,1,3,4,1,No,1
STU13077,5.79,49.5,44.7,2,5,3,0,2,0,No,1
STU13078,6.66,63.95,56.47,2,5,2,4,1,0,Yes,1
STU13079,8.61,82.87,67.61,0,0,1,3,1,0,Yes,1
STU13080,7.19,67.91,72.87,0,0,0,0,1,0,No,0
STU13081,9.61,78.16,85.74,0,0,2,1,1,2,No,0
STU13082,6.69,62.51,54.14,0,0,0,2,2,0,Yes,0
STU13083,7.3,73.01,80.47,1,2,4,1,1,0,Yes,1
STU13084,9.19,87.61,80.95,2,6,4,1,3,0,Yes,1
STU13085,5.26,59.47,41.9,0,0,1,3,3,0,No,0
STU13086,5.12,48.34,38.59,0,0,0,1,1,0,No,1
STU13087,6.09,53.7,58.26,1,2,4,1,2,0,No,0
STU13088,7.94,83.87,86.47,0,0,4,3,1,0,Yes,1
STU13089,5.15,60.17,52.5,0,0,1,0,2,0,No,0
STU13090,7.69,79.51,82.94,0,0,2,4,2,2,Yes,1
STU13091,7.61,63.47,70.23,2,5,4,2,2,0,No,1
STU13092,9.32,91.59,96.03,0,0,1,2,3,0,No,1
STU13093,8.2,78.03,79.13,0,0,2,2,1,2,No,0
STU13094,7.42,62.66,61.93,1,1,5,0,1,1,Yes,1
STU13095,8.56,96.18,80.43,0,0,4,2,1,0,No,1
STU13096,7.62,85.9,75.96,0,0,2,5,3,0,Yes,0
STU13097,6.47,54.19,52.76,3,6,3,3,0,0,No,0
STU13098,5.68,45.38,48.65,2,3,2,2,1,0,No,0
STU13099,6.35,58.79,58.05,0,0,0,1,2,0,No,0
STU13100,6.95,61.83,66.61,0,0,2,3,1,0,Yes,0
STU13101,7.2,70.14,71.88,2,3,5,2,3,2,No,1
STU13102,4.54,41.46,41.65,0,0,0,3,1,0,Yes,0
STU13103,6.75,61.39,56.43,1,1,3,1,5,1,No,1
STU13104,7.03,59.99,56.6,0,0,2,3,2,1,Yes,0
STU13105,7.63,82.12,73.63,1,3,2,1,2,0,Yes,1
STU13106,8.87,94.84,81.4,0,0,5,2,2,0,No,1
STU13107,7.21,70.58,67.47,1,2,1,4,2,0,Yes,1
STU13108,5.95,53.04,37.84,2,5,4,1,1,0,No,0
STU13109,4.91,50.35,35.0,1,3,2,1,2,0,No,0
STU13110,7.79,79.2,79.24,2,5,2,3,2,0,Yes,1
STU13111,6.0,64.09,40.9,1,3,2,3,2,0,Yes,1
STU13112,8.0,73.61,77.37,0,0,0,2,2,0,Yes,1
STU13113,8.61,91.42,78.27,2,4,2,0,0,0,No,0
STU13114,5.22,47.17,39.49,3,11,5,2,2,1,Yes,0
STU13115,7.64,70.56,74.8,0,0,0,6,1,0,Yes,1
STU13116,8.49,99.06,82.75,3,11,5,2,1,0,Yes,1
STU13117,8.17,97.35,83.31,3,11,7,1,1,0,Yes,1
STU13118,4.59,44.58,36.22,0,0,3,1,1,2,No,0
STU13119,6.02,56.55,45.58,1,2,3,2,2,0,Yes,0
STU13120,5.53,46.83,53.4,0,0,1,0,3,0,No,0
STU13121,7.6,74.89,72.41,0,0,1,0,1,1,No,0
STU13122,7.48,68.23,74.22,0,0,1,4,3,0,Yes,0
STU13123,4.0,37.44,39.14,0,0,0,2,0,0,Yes,0
STU13124,6.65,73.39,62.06,2,5,8,0,1,3,No,1
STU13125,7.92,80.5,62.8,0,0,3,0,1,1,Yes,1
STU13126,7.17,70.81,74.41,1,3,1,1,3,0,Yes,1
STU13127,7.17,65.62,64.75,2,4,1,1,2,2,Yes,1
STU13128,6.58,62.33,50.7,1,2,3,2,1,1,Yes,0
STU13129,5.78,42.58,42.23,2,4,1,2,3,2,Yes,0
STU13130,6.98,62.88,62.94,1,3,4,2,2,0,No,0
STU13131,7.06,61.64,65.17,0,0,0,3,0,0,Yes,0
STU13132,7.71,85.99,76.08,2,3,4,3,0,0,Yes,1
STU13133,7.8,69.39,69.15,1,2,4,3,1,0,Yes,1
STU13134,7.1,62.37,71.67,1,3,3,3,1,0,No,1
STU13135,8.26,71.57,77.71,0,0,3,4,4,0,Yes,1
STU13136,6.57,55.67,54.56,1,3,5,3,2,0,Yes,1
STU13137,5.34,45.68,44.08,0,0,0,1,1,0,No,0
STU13138,7.55,81.97,77.08,2,6,7,2,4,0,Yes,1
STU13139,7.15,68.79,66.92,2,5,5,2,1,3,No,1
STU13140,7.57,73.93,70.14,0,0,0,1,1,1,Yes,0
STU13141,5.55,51.57,44.83,1,2,2,6,2,0,Yes,0
STU13142,9.06,85.62,92.6,0,0,2,2,4,0,Yes,1
STU13143,7.82,93.94,82.81,1,2,1,1,2,3,Yes,1
STU13144,6.67,58.98,61.72,0,0,1,4,5,0,No,0
STU13145,5.92,55.46,50.87,1,2,1,2,3,0,Yes,0
STU13146,8.24,88.59,94.51,1,3,3,2,5,0,No,1
STU13147,5.73,47.46,50.96,2,4,6,2,1,2,Yes,0
STU13148,9.6,90.44,87.53,0,0,1,1,3,0,Yes,1
STU13149,6.29,54.2,52.99,2,5,6,4,1,1,Yes,1
STU13150,8.98,89.63,87.12,0,0,2,0,3,0,No,1
STU13151,6.79,65.08,43.2,0,0,3,1,2,0,No,0
STU13152,8.82,86.52,90.53,0,0,3,1,1,0,No,0
STU13153,6.15,48.55,44.86,0,0,0,2,2,0,Yes,1
STU13154,7.02,79.44,60.95,1,2,3,0,5,2,No,0
STU13155,7.93,84.29,69.37,0,0,1,3,1,0,No,0
STU13156,7.76,69.32,71.43,1,1,5,6,0,0,Yes,0
STU13157,8.27,81.39,78.87,3,6,6,1,2,1,Yes,1
STU13158,6.44,49.74,61.49,2,5,2,3,2,0,Yes,1
STU13159,7.1,74.0,74.16,1,2,2,1,2,0,No,1
STU13160,8.44,85.08,93.86,1,1,1,2,2,0,Yes,0
STU13161,6.19,55.9,53.49,0,0,1,0,1,0,No,1
STU13162,7.66,72.57,73.31,0,0,2,0,1,1,No,1
STU13163,6.75,61.9,65.48,2,4,3,2,4,0,Yes,1
STU13164,7.24,76.27,63.43,3,12,4,1,0,0,No,1
STU13165,7.1,75.75,60.62,2,3,2,0,3,0,No,1
STU13166,6.09,59.82,49.54,1,3,5,0,1,0,No,0
STU13167,6.7,53.68,59.79,2,5,0,3,1,1,No,0
STU13168,7.17,69.32,55.03,0,0,1,6,2,0,Yes,1
STU13169,6.88,67.43,69.31,1,2,5,1,1,0,No,0
STU13170,8.81,82.9,85.75,1,3,2,0,3,3,No,0
STU13171,8.16,73.0,84.75,1,2,1,2,1,0,Yes,0
STU13172,7.33,65.26,60.56,0,0,1,3,2,2,Yes,1
STU13173,6.12,64.08,48.09,1,3,5,2,1,0,No,1
STU13174,6.05,47.1,46.95,0,0,1,2,1,0,No,0
STU13175,9.27,89.17,84.67,2,4,5,3,3,0,No,1
STU13176,5.84,51.23,48.97,1,3,2,3,2,1,Yes,0
STU13177,7.13,69.01,72.15,1,1,5,0,1,0,No,1
STU13178,7.42,72.21,71.72,2,4,4,5,1,1,Yes,1
STU13179,6.64,66.88,54.69,3,10,6,1,1,1,No,1
STU13180,5.85,52.48,62.39,2,4,6,3,4,0,Yes,0
STU13181,6.1,51.05,50.21,1,2,2,1,1,0,Yes,0
STU13182,6.37,58.55,49.8,1,1,6,1,2,1,No,0
STU13183,6.18,48.16,41.51,1,2,5,0,4,0,No,0
STU13184,8.53,88.65,83.34,2,3,5,1,1,1,Yes,1
STU13185,6.99,63.57,68.8,1,3,2,2,3,0,Yes,1
STU13186,6.4,54.9,48.8,0,0,0,2,1,0,Yes,1
STU13187,7.12,72.9,70.57,1,2,0,2,1,0,Yes,0
STU13188,7.77,76.49,76.44,1,1,2,0,3,0,Yes,1
STU13189,6.6,59.44,47.91,0,0,1,5,2,1,No,0
STU13190,8.04,88.9,82.65,0,0,2,5,4,0,Yes,0
STU13191,5.54,43.89,45.14,2,5,0,1,3,2,Yes,0
STU13192,8.35,87.58,74.83,2,6,4,2,1,0,Yes,1
STU13193,6.99,73.36,70.4,0,0,1,2,2,1,No,0
STU13194,6.94,74.0,69.63,2,6,4,4,4,0,No,1
STU13195,6.2,69.12,46.17,2,3,5,8,2,0,Yes,1
STU13196,5.59,46.18,48.8,0,0,2,3,1,0,No,0
STU13197,5.08,42.0,45.42,0,0,1,2,5,0,No,0
STU13198,6.12,59.99,51.68,1,3,2,1,2,3,No,1
STU13199,7.68,83.5,71.77,2,6,6,1,3,0,No,1
STU13200,5.89,48.0,48.85,1,2,2,2,1,0,Yes,0
STU13201,5.22,50.74,50.47,2,4,8,2,2,3,Yes,1
STU13202,5.95,69.61,52.72,0,0,2,0,1,0,No,0
STU13203,6.56,61.49,46.3,0,0,0,2,2,0,Yes,0
STU13204,6.6,67.08,45.68,1,3,1,2,0,0,No,0
STU13205,6.85,74.92,51.32,1,1,2,4,4,0,Yes,1
STU13206,8.19,98.22,72.04,1,1,1,2,3,0,No,1
STU13207,8.44,86.7,77.7,2,3,3,4,2,0,Yes,1
STU13208,9.31,96.49,83.26,0,0,2,1,3,1,No,0
STU13209,5.13,42.7,44.03,1,1,1,2,5,2,No,0
STU13210,6.02,54.02,50.66,2,4,1,2,2,3,Yes,0
STU13211,7.8,76.65,76.03,2,5,4,1,1,0,No,1
STU13212,6.48,48.41,63.59,0,0,0,2,2,0,Yes,0
STU13213,7.99,71.82,68.37,1,3,2,3,2,0,Yes,0
STU13214,7.24,74.16,70.58,0,0,1,0,4,2,No,0
STU13215,8.82,90.06,86.33,0,0,2,1,5,0,Yes,1
STU13216,8.2,77.02,72.69,0,0,2,3,4,0,Yes,1
STU13217,8.22,92.81,83.67,1,2,2,1,1,2,No,1
STU13218,6.53,53.75,59.64,3,10,2,1,2,0,Yes,0
STU13219,6.89,67.55,62.75,0,0,1,2,1,0,No,0
STU13220,6.65,59.75,44.74,3,6,8,2,2,0,No,1
STU13221,5.27,48.67,50.81,1,3,2,0,2,0,No,1
STU13222,8.69,92.14,85.11,0,0,1,2,3,0,Yes,1
STU13223,7.86,84.46,79.34,0,0,0,1,1,0,No,0
STU13224,6.6,65.79,38.2,1,1,2,1,2,0,Yes,1
STU13225,8.5,89.13,79.46,0,0,3,2,1,1,Yes,1
STU13226,6.28,49.29,45.32,1,3,4,1,5,1,No,0
STU13227,4.89,53.29,51.25,0,0,1,0,2,0,No,1
STU13228,8.16,76.56,73.29,2,5,1,2,1,0,Yes,0
STU13229,5.53,49.04,55.55,0,0,5,2,5,0,Yes,1
STU13230,6.77,62.13,66.96,1,2,2,5,4,0,Yes,1
STU13231,7.24,73.66,69.88,1,1,2,3,5,2,Yes,0
STU13232,7.44,71.63,78.35,2,5,3,5,1,0,Yes,1
STU13233,7.98,80.35,72.63,1,2,2,3,1,0,Yes,1
STU13234,7.67,87.47,70.17,1,1,4,3,1,0,No,0
STU13235,7.63,69.43,79.74,2,4,3,2,1,2,No,1
STU13236,6.09,54.7,46.08,2,5,3,2,2,0,Yes,1
STU13237,7.34,66.35,62.08,2,5,3,3,1,0,Yes,1
STU13238,5.27,52.07,43.1,0,0,2,1,2,3,No,0
STU13239,8.8,82.89,78.96,1,2,4,0,1,0,Yes,1
STU13240,5.39,48.96,56.92,1,2,2,5,4,1,No,0
STU13241,6.6,53.57,63.17,2,3,5,4,3,0,Yes,1
STU13242,5.48,57.12,42.92,1,3,4,1,1,0,No,0
STU13243,6.16,56.0,46.55,0,0,2,2,2,0,Yes,0
STU13244,7.02,68.98,67.19,0,0,1,1,2,0,Yes,1
STU13245,6.39,63.54,62.69,1,3,1,1,3,0,Yes,1
STU13246,8.32,76.82,83.07,1,2,5,2,3,0,No,1
STU13247,7.26,68.21,63.2,1,3,3,1,1,0,No,1
STU13248,6.47,60.57,47.93,2,4,4,2,2,0,Yes,0
STU13249,6.85,54.81,60.11,2,5,3,1,1,0,Yes,0
STU13250,8.4,75.03,83.85,1,1,2,0,2,0,Yes,1
STU13251,8.05,77.04,76.14,1,2,2,1,1,0,Yes,1
STU13252,5.69,43.98,53.87,2,5,5,1,1,0,Yes,1
STU13253,6.22,54.15,56.38,2,5,5,0,2,0,No,0
STU13254,7.55,79.21,74.5,1,3,1,1,1,0,No,1
STU13255,7.41,78.53,74.08,1,3,1,3,2,0,Yes,0
STU13256,5.79,62.55,40.36,0,0,1,1,3,0,No,1
STU13257,7.86,79.85,73.99,0,0,3,4,2,0,Yes,1
STU13258,5.98,54.43,44.26,1,3,3,2,3,0,Yes,0
STU13259,8.5,85.49,84.94,2,6,0,5,3,0,Yes,1
STU13260,7.61,78.78,67.71,1,2,3,0,0,0,No,1
STU13261,5.7,53.28,48.38,0,0,0,6,1,3,No,1
STU13262,6.39,64.08,54.56,2,6,2,1,2,0,No,0
STU13263,6.37,63.75,58.84,1,2,0,2,2,0,No,1
STU13264,7.18,73.81,60.51,0,0,0,2,0,0,Yes,0
STU13265,6.77,73.15,63.8,0,0,2,3,5,0,Yes,0
STU13266,5.68,50.92,41.34,2,4,6,1,2,0,No,1
STU13267,5.4,45.11,40.0,2,5,3,1,4,0,Yes,0
STU13268,7.63,74.5,73.33,0,0,2,1,3,0,Yes,1
STU13269,7.33,72.28,77.08,0,0,2,5,0,0,Yes,1
STU13270,7.12,63.31,61.76,1,2,4,4,1,0,Yes,1
STU13271,7.31,68.97,58.98,2,6,7,2,1,0,Yes,1
STU13272,6.29,50.31,48.48,0,0,0,4,3,0,Yes,1
STU13273,7.21,73.2,65.83,1,1,5,1,2,0,No,1
STU13274,9.92,91.85,97.94,0,0,2,3,2,0,Yes,1
STU13275,8.35,74.0,83.94,1,3,5,3,2,1,No,1
STU13276,6.67,58.6,55.0,0,0,3,5,2,0,Yes,1
STU13277,6.4,69.6,54.8,0,0,2,1,2,0,No,1
STU13278,4.0,48.9,51.55,0,0,2,1,5,0,No,0
STU13279,8.23,86.29,79.12,1,3,1,2,3,0,No,1
STU13280,7.9,76.55,76.16,1,2,9,5,4,0,Yes,1
STU13281,6.37,60.0,52.85,0,0,2,3,2,0,Yes,1
STU13282,5.35,48.42,49.68,1,1,2,3,3,0,Yes,0
STU13283,5.67,45.87,44.5,0,0,0,1,2,1,No,0
STU13284,7.51,72.58,77.78,2,5,2,1,1,1,No,0
STU13285,6.9,63.38,69.58,0,0,2,2,1,0,No,0
STU13286,7.8,70.32,79.93,2,3,2,4,1,0,Yes,1
STU13287,7.1,61.52,65.11,1,3,2,3,3,1,No,1
STU13288,8.11,81.31,71.11,0,0,2,2,2,0,Yes,1
STU13289,7.43,69.2,69.94,2,4,1,3,2,0,Yes,1
STU13290,7.95,79.25,74.04,0,0,1,1,3,1,Yes,1
STU13291,4.6,36.2,38.16,0,0,2,4,3,0,No,0
STU13292,5.58,54.81,45.56,0,0,1,4,0,0,No,0
STU13293,6.58,73.69,61.08,0,0,7,1,1,0,No,1
STU13294,8.24,89.84,76.94,2,5,4,4,4,1,No,1
STU13295,9.16,95.37,77.34,1,1,5,5,3,0,Yes,1
STU13296,6.81,68.66,56.15,0,0,3,1,2,0,No,1
STU13297,6.3,58.83,64.38,1,3,2,0,0,0,No,0
STU13298,4.75,46.63,46.41,1,1,5,3,2,0,No,0
STU13299,7.99,75.97,72.72,3,11,4,3,3,0,Yes,1
STU13300,6.37,62.31,62.9,1,1,2,3,2,0,Yes,1
STU13301,10.0,93.68,85.45,0,0,0,3,5,0,Yes,1
STU13302,6.15,52.65,66.1,0,0,2,3,1,0,Yes,0
STU13303,9.42,92.35,87.76,2,3,2,5,1,0,Yes,1
STU13304,7.86,75.8,80.36,2,6,4,1,4,1,Yes,1
STU13305,5.82,48.19,54.0,0,0,1,5,0,1,Yes,0
STU13306,7.27,76.64,77.9,2,6,3,0,3,0,No,0
STU13307,7.89,82.91,74.69,0,0,2,2,3,3,Yes,1
STU13308,6.74,62.3,69.08,0,0,0,1,1,0,Yes,0
STU13309,7.96,79.06,74.4,0,0,3,3,3,0,Yes,1
STU13310,7.94,81.94,75.73,3,12,5,0,3,0,No,1
STU13311,7.69,66.97,75.04,0,0,0,2,1,0,No,1
STU13312,6.98,63.0,70.06,0,0,1,1,1,0,No,0
STU13313,5.65,42.91,45.52,2,5,2,1,2,0,No,1
STU13314,6.91,66.47,73.31,1,2,6,1,3,0,No,1
STU13315,7.2,77.5,75.93,1,3,0,3,3,3,Yes,1
STU13316,4.84,49.18,43.55,2,5,5,1,2,0,Yes,1
STU13317,7.19,67.79,62.06,0,0,1,2,1,1,No,0
STU13318,6.89,61.8,69.05,1,2,4,3,3,0,No,1
STU13319,5.51,45.01,35.0,0,0,1,3,4,0,Yes,0
STU13320,6.62,73.74,63.19,2,5,5,4,1,0,No,1
STU13321,6.64,62.54,54.18,0,0,0,7,1,0,Yes,0
STU13322,9.22,89.97,93.3,1,2,2,5,3,0,Yes,1
STU13323,7.25,59.13,60.48,1,3,2,0,1,0,No,0
STU13324,8.19,76.13,76.24,2,4,6,2,1,0,Yes,1
STU13325,6.86,65.39,65.28,0,0,3,1,4,0,No,0
STU13326,4.84,43.34,46.94,0,0,2,7,1,2,Yes,0
STU13327,7.77,79.81,72.25,1,2,5,2,2,0,No,1
STU13328,6.24,57.27,51.55,0,0,2,3,2,0,Yes,1
STU13329,6.61,65.29,64.4,0,0,2,5,3,0,Yes,0
STU13330,5.79,40.45,54.7,1,2,5,0,4,0,No,0
STU13331,7.08,62.57,64.09,1,1,1,2,2,0,No,1
STU13332,8.22,82.92,76.88,1,1,4,0,2,0,No,1
STU13333,8.07,78.31,70.98,1,1,2,1,2,0,No,0
STU13334,8.82,85.53,85.91,0,0,0,2,3,0,No,1
STU13335,8.99,88.68,89.9,1,3,2,4,2,0,No,1
STU13336,4.65,41.45,43.83,0,0,1,2,0,0,Yes,0
STU13337,5.63,51.48,41.78,1,1,4,2,1,1,No,0
STU13338,4.92,49.87,54.32,1,1,3,2,2,2,Yes,0
STU13339,7.73,78.84,62.83,0,0,2,6,1,0,Yes,1
STU13340,6.2,60.38,58.32,1,2,3,2,1,1,No,0
STU13341,6.44,46.08,57.42,0,0,0,1,1,0,No,0
STU13342,6.75,60.33,63.66,0,0,1,0,5,0,No,0
STU13343,7.44,79.84,66.76,1,3,3,3,1,0,Yes,0
STU13344,5.29,42.97,44.24,2,5,1,2,2,0,No,0
STU13345,5.55,43.83,48.59,1,2,2,3,0,1,No,0
STU13346,7.0,67.11,64.35,1,1,3,3,2,2,No,1
STU13347,8.38,84.69,71.04,0,0,2,1,2,0,Yes,1
STU13348,6.97,64.18,74.66,0,0,1,2,3,0,No,1
STU13349,6.09,65.76,55.6,0,0,2,4,3,0,No,1
STU13350,4.53,47.43,42.92,1,1,0,4,4,0,Yes,0
STU13351,8.1,76.94,79.95,0,0,1,2,2,0,Yes,1
STU13352,6.15,46.83,62.57,0,0,2,0,2,0,No,0
STU13353,5.68,53.17,43.28,0,0,1,4,1,0,Yes,0
STU13354,5.03,41.43,38.18,1,2,3,0,1,0,Yes,0
STU13355,5.35,61.39,50.58,1,2,0,1,2,0,Yes,1
STU13356,5.89,55.31,52.52,0,0,4,2,1,2,No,0
STU13357,6.73,66.76,54.35,1,3,6,4,1,0,No,1
STU13358,5.61,51.72,53.76,1,3,4,1,2,0,No,0
STU13359,7.21,77.92,69.96,3,12,7,2,3,0,Yes,1
STU13360,6.72,48.86,54.85,0,0,2,1,3,0,Yes,0
STU13361,9.56,82.17,89.33,1,3,4,3,2,0,Yes,1
STU13362,5.04,53.25,46.09,1,3,1,3,5,1,Yes,1
STU13363,7.19,79.73,67.19,2,6,2,1,1,0,Yes,1
STU13364,7.2,63.53,70.25,2,4,6,3,2,0,Yes,1
STU13365,5.81,41.03,52.7,1,2,1,1,1,0,No,0
STU13366,7.11,70.6,72.08,1,2,2,1,4,0,No,1
STU13367,7.89,83.21,77.94,0,0,0,3,2,0,No,0
STU13368,7.11,70.51,65.0,2,4,1,4,3,0,No,1
STU13369,8.59,85.81,84.61,1,3,2,0,3,0,No,0
STU13370,4.5,35.0,49.81,0,0,2,2,1,1,Yes,0
STU13371,6.03,51.79,54.82,0,0,0,4,1,1,No,0
STU13372,8.7,85.42,81.81,2,4,0,0,2,0,No,1
STU13373,8.05,78.71,79.33,1,3,6,2,1,0,Yes,0
STU13374,7.62,65.52,84.03,2,5,2,5,1,0,Yes,1
STU13375,8.42,88.6,86.58,2,6,3,2,3,0,No,1
STU13376,4.8,51.4,44.11,0,0,2,1,2,0,Yes,0
STU13377,7.91,75.91,84.52,0,0,2,1,2,0,No,0
STU13378,8.22,82.4,77.25,2,3,3,0,1,0,No,1
STU13379,6.24,53.56,55.51,1,1,5,2,2,0,Yes,0
STU13380,10.0,86.97,98.15,1,2,3,0,4,0,No,1
STU13381,7.23,74.31,72.27,0,0,1,2,2,0,No,1
STU13382,4.48,48.74,52.36,0,0,2,1,2,3,No,0
STU13383,7.44,80.92,70.97,0,0,0,2,3,0,No,0
STU13384,6.17,62.03,49.85,0,0,1,1,2,2,No,0
STU13385,8.34,83.49,88.49,0,0,1,1,3,0,No,1
STU13386,7.63,94.22,63.2,2,6,6,3,3,0,Yes,1
STU13387,6.31,66.69,55.47,2,4,4,2,2,0,Yes,1
STU13388,8.73,83.01,90.14,2,4,10,0,2,0,No,1
STU13389,8.08,83.03,82.64,0,0,0,5,2,1,Yes,1
STU13390,6.05,42.27,38.56,1,1,3,2,2,0,No,0
STU13391,6.83,65.28,54.04,0,0,1,1,4,0,Yes,0
STU13392,7.59,86.71,72.98,0,0,2,1,1,0,Yes,0
STU13393,6.58,77.9,61.06,0,0,0,1,3,0,Yes,0
STU13394,6.62,60.99,61.8,1,1,4,1,2,0,Yes,1
STU13395,7.04,70.6,65.55,0,0,1,2,1,0,Yes,0
STU13396,5.77,55.17,52.92,1,2,1,2,2,0,No,0
STU13397,4.43,57.46,45.2,2,4,4,0,3,0,No,0
STU13398,7.28,66.22,68.35,1,2,1,2,1,1,Yes,0
STU13399,4.71,61.97,46.26,0,0,1,0,2,0,Yes,0
STU13400,5.86,50.45,45.47,2,3,5,0,2,1,Yes,0
STU13401,4.96,39.73,47.57,1,3,2,0,2,0,No,1
STU13402,5.1,45.4,39.21,0,0,1,7,2,0,Yes,1
STU13403,7.49,70.41,75.19,1,2,3,2,2,0,No,1
STU13404,6.74,66.24,63.51,1,2,6,1,3,0,Yes,1
STU13405,6.7,53.13,58.25,2,6,1,1,2,0,No,1
STU13406,5.49,50.24,50.2,1,3,1,0,3,0,Yes,1
STU13407,6.25,60.57,62.84,0,0,2,3,2,0,No,0
STU13408,7.43,83.28,65.26,1,1,2,2,2,0,Yes,1
STU13409,6.94,70.99,69.63,1,3,6,0,2,0,No,1
STU13410,7.95,89.51,84.5,1,2,1,3,2,0,Yes,1
STU13411,8.11,78.85,78.24,0,0,1,3,1,0,Yes,1
STU13412,6.71,65.53,64.97,0,0,1,1,2,0,No,1
STU13413,4.87,35.0,41.9,0,0,2,0,3,0,No,0
STU13414,6.13,54.5,59.72,2,4,4,1,2,1,No,0
STU13415,6.89,68.32,46.57,0,0,3,1,3,1,No,1
STU13416,6.11,57.77,60.57,1,3,3,4,1,0,Yes,1
STU13417,5.79,42.21,41.98,2,4,2,2,2,0,No,0
STU13418,7.08,66.8,66.68,3,10,6,3,1,1,Yes,1
STU13419,9.79,88.14,81.76,3,9,2,1,0,0,No,1
STU13420,6.44,56.56,65.12,2,5,0,2,3,0,No,1
STU13421,7.0,72.14,63.41,1,3,3,0,3,1,No,1
STU13422,5.49,48.13,43.18,0,0,1,2,3,1,Yes,0
STU13423,8.43,85.77,88.9,0,0,3,7,1,0,Yes,0
STU13424,8.01,78.68,83.01,0,0,2,4,3,1,Yes,0
STU13425,7.93,87.18,75.79,0,0,1,5,2,0,Yes,0
STU13426,8.56,92.84,77.05,1,2,0,1,1,1,Yes,0
STU13427,6.51,58.32,50.42,1,2,2,4,3,0,No,1
STU13428,6.65,79.41,66.95,3,8,7,1,4,0,Yes,1
STU13429,8.97,83.32,87.43,0,0,1,3,3,0,Yes,1
STU13430,7.73,84.51,76.5,2,4,5,1,1,0,Yes,1
STU13431,4.45,39.88,45.54,2,3,4,2,2,0,Yes,0
STU13432,7.52,80.35,61.02,1,1,3,1,2,0,Yes,0
STU13433,6.33,61.82,52.71,0,0,3,4,1,0,Yes,0
STU13434,8.03,75.78,77.06,1,1,1,3,2,1,No,1
STU13435,7.47,74.17,77.84,1,2,0,2,2,0,No,1
STU13436,5.0,58.07,35.05,2,4,3,5,4,1,Yes,1
STU13437,7.31,67.74,75.94,1,3,1,1,2,0,Yes,1
STU13438,7.24,74.05,79.4,3,6,6,5,1,0,Yes,1
STU13439,7.42,76.19,60.86,0,0,1,2,3,1,Yes,0
STU13440,7.66,77.41,74.76,0,0,0,2,2,0,Yes,1
STU13441,8.72,76.52,86.91,1,2,3,1,1,0,No,1
STU13442,7.48,80.02,77.29,3,8,6,1,4,0,Yes,1
STU13443,7.03,68.39,52.34,0,0,0,0,2,0,Yes,0
STU13444,8.32,90.99,83.39,0,0,2,1,3,1,No,1
STU13445,9.58,90.82,85.11,1,3,3,3,1,0,Yes,1
STU13446,8.05,82.4,77.31,1,1,2,1,5,0,Yes,1
STU13447,7.24,73.79,80.97,1,2,3,2,3,2,No,1
STU13448,7.5,69.44,71.08,0,0,0,3,3,0,No,1
STU13449,7.29,81.79,72.14,1,1,1,0,2,0,No,1
STU13450,7.02,66.0,64.53,0,0,0,2,2,0,Yes,1
STU13451,9.49,87.14,87.76,0,0,4,0,1,0,Yes,1
STU13452,6.14,63.05,55.61,1,3,0,2,0,0,No,0
STU13453,8.33,85.92,86.8,0,0,1,8,2,0,Yes,1
STU13454,6.86,64.1,57.86,1,2,1,1,1,0,No,0
STU13455,5.3,50.67,46.1,2,5,2,0,3,0,No,0
STU13456,6.78,68.13,62.5,3,11,6,6,1,1,Yes,1
STU13457,6.37,57.52,45.34,2,6,3,2,4,1,No,1
STU13458,7.66,83.23,68.98,0,0,0,4,1,0,Yes,0
STU13459,7.1,61.91,71.88,0,0,2,3,0,0,No,1
STU13460,5.82,53.61,46.27,1,1,3,5,1,0,Yes,0
STU13461,8.69,91.54,99.41,1,1,5,4,3,0,Yes,1
STU13462,8.25,87.52,86.57,0,0,1,5,2,0,Yes,1
STU13463,8.82,73.93,87.09,3,12,6,2,3,0,Yes,1
STU13464,7.27,71.33,78.15,1,1,2,2,1,0,No,1
STU13465,6.96,59.94,68.86,2,4,2,1,3,0,Yes,1
STU13466,7.81,87.09,77.48,1,3,2,1,1,0,No,0
STU13467,6.34,55.37,46.23,2,3,4,1,1,0,Yes,1
STU13468,7.15,77.24,71.18,2,4,5,2,1,0,Yes,1
STU13469,6.8,57.36,70.04,1,2,2,2,1,0,No,0
STU13470,5.32,50.65,41.75,1,3,3,1,0,0,Yes,0
STU13471,7.15,70.2,56.2,2,4,4,4,2,0,Yes,1
STU13472,6.49,76.56,50.56,2,6,3,4,1,1,Yes,0
STU13473,6.72,70.39,70.88,2,4,3,0,1,0,No,1
STU13474,7.42,80.86,71.66,2,4,1,1,3,1,Yes,0
STU13475,8.46,97.56,91.15,1,3,3,1,3,0,Yes,1
STU13476,6.02,55.64,51.05,1,2,2,2,1,0,No,0
STU13477,6.61,61.07,55.69,0,0,4,0,1,0,No,1
STU13478,6.12,53.78,64.87,1,3,4,2,1,0,Yes,0
STU13479,6.05,56.12,48.93,0,0,3,3,3,0,Yes,0
STU13480,6.32,40.82,52.94,0,0,1,1,4,0,No,0
STU13481,6.77,64.23,63.98,0,0,0,0,1,0,No,0
STU13482,7.67,79.2,73.09,1,1,2,2,2,0,No,1
STU13483,7.37,72.53,75.14,0,0,1,0,1,0,No,0
STU13484,5.78,42.45,51.31,2,4,5,1,4,0,No,1
STU13485,8.49,84.68,85.49,2,6,6,4,2,0,No,1
STU13486,8.09,73.1,75.61,1,3,2,3,1,0,Yes,0
STU13487,5.96,64.02,40.4,1,2,7,5,1,0,Yes,1
STU13488,8.41,83.45,77.0,3,6,1,5,2,0,Yes,0
STU13489,7.38,61.2,66.11,0,0,1,5,4,3,Yes,1
STU13490,6.82,63.82,63.81,1,3,1,1,2,2,Yes,0
STU13491,7.41,79.46,66.2,2,5,4,0,1,0,No,1
STU13492,6.97,68.43,55.59,1,2,4,1,5,0,Yes,1
STU13493,7.63,71.63,67.23,2,5,3,3,1,2,Yes,1
STU13494,7.22,67.15,70.55,0,0,2,3,2,1,No,1
STU13495,6.61,59.93,62.78,2,6,3,2,1,0,Yes,1
STU13496,4.67,43.32,39.91,0,0,1,0,3,0,No,0
STU13497,7.61,69.26,71.42,1,3,1,2,2,0,Yes,1
STU13498,6.57,60.64,61.72,0,0,3,2,1,0,Yes,1
STU13499,7.89,72.42,78.42,0,0,2,1,2,1,Yes,0
STU13500,7.55,81.88,80.3,1,3,3,4,3,0,Yes,1
STU13501,6.6,67.93,57.55,1,3,6,0,1,0,No,1
STU13502,8.18,77.07,75.1,1,1,4,4,3,2,Yes,1
STU13503,7.24,67.22,75.04,2,3,2,1,2,2,No,1
STU13504,7.19,68.23,65.91,1,1,4,3,1,0,Yes,1
STU13505,6.84,65.12,57.58,0,0,2,0,4,3,No,0
STU13506,8.94,89.38,90.19,0,0,0,1,1,0,No,1
STU13507,6.18,58.57,61.49,2,3,2,3,2,0,No,0
STU13508,6.63,64.59,60.05,2,3,2,2,4,0,Yes,0
STU13509,5.58,59.3,40.95,1,2,2,1,5,0,Yes,1
STU13510,7.84,80.05,85.9,1,3,3,0,2,0,No,1
STU13511,6.33,49.83,56.9,1,3,1,1,1,2,No,0
STU13512,6.46,49.78,57.75,1,1,2,2,1,0,No,0
STU13513,6.41,68.55,53.31,2,5,4,2,1,1,No,0
STU13514,7.07,72.07,72.79,1,2,0,0,0,0,No,1
STU13515,5.56,51.13,40.24,1,2,0,2,2,0,No,0
STU13516,4.42,48.26,35.34,1,2,4,3,3,0,Yes,1
STU13517,7.53,76.73,84.13,0,0,2,5,0,0,Yes,0
STU13518,4.57,48.39,37.61,1,2,2,1,4,3,No,0
STU13519,7.98,79.13,84.12,0,0,0,2,1,0,No,0
STU13520,8.79,93.57,92.5,3,7,3,3,3,0,Yes,1
STU13521,6.81,61.76,63.17,0,0,2,2,1,1,Yes,1
STU13522,8.49,80.2,77.33,0,0,1,3,2,0,No,1
STU13523,6.97,57.26,68.18,2,3,2,6,3,0,Yes,1
STU13524,8.84,86.04,92.81,0,0,0,4,3,0,Yes,1
STU13525,6.48,67.29,58.74,1,3,2,3,1,0,No,1
STU13526,4.28,42.67,37.94,1,3,3,2,2,0,Yes,0
STU13527,6.91,58.08,65.19,1,1,1,1,1,0,Yes,1
STU13528,8.96,89.62,76.61,1,3,2,0,2,1,No,0
STU13529,7.62,73.04,68.11,1,2,3,1,1,0,Yes,1
STU13530,6.41,68.04,54.2,0,0,1,0,1,0,No,0
STU13531,7.38,80.06,70.99,1,1,2,1,3,2,Yes,1
STU13532,8.12,74.94,72.35,1,2,2,1,2,0,No,1
STU13533,6.9,65.23,64.77,2,3,6,6,4,0,Yes,1
STU13534,10.0,85.36,90.02,1,3,5,1,1,0,Yes,1
STU13535,6.4,51.76,54.43,1,1,6,0,4,0,Yes,1
STU13536,8.15,82.55,66.93,2,4,3,1,3,0,No,1
STU13537,7.88,85.08,77.8,0,0,2,6,4,2,Yes,1
STU13538,6.2,55.46,63.84,0,0,2,4,2,0,Yes,0
STU13539,6.51,57.12,59.96,1,3,2,2,0,0,No,1
STU13540,8.17,69.79,80.12,2,3,4,1,2,0,No,1
STU13541,7.17,66.44,65.2,0,0,1,1,2,1,No,0
STU13542,7.39,77.09,74.24,1,3,2,3,1,0,Yes,1
STU13543,5.12,39.32,45.62,0,0,4,1,1,0,Yes,0
STU13544,7.75,86.48,80.03,0,0,0,0,1,2,No,0
STU13545,7.33,69.43,63.36,0,0,1,2,5,0,No,0
STU13546,6.93,67.78,64.34,0,0,2,2,5,0,Yes,1
STU13547,7.42,71.73,68.36,1,2,3,2,4,1,No,1
STU13548,6.53,53.43,59.72,1,2,1,2,1,0,No,1
STU13549,6.32,60.12,42.81,0,0,1,2,3,0,Yes,0
STU13550,6.72,59.74,57.98,2,6,3,1,1,0,No,1
STU13551,6.47,54.53,59.78,1,3,5,1,2,0,No,1
STU13552,9.51,75.07,90.55,1,2,7,2,3,0,Yes,1
STU13553,8.05,89.81,78.81,2,3,4,0,1,1,No,1
STU13554,5.89,52.68,36.68,0,0,1,3,4,0,Yes,0
STU13555,9.34,95.69,89.9,1,1,5,0,1,0,No,1
STU13556,6.5,63.82,66.61,1,1,3,2,2,0,No,1
STU13557,7.03,75.07,60.4,2,3,1,2,1,0,No,0
STU13558,8.03,78.46,76.28,1,1,2,1,2,0,Yes,1
STU13559,4.73,37.85,47.92,0,0,1,0,1,0,No,0
STU13560,6.73,68.01,65.44,0,0,2,5,3,0,No,0
STU13561,6.34,58.56,61.36,0,0,1,2,1,0,No,0
STU13562,7.24,68.72,74.61,0,0,2,0,1,0,No,0
STU13563,7.43,78.75,62.1,1,2,2,5,3,0,Yes,1
STU13564,6.91,68.25,60.52,1,1,1,0,4,0,No,0
STU13565,6.86,69.38,66.31,0,0,1,3,4,3,Yes,0
STU13566,8.22,77.38,80.0,0,0,0,4,1,0,Yes,0
STU13567,7.35,79.02,72.35,0,0,1,2,3,0,Yes,0
STU13568,7.05,68.63,64.88,1,1,1,0,1,0,Yes,1
STU13569,7.17,77.01,64.88,1,2,2,1,1,0,No,0
STU13570,9.11,94.23,83.97,1,2,2,1,1,0,No,1
STU13571,7.2,75.05,61.2,2,6,7,1,3,1,No,0
STU13572,6.41,58.1,51.42,1,2,2,2,2,0,Yes,1
STU13573,4.8,50.48,42.82,1,3,6,2,2,1,Yes,1
STU13574,5.35,55.16,45.2,3,8,6,2,2,0,Yes,1
STU13575,6.46,63.12,59.88,1,1,4,5,3,0,Yes,0
STU13576,6.88,67.04,61.11,1,1,5,2,4,0,No,1
STU13577,6.36,62.38,65.16,2,6,2,1,1,0,Yes,0
STU13578,7.4,70.83,78.36,1,3,2,1,2,2,No,1
STU13579,6.35,66.92,51.83,2,6,5,1,2,2,No,1
STU13580,5.95,43.12,51.4,1,2,2,3,2,1,Yes,0
STU13581,7.7,78.39,82.46,2,4,6,0,2,0,No,0
STU13582,8.57,83.61,79.2,1,2,2,3,3,0,No,0
STU13583,5.73,47.29,43.65,0,0,0,2,2,2,Yes,0
STU13584,7.28,74.03,77.0,2,4,6,0,1,0,Yes,1
STU13585,4.81,39.48,47.38,0,0,0,1,2,0,No,0
STU13586,5.3,61.13,51.66,3,9,5,2,2,0,Yes,1
STU13587,6.32,49.41,56.41,2,6,7,2,3,0,Yes,1
STU13588,8.31,78.56,79.74,0,0,1,0,3,0,No,1
STU13589,6.1,48.61,43.83,2,5,4,3,1,0,Yes,0
STU13590,6.06,55.56,52.19,2,3,2,4,1,0,Yes,1
STU13591,7.04,74.66,72.96,0,0,3,1,2,0,No,0
STU13592,7.04,71.75,73.05,2,3,6,7,0,0,Yes,1
STU13593,6.1,63.63,58.22,1,2,2,1,1,2,No,1
STU13594,9.28,83.96,90.65,0,0,3,1,2,0,Yes,1
STU13595,6.69,66.85,73.17,1,2,2,3,1,0,Yes,0
STU13596,7.13,68.1,57.61,2,6,6,1,1,0,No,1
STU13597,6.54,61.97,58.99,1,3,2,1,1,0,No,0
STU13598,7.51,82.15,66.87,1,1,0,1,1,0,No,1
STU13599,8.42,74.95,91.42,1,1,3,1,2,1,Yes,0
STU13600,8.91,99.71,81.45,1,2,3,3,0,0,Yes,1
STU13601,6.12,54.22,58.15,0,0,2,2,4,0,No,0
STU13602,8.27,74.28,78.22,2,6,3,1,2,0,Yes,1
STU13603,7.63,73.04,76.72,1,1,1,4,2,0,No,0
STU13604,8.12,83.21,78.95,3,11,5,2,1,0,Yes,1
STU13605,6.89,61.98,63.05,1,3,3,1,4,0,No,1
STU13606,6.78,52.13,63.42,0,0,2,2,3,0,No,0
STU13607,8.08,82.81,84.74,0,0,3,1,1,1,No,0
STU13608,8.1,78.05,78.73,1,1,3,4,5,0,Yes,1
STU13609,8.8,91.17,89.62,1,3,0,3,2,0,No,0
STU13610,7.23,64.98,74.62,2,3,2,1,1,0,Yes,1
STU13611,6.88,79.43,60.35,2,6,4,2,1,0,Yes,1
STU13612,4.17,48.41,53.64,0,0,1,2,3,0,No,0
STU13613,5.15,48.67,48.96,3,10,7,2,2,0,Yes,0
STU13614,6.55,64.45,55.12,2,5,5,3,1,2,Yes,1
STU13615,5.73,40.27,51.88,0,0,1,1,3,0,No,1
STU13616,7.94,77.9,84.11,0,0,1,1,5,2,Yes,1
STU13617,5.49,60.15,49.99,1,2,4,2,3,0,Yes,1
STU13618,6.42,57.03,57.16,0,0,2,1,5,3,Yes,1
STU13619,6.47,59.22,35.89,0,0,2,1,1,0,No,1
STU13620,8.39,82.07,76.06,1,3,3,0,2,0,No,1
STU13621,6.3,66.09,58.37,3,7,0,4,2,0,No,0
STU13622,7.52,74.2,66.75,2,6,5,3,2,0,No,1
STU13623,7.23,63.83,71.42,0,0,1,2,3,2,Yes,1
STU13624,8.04,97.38,84.21,2,6,5,1,1,2,Yes,0
STU13625,7.98,73.07,77.65,0,0,1,4,3,0,Yes,1
STU13626,6.96,66.68,53.68,2,5,8,0,3,0,Yes,1
STU13627,5.05,42.03,39.66,1,3,3,2,1,0,Yes,1
STU13628,6.73,59.37,64.69,0,0,3,2,3,0,No,0
STU13629,6.98,61.11,72.01,3,6,2,0,1,0,No,1
STU13630,7.33,69.67,57.42,0,0,1,1,3,0,No,1
STU13631,6.15,61.35,52.93,0,0,1,1,3,0,No,1
STU13632,8.31,72.9,72.5,0,0,1,0,2,0,No,0
STU13633,7.02,75.72,65.7,0,0,1,2,5,1,No,1
STU13634,5.94,59.67,49.19,0,0,1,4,1,0,Yes,0
STU13635,6.47,62.71,70.82,3,7,4,1,4,0,Yes,0
STU13636,9.22,89.52,82.53,1,2,2,3,1,0,Yes,1
STU13637,7.76,80.55,82.18,2,3,3,1,2,0,No,1
STU13638,8.21,91.88,86.39,0,0,1,1,2,0,Yes,1
STU13639,5.8,41.31,47.62,0,0,1,1,1,0,No,1
STU13640,6.21,60.47,53.82,1,1,3,5,2,0,Yes,0
STU13641,6.22,51.72,53.2,2,4,2,0,2,0,Yes,0
STU13642,7.21,76.11,63.69,1,3,1,2,1,0,Yes,1
STU13643,6.8,61.02,56.72,1,1,1,2,2,2,Yes,1
STU13644,6.44,63.36,53.66,0,0,0,3,3,0,No,0
STU13645,6.58,51.93,51.39,1,1,1,2,2,0,No,0
STU13646,6.09,44.52,48.67,1,1,2,2,1,0,Yes,0
STU13647,6.79,63.89,60.4,0,0,3,3,2,0,Yes,1
STU13648,8.28,92.64,82.0,1,1,2,2,3,0,Yes,1
STU13649,5.26,51.22,47.67,3,7,7,2,3,0,Yes,0
STU13650,7.4,77.08,69.72,0,0,2,4,3,0,No,1
STU13651,8.59,91.28,78.5,0,0,0,1,2,1,Yes,0
STU13652,6.79,62.11,64.04,1,1,2,3,2,0,Yes,1
STU13653,6.39,62.22,60.31,1,3,4,3,1,1,Yes,1
STU13654,8.06,78.62,76.18,1,3,2,3,1,0,No,0
STU13655,5.87,50.58,43.57,0,0,2,4,3,0,Yes,1
STU13656,6.97,66.29,61.75,1,2,2,5,2,0,No,0
STU13657,5.8,48.54,47.73,1,3,1,3,1,0,Yes,1
STU13658,4.85,45.96,50.22,2,6,7,2,2,0,No,1
STU13659,6.83,63.59,66.28,0,0,2,2,1,1,No,1
STU13660,5.55,45.55,46.77,3,11,4,1,3,0,Yes,1
STU13661,6.99,66.77,76.02,0,0,0,1,4,0,No,0
STU13662,8.28,84.97,80.83,3,6,6,1,3,0,No,1
STU13663,9.13,81.92,94.01,0,0,1,0,1,0,No,1
STU13664,7.11,72.08,73.9,0,0,3,2,3,0,No,1
STU13665,8.17,80.08,86.95,0,0,1,3,2,0,No,1
STU13666,7.46,75.98,73.72,2,4,6,1,2,0,Yes,1
STU13667,6.56,56.9,58.59,1,1,4,1,2,0,Yes,1
STU13668,4.79,52.48,43.21,1,2,4,1,2,3,No,0
STU13669,8.87,93.35,89.72,2,4,5,1,1,0,No,1
STU13670,5.79,45.41,43.98,0,0,1,1,2,0,Yes,0
STU13671,8.59,89.3,81.57,0,0,1,1,1,0,Yes,1
STU13672,7.62,85.64,83.97,0,0,0,0,4,1,No,1
STU13673,5.88,46.88,53.31,1,3,2,2,2,0,Yes,1
STU13674,7.36,68.12,76.06,0,0,0,0,4,0,Yes,1
STU13675,9.45,93.67,78.93,0,0,2,1,2,0,Yes,1
STU13676,8.77,79.26,81.52,0,0,0,0,1,1,No,0
STU13677,6.41,54.13,57.8,1,3,2,1,4,0,Yes,1
STU13678,6.18,49.73,52.57,0,0,1,2,4,0,Yes,0
STU13679,7.12,74.19,59.35,0,0,4,3,1,0,Yes,1
STU13680,6.81,60.71,66.42,1,1,1,3,2,0,No,0
STU13681,8.38,83.11,88.28,0,0,0,1,3,0,Yes,0
STU13682,7.85,75.36,75.14,0,0,2,3,1,0,No,0
STU13683,5.05,53.98,48.87,1,2,3,3,3,0,Yes,1
STU13684,7.53,70.63,84.96,3,8,1,2,3,0,No,1
STU13685,6.79,56.14,70.74,2,4,0,2,3,3,No,0
STU13686,7.04,59.91,64.15,2,5,3,2,3,0,No,1
STU13687,7.29,76.49,62.71,1,3,5,3,2,0,Yes,1
STU13688,8.38,89.39,83.18,0,0,1,2,2,0,No,1
STU13689,8.12,90.13,93.72,1,3,0,5,3,0,Yes,1
STU13690,6.14,47.72,60.31,2,3,4,1,1,0,No,1
STU13691,6.93,65.38,63.73,0,0,1,3,2,1,Yes,1
STU13692,6.48,74.4,66.21,3,11,8,3,3,1,Yes,1
STU13693,5.07,45.34,51.16,2,4,2,1,1,0,No,0
STU13694,6.87,62.42,51.41,1,2,0,2,5,1,No,1
STU13695,9.12,88.36,91.86,1,1,4,4,1,0,No,1
STU13696,5.03,50.18,44.71,1,2,2,3,1,0,No,0
STU13697,6.97,70.49,59.21,3,9,4,1,2,0,Yes,1
STU13698,6.94,63.13,64.36,0,0,0,2,3,0,No,0
STU13699,7.33,69.43,72.43,0,0,1,2,3,0,No,1
STU13700,5.89,50.94,44.95,1,2,2,2,2,0,Yes,0
STU13701,5.36,44.17,44.83,0,0,2,2,2,1,Yes,0
STU13702,5.41,41.48,43.91,0,0,2,3,1,2,Yes,0
STU13703,8.53,96.67,87.59,1,2,2,1,1,0,No,1
STU13704,5.87,50.04,47.67,1,3,4,0,2,0,No,0
STU13705,6.43,56.88,45.78,0,0,2,2,0,1,Yes,0
STU13706,9.42,87.27,83.5,1,2,5,3,1,0,Yes,1
STU13707,6.16,55.01,46.82,1,3,1,3,1,0,Yes,0
STU13708,7.39,76.46,63.09,0,0,1,2,1,0,Yes,0
STU13709,8.22,80.71,87.58,0,0,1,1,1,0,No,1
STU13710,8.17,89.85,84.83,0,0,0,5,3,0,Yes,1
STU13711,5.47,52.84,40.45,0,0,2,2,2,0,Yes,0
STU13712,6.18,54.65,45.17,0,0,1,2,2,0,Yes,0
STU13713,7.35,69.18,69.56,1,1,3,4,2,3,Yes,0
STU13714,9.22,95.27,77.82,3,6,3,0,3,0,No,1
STU13715,6.12,54.14,50.66,0,0,1,1,4,2,Yes,0
STU13716,6.43,51.58,56.46,2,3,3,2,3,0,Yes,1
STU13717,7.48,81.27,73.97,0,0,1,1,1,0,No,0
STU13718,7.71,73.93,77.33,1,3,4,3,2,0,Yes,1
STU13719,7.78,84.33,71.43,1,3,3,2,1,0,Yes,1
STU13720,6.03,38.88,51.39,3,7,3,1,3,0,No,0
STU13721,6.39,56.29,63.19,1,3,2,3,1,0,Yes,0
STU13722,7.25,78.68,56.14,1,2,2,0,5,0,No,1
STU13723,8.45,85.35,84.27,0,0,0,2,4,3,No,0
STU13724,6.73,67.0,53.34,2,6,3,4,1,0,Yes,0
STU13725,6.97,62.03,72.86,3,7,5,6,0,0,Yes,1
STU13726,5.82,54.09,53.9,0,0,1,2,3,0,No,0
STU13727,9.14,88.57,90.26,0,0,2,1,2,0,No,1
STU13728,7.18,72.06,62.48,3,8,8,2,3,0,Yes,1
STU13729,8.24,95.88,82.23,1,1,6,0,2,0,Yes,1
STU13730,7.03,76.27,67.7,0,0,1,1,1,0,Yes,0
STU13731,7.1,74.19,52.21,0,0,2,0,2,0,No,0
STU13732,5.27,52.89,45.94,2,5,3,1,2,0,No,0
STU13733,4.53,40.26,46.39,2,4,0,3,1,0,Yes,0
STU13734,8.44,82.42,73.77,0,0,0,2,1,0,Yes,0
STU13735,7.09,60.12,69.92,0,0,0,1,5,0,Yes,0
STU13736,7.24,63.94,69.16,0,0,1,0,5,0,Yes,1
STU13737,5.56,44.58,55.18,2,4,1,1,2,0,No,0
STU13738,5.96,53.18,47.88,2,5,0,1,2,2,No,0
STU13739,8.22,76.13,81.55,1,2,2,3,4,1,No,0
STU13740,9.0,87.84,87.13,1,2,2,0,3,0,No,1
STU13741,6.29,56.17,37.25,1,2,1,0,0,0,Yes,0
STU13742,7.77,72.18,73.86,1,1,3,0,1,0,No,1
STU13743,7.22,80.43,68.79,2,5,4,1,3,0,No,1
STU13744,6.86,57.66,48.46,1,2,2,0,1,0,No,0
STU13745,9.13,95.22,89.56,1,2,1,1,1,0,No,1
STU13746,6.48,46.22,57.26,3,9,6,3,1,2,No,1
STU13747,8.43,84.3,82.64,0,0,3,3,3,0,Yes,1
STU13748,7.44,67.29,75.8,2,6,0,2,1,0,No,1
STU13749,6.98,63.6,62.06,2,6,4,2,1,0,Yes,1
STU13750,8.58,96.93,83.33,0,0,1,1,1,0,No,1
STU13751,7.33,70.91,75.19,0,0,2,4,3,0,Yes,1
STU13752,6.89,59.42,63.38,0,0,1,1,2,0,No,0
STU13753,8.59,89.03,72.05,2,3,7,2,4,0,No,1
STU13754,8.44,83.1,82.54,1,1,1,4,2,0,Yes,1
STU13755,8.38,85.74,82.21,1,3,5,0,2,0,No,1
STU13756,4.0,39.63,47.52,1,1,1,3,1,0,No,0
STU13757,7.51,70.31,70.44,1,1,1,3,2,0,Yes,1
STU13758,7.24,66.95,62.81,0,0,0,0,2,0,No,0
STU13759,6.96,72.03,58.39,0,0,2,1,2,1,Yes,0
STU13760,7.7,76.79,83.81,0,0,0,3,1,0,Yes,1
STU13761,7.3,66.23,71.25,3,11,5,1,1,0,No,1
STU13762,7.78,80.06,84.44,2,4,8,3,3,2,No,1
STU13763,6.69,63.32,69.06,0,0,3,4,1,0,Yes,1
STU13764,8.72,90.36,79.46,0,0,1,2,3,0,Yes,0
STU13765,7.9,77.54,72.51,1,3,2,4,1,0,Yes,1
STU13766,7.62,76.6,73.3,1,2,5,3,1,0,No,1
STU13767,7.57,78.89,77.05,0,0,1,1,1,0,No,0
STU13768,8.33,78.4,73.04,0,0,2,1,2,2,No,0
STU13769,8.17,88.39,82.8,1,3,1,1,3,0,No,1
STU13770,6.87,65.86,65.18,1,2,4,3,5,1,Yes,1
STU13771,8.14,76.14,73.0,1,1,3,2,1,0,Yes,1
STU13772,7.2,64.29,61.4,0,0,3,1,2,0,No,0
STU13773,9.2,88.12,88.38,1,1,4,2,3,0,Yes,1
STU13774,8.26,80.58,93.32,1,1,5,3,2,0,No,1
STU13775,6.28,61.54,52.25,0,0,3,4,1,2,Yes,0
STU13776,9.68,87.81,88.51,0,0,2,2,5,1,Yes,1
STU13777,4.58,47.63,39.19,1,1,4,1,2,0,Yes,1
STU13778,7.73,73.46,76.97,1,2,3,3,2,0,No,1
STU13779,6.2,55.86,49.24,0,0,3,2,2,0,Yes,0
STU13780,9.16,96.5,84.05,0,0,0,1,1,0,Yes,0
STU13781,7.29,71.51,84.09,0,0,3,2,2,0,Yes,0
STU13782,6.09,51.36,52.32,2,3,2,1,4,2,Yes,0
STU13783,6.69,57.7,50.5,3,12,2,4,4,0,Yes,1
STU13784,6.18,55.66,56.63,1,2,0,1,2,0,Yes,1
STU13785,6.65,70.69,66.01,0,0,0,1,0,0,No,0
STU13786,6.62,53.63,62.87,1,2,1,4,2,0,Yes,0
STU13787,6.14,54.96,51.2,3,12,2,1,2,0,No,0
STU13788,7.31,62.35,64.13,1,2,2,1,1,0,No,1
STU13789,7.45,72.18,66.29,0,0,2,2,2,0,Yes,0
STU13790,5.85,53.89,48.18,1,2,1,1,2,0,No,1
STU13791,5.09,37.76,42.04,0,0,1,2,4,0,No,0
STU13792,7.36,70.65,66.96,0,0,1,3,1,3,Yes,0
STU13793,7.61,78.66,81.21,1,1,3,3,1,0,Yes,1
STU13794,7.84,80.52,82.26,1,1,2,1,3,0,No,0
STU13795,7.63,79.27,81.84,1,3,2,4,2,2,Yes,1
STU13796,8.81,81.46,79.58,1,3,2,1,2,0,No,1
STU13797,8.15,84.58,74.31,0,0,0,3,1,0,Yes,1
STU13798,10.0,86.29,87.36,2,6,5,2,2,0,No,0
STU13799,10.0,94.18,89.38,0,0,1,1,1,1,No,1
STU13800,4.98,35.0,44.23,0,0,0,3,1,0,Yes,0
STU13801,4.47,43.89,44.71,2,6,3,3,0,0,Yes,1
STU13802,6.99,68.3,74.22,1,3,0,2,2,0,Yes,1
STU13803,7.58,84.6,72.19,0,0,1,2,3,0,Yes,1
STU13804,6.91,66.95,68.27,2,6,6,5,4,0,Yes,1
STU13805,7.81,80.51,79.49,1,1,5,0,1,0,No,1
STU13806,6.69,65.06,60.38,2,5,4,2,3,0,No,1
STU13807,6.2,63.55,57.6,1,2,4,3,2,0,Yes,1
STU13808,6.38,56.0,50.69,2,3,4,2,4,0,Yes,0
STU13809,6.77,55.73,55.33,1,2,1,1,1,0,Yes,0
STU13810,7.97,71.66,80.82,1,2,1,1,1,0,No,0
STU13811,6.44,63.15,46.34,2,5,4,3,4,0,Yes,0
STU13812,6.67,63.84,62.57,0,0,0,2,2,1,No,0
STU13813,7.66,76.04,67.81,0,0,3,0,1,0,No,1
STU13814,6.77,60.67,70.29,0,0,0,1,3,0,Yes,0
STU13815,8.28,85.14,78.68,0,0,1,2,2,0,Yes,0
STU13816,5.94,54.41,58.87,1,1,5,2,1,0,Yes,1
STU13817,5.69,53.73,46.59,0,0,1,3,0,0,Yes,0
STU13818,7.35,66.57,68.7,1,1,1,2,3,2,Yes,0
STU13819,7.46,64.32,77.1,3,9,6,2,2,0,Yes,1
STU13820,6.01,48.29,52.53,1,2,1,2,2,0,Yes,0
STU13821,8.55,77.8,82.51,1,2,3,0,3,0,No,1
STU13822,9.21,80.32,83.32,3,9,3,2,5,0,Yes,1
STU13823,6.28,66.39,51.6,0,0,3,3,3,1,No,0
STU13824,8.71,73.25,98.0,0,0,1,1,1,0,No,0
STU13825,4.26,48.21,35.0,3,8,4,1,4,0,Yes,0
STU13826,8.24,89.06,73.4,0,0,2,2,2,0,Yes,0
STU13827,6.01,59.77,57.9,2,6,4,2,3,0,No,0
STU13828,8.12,84.29,86.24,1,2,1,3,2,0,Yes,1
STU13829,5.89,60.66,44.21,1,3,5,1,5,2,No,0
STU13830,6.92,77.23,53.02,2,5,1,3,3,0,No,1
STU13831,6.07,52.63,59.08,3,9,3,6,2,2,Yes,0
STU13832,6.75,66.59,54.63,0,0,1,4,1,0,Yes,0
STU13833,9.1,96.07,82.47,0,0,0,3,0,1,Yes,1
STU13834,6.88,60.67,63.41,0,0,3,4,2,0,Yes,0
STU13835,9.43,87.74,79.77,1,2,1,1,3,0,Yes,1
STU13836,6.56,57.1,63.4,0,0,0,2,1,0,No,0
STU13837,8.72,89.65,84.01,0,0,1,4,3,0,Yes,0
STU13838,5.13,36.03,39.13,1,3,3,1,3,1,No,1
STU13839,6.67,71.17,54.79,2,6,8,1,2,0,No,1
STU13840,6.38,61.63,63.21,3,6,2,2,0,0,Yes,1
STU13841,8.77,90.66,82.45,0,0,1,0,1,0,No,0
STU13842,7.21,56.99,71.86,3,10,5,1,3,0,No,1
STU13843,4.6,39.6,42.78,0,0,3,2,5,0,Yes,0
STU13844,5.49,58.39,35.92,2,5,5,1,3,0,Yes,0
STU13845,5.84,51.07,53.62,1,1,3,4,3,0,Yes,0
STU13846,8.07,71.86,85.65,1,3,2,0,2,0,No,1
STU13847,7.93,82.11,88.83,3,6,4,2,2,3,No,1
STU13848,6.65,66.41,47.93,0,0,5,2,4,0,Yes,0
STU13849,6.37,61.39,36.26,2,4,3,1,2,0,No,0
STU13850,7.82,78.66,80.39,1,2,1,2,1,0,Yes,0
STU13851,5.7,57.72,44.31,0,0,3,1,2,0,No,0
STU13852,7.53,71.55,64.18,0,0,0,2,3,0,Yes,1
STU13853,7.43,77.57,71.98,1,3,2,3,1,1,Yes,0
STU13854,6.68,63.54,57.03,0,0,2,0,2,2,No,0
STU13855,7.46,73.97,64.11,2,4,6,2,2,2,Yes,1
STU13856,7.12,67.49,66.27,0,0,1,2,2,0,No,1
STU13857,7.57,74.35,76.81,1,2,3,1,2,0,No,1
STU13858,5.47,49.43,47.28,1,1,0,2,3,0,Yes,0
STU13859,7.71,76.47,76.32,1,3,6,1,3,2,No,1
STU13860,8.18,87.54,82.8,0,0,1,5,3,0,Yes,0
STU13861,7.37,70.27,60.33,1,1,6,0,5,0,No,0
STU13862,7.69,87.46,74.74,2,4,1,0,1,0,No,1
STU13863,6.87,62.31,64.23,0,0,0,3,1,2,Yes,0
STU13864,8.03,87.29,76.5,0,0,3,2,3,0,No,0
STU13865,7.08,74.84,61.08,2,4,4,0,2,0,Yes,1
STU13866,5.68,51.72,43.25,2,3,2,1,1,0,No,0
STU13867,7.94,81.41,76.19,1,1,4,5,1,0,Yes,1
STU13868,5.12,43.01,49.87,2,4,1,4,2,0,Yes,0
STU13869,7.33,69.76,79.03,3,7,4,2,1,1,No,0
STU13870,6.56,62.19,65.82,0,0,1,1,2,0,No,0
STU13871,6.48,59.57,47.48,0,0,0,3,3,0,No,1
STU13872,7.2,78.01,62.28,1,1,4,4,2,1,Yes,1
STU13873,6.18,53.1,56.77,1,3,3,4,3,0,Yes,1
STU13874,7.59,74.25,81.42,2,4,4,2,1,0,Yes,1
STU13875,7.07,58.93,60.12,1,2,1,5,4,0,Yes,1
STU13876,6.29,61.02,55.26,0,0,0,0,1,0,Yes,1
STU13877,8.54,89.19,76.08,0,0,1,3,4,0,Yes,0
STU13878,7.24,77.38,70.17,2,5,2,1,4,0,Yes,0
STU13879,7.73,84.63,71.57,1,3,0,2,1,2,No,0
STU13880,8.63,91.12,84.48,0,0,0,5,1,0,Yes,0
STU13881,8.61,91.25,76.0,1,1,2,1,1,0,Yes,1
STU13882,7.67,81.4,64.93,1,2,2,9,1,0,Yes,1
STU13883,6.65,66.88,77.88,1,1,0,2,0,1,Yes,0
STU13884,5.36,37.46,45.93,2,6,10,1,1,1,No,1
STU13885,7.24,64.97,81.38,0,0,2,1,1,0,No,1
STU13886,8.26,76.27,89.91,2,5,4,1,2,0,No,0
STU13887,7.41,81.66,61.22,0,0,2,3,3,0,No,1
STU13888,4.0,40.42,44.29,1,3,2,2,1,0,No,0
STU13889,8.0,77.82,70.79,3,11,2,4,2,1,No,1
STU13890,8.07,82.21,77.4,1,1,1,1,2,0,Yes,0
STU13891,6.65,54.86,48.01,1,3,1,2,4,0,Yes,1
STU13892,8.14,85.01,70.28,1,2,3,2,1,0,No,1
STU13893,7.72,65.61,70.26,1,3,3,2,1,0,No,1
STU13894,6.21,49.09,49.88,2,6,7,6,1,3,Yes,1
STU13895,8.46,86.57,82.61,2,6,2,4,2,0,Yes,1
STU13896,5.54,42.3,40.53,2,5,6,3,2,0,Yes,1
STU13897,6.93,74.59,64.69,0,0,3,1,1,0,No,0
STU13898,6.82,65.31,68.85,0,0,4,1,3,0,No,1
STU13899,6.05,61.0,52.85,1,2,2,1,1,0,No,1
STU13900,7.35,75.35,69.8,1,1,4,1,3,0,No,0
STU13901,8.51,85.64,84.77,2,3,4,2,3,0,Yes,1
STU13902,8.43,79.22,73.59,1,1,2,4,2,0,Yes,1
STU13903,7.83,85.22,82.36,0,0,0,4,1,2,Yes,1
STU13904,5.05,49.73,36.89,1,1,2,1,3,0,No,0
STU13905,5.46,61.73,55.53,0,0,4,4,2,0,Yes,1
STU13906,7.19,75.79,72.45,1,1,4,1,0,0,Yes,1
STU13907,6.96,64.86,67.59,1,2,5,2,1,0,Yes,1
STU13908,6.43,60.74,59.6,1,3,3,0,0,0,No,1
STU13909,9.19,91.22,85.67,2,3,2,1,2,0,No,1
STU13910,7.12,76.79,62.1,1,2,1,3,2,0,Yes,1
STU13911,7.62,84.99,68.41,1,1,4,3,3,0,Yes,1
STU13912,8.14,81.74,90.22,1,1,3,4,1,2,Yes,1
STU13913,7.06,61.59,66.51,3,11,2,1,3,0,Yes,1
STU13914,9.98,78.64,80.08,1,2,1,4,1,3,Yes,1
STU13915,5.92,46.11,53.04,0,0,1,2,2,0,Yes,1
STU13916,6.3,53.76,56.37,1,3,3,4,3,0,Yes,0
STU13917,5.92,61.94,47.93,0,0,1,2,2,0,Yes,1
STU13918,8.8,96.38,78.87,0,0,4,3,3,0,No,1
STU13919,7.92,86.51,82.16,2,3,7,2,2,2,Yes,1
STU13920,6.37,65.66,60.95,0,0,2,2,2,0,Yes,1
STU13921,6.01,49.53,52.71,0,0,3,2,2,0,No,0
STU13922,8.59,77.08,83.6,1,2,4,3,0,0,Yes,1
STU13923,7.42,68.11,66.45,0,0,0,5,3,0,Yes,1
STU13924,8.62,74.13,86.22,0,0,0,2,3,0,No,1
STU13925,6.93,60.03,59.9,1,3,3,1,4,0,No,1
STU13926,7.59,73.57,65.97,0,0,1,2,1,0,Yes,1
STU13927,7.35,74.13,76.88,0,0,2,3,3,1,Yes,0
STU13928,6.28,57.85,47.86,1,1,2,3,1,0,Yes,0
STU13929,6.83,61.08,50.83,2,3,1,0,0,2,Yes,0
STU13930,5.64,53.84,55.28,0,0,2,1,5,0,No,0
STU13931,7.57,72.34,62.9,1,1,3,3,1,0,Yes,0
STU13932,7.88,80.22,74.82,0,0,1,2,2,0,Yes,0
STU13933,8.14,76.08,73.17,0,0,1,2,4,0,Yes,1
STU13934,7.77,85.45,71.58,0,0,2,4,4,0,No,1
STU13935,6.85,65.6,75.82,2,4,4,1,2,0,Yes,1
STU13936,8.78,91.28,83.59,0,0,3,3,3,0,No,1
STU13937,8.03,74.48,80.93,0,0,1,4,2,2,Yes,0
STU13938,8.6,87.24,87.94,1,1,2,1,2,0,No,1
STU13939,8.67,90.06,79.74,2,5,4,6,3,0,Yes,1
STU13940,6.86,53.26,68.97,0,0,2,2,4,0,No,0
STU13941,7.45,81.6,73.85,1,1,1,1,3,0,Yes,1
STU13942,7.89,72.87,81.89,0,0,1,1,2,0,No,0
STU13943,5.68,51.98,43.36,3,8,5,1,4,0,No,0
STU13944,5.7,61.68,50.62,3,12,6,4,5,0,Yes,1
STU13945,5.51,55.24,46.46,2,5,4,4,3,2,No,0
STU13946,6.88,56.9,69.61,0,0,1,1,2,0,Yes,0
STU13947,6.62,60.67,55.49,0,0,1,2,2,0,Yes,0
STU13948,5.35,55.89,57.68,0,0,2,2,3,0,Yes,1
STU13949,7.17,65.63,69.56,0,0,1,1,3,0,Yes,1
STU13950,6.89,63.91,62.32,1,3,2,0,3,2,No,0
STU13951,8.36,82.33,80.2,1,2,2,1,1,0,Yes,1
STU13952,9.31,92.41,85.95,3,9,4,3,4,1,No,1
STU13953,7.52,66.52,68.97,1,2,1,2,1,0,Yes,1
STU13954,6.2,59.75,56.99,0,0,1,2,0,0,No,0
STU13955,7.74,74.93,75.6,0,0,3,3,2,0,Yes,1
STU13956,7.01,67.97,76.7,2,3,4,3,3,0,No,1
STU13957,6.72,62.03,57.78,2,4,6,1,1,1,Yes,1
STU13958,6.01,57.41,50.09,0,0,2,1,1,0,No,0
STU13959,6.47,59.4,53.92,2,5,5,2,1,0,No,0
STU13960,6.8,73.27,72.84,1,2,3,2,1,0,Yes,1
STU13961,7.92,86.7,69.09,1,1,3,1,3,0,No,1
STU13962,7.59,71.82,74.15,1,1,2,0,3,0,Yes,1
STU13963,9.1,96.6,87.28,1,1,2,0,2,0,No,1
STU13964,7.78,80.95,69.27,0,0,4,1,1,0,No,1
STU13965,7.49,76.25,88.09,1,3,3,9,1,0,Yes,1
STU13966,6.65,67.31,53.63,0,0,1,1,3,0,Yes,0
STU13967,5.81,45.58,49.03,0,0,2,2,3,0,Yes,0
STU13968,6.34,49.55,64.93,0,0,1,3,1,0,Yes,0
STU13969,6.2,56.09,50.69,1,1,5,2,3,0,No,0
STU13970,4.05,41.63,43.13,0,0,2,3,1,0,Yes,0
STU13971,5.84,64.62,47.11,0,0,2,1,3,0,Yes,0
STU13972,8.84,82.89,84.16,0,0,3,2,2,2,Yes,1
STU13973,7.42,74.51,77.76,1,3,4,3,2,0,No,1
STU13974,6.57,62.14,55.45,1,1,4,1,2,0,No,0
STU13975,7.46,82.17,55.86,0,0,1,0,2,0,No,0
STU13976,4.75,40.15,42.92,1,2,3,2,3,0,Yes,0
STU13977,7.32,63.18,70.23,0,0,0,1,1,0,No,0
STU13978,8.47,93.8,83.61,2,4,4,3,1,0,Yes,1
STU13979,6.86,66.08,61.49,0,0,2,0,2,0,No,0
STU13980,4.96,51.6,38.57,1,1,5,1,2,0,No,1
STU13981,6.52,65.51,55.9,2,3,2,3,2,0,Yes,1
STU13982,8.47,91.64,93.05,0,0,2,1,1,0,No,1
STU13983,7.3,70.23,69.24,1,2,4,3,2,0,No,1
STU13984,5.37,44.7,49.51,0,0,2,2,1,0,Yes,0
STU13985,9.72,77.59,80.37,2,3,4,3,1,0,Yes,1
STU13986,5.56,43.89,45.11,0,0,2,3,0,0,Yes,1
STU13987,6.72,63.68,54.31,0,0,2,1,1,0,Yes,1
STU13988,5.81,47.63,56.6,0,0,2,1,3,0,No,0
STU13989,5.81,45.02,39.53,3,7,5,0,1,1,No,1
STU13990,6.48,60.07,59.0,0,0,0,1,4,0,Yes,0
STU13991,7.73,86.59,77.58,2,6,2,0,1,1,No,1
STU13992,8.48,85.22,84.22,2,3,4,0,1,2,No,1
STU13993,6.56,54.05,43.77,2,3,3,4,3,0,Yes,1
STU13994,5.84,59.8,37.02,0,0,1,3,1,0,No,0
STU13995,7.55,71.48,73.83,1,1,1,2,1,0,No,1
STU13996,7.58,85.42,68.01,0,0,1,2,2,0,No,0
STU13997,7.28,70.57,65.29,1,2,3,1,2,0,No,0
STU13998,7.32,73.37,67.2,0,0,2,3,2,0,No,1
STU13999,6.87,75.13,56.45,3,12,7,4,2,0,Yes,1
STU14000,7.11,61.55,59.31,0,0,1,1,2,0,No,1
STU14001,6.79,58.22,61.52,2,6,3,1,2,0,No,1
STU14002,8.23,81.61,69.13,0,0,1,4,2,0,Yes,0
STU14003,9.56,88.55,83.35,2,4,3,5,2,0,Yes,1
STU14004,7.21,86.91,64.05,2,6,2,3,1,0,Yes,1
STU14005,6.99,62.4,64.58,0,0,0,1,2,0,No,0
STU14006,7.29,64.61,83.76,1,3,1,4,5,0,Yes,1
STU14007,6.24,50.94,47.66,0,0,2,4,2,0,Yes,0
STU14008,7.88,81.63,79.67,0,0,2,2,1,0,No,0
STU14009,7.51,78.46,73.83,1,3,2,1,2,0,No,0
STU14010,6.52,56.03,60.63,1,1,2,1,4,0,No,1
STU14011,8.04,82.02,77.62,1,2,2,2,2,1,Yes,1
STU14012,7.02,79.94,73.91,2,3,7,1,1,0,No,1
STU14013,5.88,52.83,53.73,1,2,3,0,0,0,Yes,0
STU14014,7.4,75.92,75.21,0,0,0,1,2,0,Yes,1
STU14015,7.27,83.42,60.6,3,8,9,3,2,0,Yes,1
STU14016,8.1,78.25,80.02,3,8,5,3,1,0,No,1
STU14017,7.96,76.51,75.03,1,1,2,1,1,0,No,1
STU14018,6.87,62.99,57.64,3,6,3,1,1,0,No,1
STU14019,6.46,56.21,52.62,3,7,5,0,5,0,Yes,1
STU14020,7.0,56.94,64.53,1,1,2,1,1,0,Yes,0
STU14021,7.42,75.0,73.91,2,3,4,0,4,0,No,1
STU14022,7.56,77.51,79.1,0,0,1,2,3,2,No,0
STU14023,7.35,72.03,75.76,0,0,1,0,4,0,No,1
STU14024,6.9,67.65,64.92,0,0,3,1,1,0,Yes,0
STU14025,8.15,84.38,80.16,0,0,2,1,2,0,Yes,1
STU14026,6.22,48.41,51.36,2,4,5,0,2,0,No,0
STU14027,9.85,91.42,85.2,0,0,3,2,1,0,Yes,1
STU14028,7.88,83.54,72.51,0,0,1,4,3,0,Yes,1
STU14029,5.7,41.36,45.38,1,2,1,3,2,0,Yes,0
STU14030,7.21,79.94,70.29,0,0,1,3,2,0,Yes,1
STU14031,7.89,72.93,86.59,2,6,2,3,2,0,Yes,1
STU14032,6.6,54.63,57.56,2,4,5,2,2,0,Yes,1
STU14033,5.28,49.31,40.26,0,0,0,2,1,0,No,0
STU14034,5.81,55.03,54.64,1,2,2,1,3,0,Yes,0
STU14035,7.62,81.72,62.04,1,1,2,3,3,0,Yes,1
STU14036,4.98,50.19,50.08,1,3,1,4,2,0,Yes,1
STU14037,5.33,45.28,36.8,0,0,4,1,1,1,No,0
STU14038,7.62,77.62,77.91,0,0,1,1,4,2,Yes,1
STU14039,6.74,61.83,57.87,0,0,3,4,3,0,Yes,0
STU14040,6.2,57.06,54.94,1,2,2,1,2,1,No,0
STU14041,6.43,59.44,68.52,1,2,1,0,1,0,No,1
STU14042,5.31,45.21,40.21,1,1,7,3,1,2,Yes,1
STU14043,7.56,74.14,67.22,1,3,4,1,2,1,Yes,1
STU14044,6.07,43.38,51.97,1,2,1,1,1,0,No,0
STU14045,6.38,63.41,64.59,1,3,3,0,2,2,No,0
STU14046,7.4,75.7,71.99,0,0,1,3,4,0,Yes,1
STU14047,6.7,49.23,60.34,1,3,1,2,2,0,No,1
STU14048,6.19,60.65,53.9,0,0,2,2,3,0,Yes,0
STU14049,4.71,45.71,37.0,0,0,2,1,1,0,No,0
STU14050,7.42,68.63,72.33,2,5,10,0,2,0,Yes,1
STU14051,7.09,63.19,63.99,2,5,6,2,1,0,No,1
STU14052,6.41,54.6,63.66,2,3,4,1,3,1,No,0
STU14053,5.81,46.24,53.62,0,0,1,2,2,0,Yes,0
STU14054,7.01,63.35,57.19,2,6,4,3,1,0,Yes,1
STU14055,7.55,86.37,71.47,0,0,0,2,4,0,Yes,0
STU14056,7.11,71.88,69.82,0,0,1,1,1,1,No,0
STU14057,8.88,99.88,78.77,0,0,4,0,4,0,No,1
STU14058,7.81,80.76,69.93,1,2,3,2,1,0,Yes,1
STU14059,6.88,69.33,60.08,0,0,1,1,1,2,No,0
STU14060,7.85,74.55,78.9,0,0,3,1,4,0,Yes,1
STU14061,7.06,67.77,72.0,0,0,1,3,3,0,Yes,1
STU14062,7.05,68.24,67.12,1,1,6,4,2,0,Yes,0
STU14063,8.49,89.32,97.37,0,0,2,1,1,3,No,0
STU14064,5.97,53.12,46.35,1,1,0,2,1,0,Yes,1
STU14065,7.03,70.44,69.77,0,0,3,3,4,1,Yes,0
STU14066,8.37,86.61,75.06,1,1,3,1,3,0,No,1
STU14067,7.36,71.47,79.95,0,0,1,3,1,0,Yes,1
STU14068,6.58,58.7,66.29,0,0,1,0,1,1,No,0
STU14069,5.04,43.02,48.3,0,0,1,1,2,0,No,0
STU14070,4.39,52.03,35.0,0,0,0,2,1,0,No,0
STU14071,9.39,87.32,90.35,2,3,6,3,1,0,Yes,1
STU14072,7.35,75.25,65.36,0,0,1,2,3,1,Yes,1
STU14073,6.33,56.66,57.32,2,6,4,3,4,0,No,1
STU14074,7.4,80.33,62.22,0,0,1,1,2,0,Yes,1
STU14075,5.91,40.94,51.49,0,0,1,1,3,0,Yes,0
STU14076,6.62,63.59,56.65,0,0,1,2,1,1,Yes,0
STU14077,5.92,45.41,45.27,0,0,2,2,3,1,No,0
STU14078,5.37,50.98,49.19,2,3,3,4,0,0,Yes,0
STU14079,4.58,44.93,42.5,1,3,4,1,5,0,No,0
STU14080,5.16,38.71,43.35,1,2,5,1,5,0,No,0
STU14081,8.17,85.09,84.49,1,1,1,3,1,0,Yes,1
STU14082,5.87,53.77,60.85,0,0,0,0,2,2,No,0
STU14083,7.62,75.56,75.6,1,2,6,1,1,0,No,1
STU14084,8.1,81.77,68.57,1,1,3,3,2,0,Yes,1
STU14085,7.02,69.18,55.86,0,0,2,0,3,0,Yes,0
STU14086,6.66,69.43,59.78,1,1,1,4,3,0,Yes,1
STU14087,7.15,68.36,73.4,1,3,4,7,2,0,Yes,1
STU14088,6.52,66.41,58.14,0,0,1,0,2,2,No,0
STU14089,8.38,84.63,84.93,0,0,1,1,2,0,No,0
STU14090,9.16,96.35,85.22,2,5,4,2,2,0,Yes,1
STU14091,8.67,85.2,89.39,0,0,1,0,1,0,No,0
STU14092,4.53,41.71,46.41,0,0,1,4,4,0,Yes,0
STU14093,6.5,53.45,50.92,2,6,5,3,2,0,Yes,1
STU14094,7.0,67.72,67.61,3,6,2,1,3,0,Yes,1
STU14095,7.53,71.12,63.62,0,0,4,1,1,0,No,1
STU14096,5.01,55.35,46.61,0,0,1,3,2,3,Yes,1
STU14097,5.0,41.62,42.16,0,0,1,1,3,0,Yes,0
STU14098,8.5,81.53,83.64,1,2,2,5,2,1,Yes,1
STU14099,6.36,61.52,56.98,0,0,4,3,3,0,Yes,0
STU14100,5.29,55.26,46.83,2,6,4,0,3,0,Yes,0
STU14101,5.73,55.55,56.67,2,5,6,2,0,0,Yes,1
STU14102,7.45,80.98,71.83,0,0,2,2,2,0,No,1
STU14103,6.05,53.79,52.4,2,3,4,1,3,0,Yes,0
STU14104,7.28,71.77,77.14,0,0,1,0,2,0,Yes,0
STU14105,5.87,64.6,60.91,0,0,2,1,2,0,No,0
STU14106,4.99,56.99,43.74,2,3,4,1,3,1,No,0
STU14107,8.64,90.72,80.36,0,0,1,1,3,0,No,0
STU14108,7.46,81.42,69.01,0,0,1,2,5,0,Yes,0
STU14109,6.62,66.88,61.44,0,0,1,2,2,0,Yes,1
STU14110,6.4,51.45,54.46,0,0,1,2,2,0,Yes,0
STU14111,8.68,86.46,73.2,2,6,3,4,0,0,Yes,1
STU14112,7.68,86.91,81.67,0,0,3,2,2,0,No,1
STU14113,8.32,88.67,86.24,0,0,2,5,2,1,Yes,1
STU14114,6.33,57.23,61.49,3,9,7,5,2,2,Yes,0
STU14115,7.06,77.85,73.87,1,1,2,2,2,2,No,0
STU14116,7.46,77.07,73.0,2,4,3,2,1,0,Yes,1
STU14117,6.37,62.71,56.74,0,0,3,2,3,0,Yes,0
STU14118,6.89,68.32,69.11,1,2,2,1,2,1,No,1
STU14119,6.33,60.87,47.33,2,3,5,2,3,1,Yes,0
STU14120,7.46,78.48,69.69,3,10,3,2,3,0,No,1
STU14121,5.48,57.15,45.99,0,0,4,0,0,0,No,1
STU14122,7.66,86.18,80.13,1,2,3,2,3,0,No,1
STU14123,7.36,70.6,67.08,1,3,2,5,3,0,Yes,1
STU14124,6.77,66.23,56.83,0,0,4,5,2,0,Yes,0
STU14125,7.52,83.24,70.03,0,0,1,2,4,1,No,0
STU14126,6.58,60.41,61.01,1,3,3,1,1,1,No,0
STU14127,6.23,48.53,52.97,0,0,2,1,3,0,No,0
STU14128,7.63,71.64,65.38,2,4,2,5,2,0,Yes,1
STU14129,7.68,72.81,67.33,0,0,1,0,2,0,No,1
STU14130,6.42,56.12,56.69,1,3,3,4,3,0,Yes,1
STU14131,6.32,52.99,55.48,1,1,1,1,2,0,No,1
STU14132,6.79,70.67,61.66,1,1,5,4,2,0,Yes,1
STU14133,6.37,56.49,52.33,0,0,2,0,2,1,No,0
STU14134,8.75,94.63,88.79,1,2,3,0,3,1,No,1
STU14135,7.36,66.63,72.62,0,0,2,4,3,2,No,0
STU14136,7.02,66.06,67.19,1,2,2,0,1,0,No,0
STU14137,5.93,53.64,52.24,3,9,4,0,1,0,No,1
STU14138,7.85,84.71,86.43,2,5,3,2,2,0,Yes,1
STU14139,6.3,64.09,48.08,0,0,2,6,3,0,Yes,1
STU14140,6.25,53.4,51.1,2,3,5,2,1,0,Yes,1
STU14141,7.89,86.31,75.33,2,6,3,1,2,0,No,0
STU14142,7.45,64.48,79.12,0,0,3,5,2,0,Yes,1
STU14143,4.12,50.54,40.07,2,6,1,4,4,0,Yes,1
STU14144,6.82,56.98,57.27,1,1,7,3,2,0,Yes,1
STU14145,7.14,72.79,66.47,2,5,4,1,2,0,No,1
STU14146,6.61,68.39,59.24,1,3,1,0,3,1,No,1
STU14147,7.18,76.03,74.89,0,0,4,1,3,0,Yes,1
STU14148,4.92,36.76,41.32,0,0,3,4,2,0,Yes,0
STU14149,4.0,42.44,38.0,1,2,2,1,3,3,Yes,0
STU14150,5.88,56.89,44.12,0,0,1,0,0,0,No,0
STU14151,7.32,76.98,67.79,2,5,3,3,3,0,No,1
STU14152,4.0,46.78,57.5,0,0,2,4,3,0,Yes,0
STU14153,6.03,40.8,53.3,0,0,1,1,2,3,No,0
STU14154,4.79,53.37,46.77,1,3,2,0,2,0,No,1
STU14155,6.72,71.57,60.31,1,2,0,0,2,0,No,0
STU14156,9.25,89.82,86.67,0,0,4,5,3,0,Yes,0
STU14157,6.75,65.21,65.55,0,0,1,4,5,0,Yes,1
STU14158,6.88,68.86,66.22,1,1,2,4,2,1,Yes,0
STU14159,7.97,89.93,80.26,0,0,1,1,1,3,No,0
STU14160,7.02,69.81,65.4,0,0,3,2,2,1,Yes,0
STU14161,6.75,62.73,58.77,3,7,5,4,2,0,Yes,1
STU14162,8.07,84.42,81.68,0,0,3,1,2,0,No,1
STU14163,7.54,75.96,73.53,2,3,5,2,0,0,No,1
STU14164,7.33,72.96,82.76,1,2,2,3,4,0,Yes,1
STU14165,6.84,54.71,68.61,3,6,5,2,1,0,Yes,1
STU14166,6.6,64.67,54.48,1,1,2,0,0,0,Yes,0
STU14167,8.05,89.06,72.01,1,3,3,3,3,0,No,1
STU14168,6.61,67.8,56.28,3,7,1,5,4,0,Yes,1
STU14169,8.42,90.77,75.56,0,0,0,4,5,0,Yes,1
STU14170,5.8,51.42,45.99,0,0,1,2,1,0,No,0
STU14171,8.65,87.39,77.7,1,1,1,5,3,0,Yes,1
STU14172,7.54,83.18,71.07,2,4,1,2,1,0,No,1
STU14173,5.89,57.85,47.75,1,2,2,5,0,0,Yes,0
STU14174,7.59,85.48,74.44,2,3,5,2,1,2,Yes,1
STU14175,6.25,52.63,52.43,0,0,1,1,1,0,Yes,1
STU14176,7.04,64.45,60.11,0,0,2,2,1,1,No,0
STU14177,6.44,57.18,63.46,0,0,1,2,1,0,No,0
STU14178,6.85,59.73,64.81,0,0,1,3,2,0,Yes,0
STU14179,8.08,74.36,76.02,0,0,1,1,2,0,No,0
STU14180,7.6,79.49,68.37,0,0,0,1,2,0,Yes,1
STU14181,5.71,53.37,39.16,0,0,0,1,2,1,Yes,1
STU14182,5.77,53.0,39.28,0,0,1,2,4,0,No,1
STU14183,7.31,74.77,75.94,1,1,2,1,5,0,No,1
STU14184,7.39,65.07,76.5,1,1,3,3,3,0,Yes,1
STU14185,6.22,53.43,49.8,2,5,5,1,1,0,Yes,1
STU14186,8.83,85.66,92.61,0,0,2,0,2,0,No,0
STU14187,7.94,81.17,81.57,1,3,0,1,2,0,No,1
STU14188,6.28,48.26,55.24,1,1,1,2,1,0,Yes,1
STU14189,6.17,50.12,57.85,2,6,6,0,1,1,No,0
STU14190,6.74,61.01,64.34,1,3,1,4,4,0,Yes,1
STU14191,6.62,68.11,59.68,0,0,0,2,3,0,Yes,1
STU14192,8.44,86.86,80.84,0,0,1,2,2,0,Yes,1
STU14193,8.13,88.82,79.05,1,2,2,2,2,0,Yes,1
STU14194,7.04,67.81,55.9,2,6,7,1,3,0,No,1
STU14195,7.78,79.1,71.29,0,0,1,3,1,0,No,0
STU14196,7.95,83.98,88.79,1,2,2,0,1,0,No,1
STU14197,7.07,67.88,60.98,0,0,1,3,3,0,Yes,1
STU14198,7.46,71.12,60.76,2,6,5,2,1,0,No,1
STU14199,7.68,69.01,80.38,3,12,3,2,2,0,No,1
STU14200,7.56,72.69,74.77,2,4,1,4,1,1,No,1
STU14201,6.1,59.9,53.71,2,5,3,1,1,1,No,0
STU14202,6.22,63.82,52.31,3,8,4,3,3,0,No,1
STU14203,6.67,57.88,64.98,0,0,1,1,2,0,Yes,1
STU14204,6.19,45.46,62.04,1,2,3,0,2,0,No,1
STU14205,5.31,53.78,42.09,0,0,1,0,3,0,No,0
STU14206,7.78,79.47,79.85,1,2,2,0,1,0,No,1
STU14207,7.4,65.82,77.61,0,0,0,2,2,1,Yes,0
STU14208,5.46,35.0,42.73,1,2,2,4,3,0,Yes,0
STU14209,6.72,57.58,69.42,0,0,1,3,2,0,Yes,1
STU14210,6.79,61.7,68.16,2,4,2,1,1,1,No,1
STU14211,7.21,64.19,60.65,2,4,5,2,1,0,Yes,1
STU14212,5.76,55.55,57.97,3,7,2,0,3,1,No,0
STU14213,5.44,44.2,38.94,0,0,1,3,2,1,No,0
STU14214,7.6,76.78,69.58,2,6,5,3,1,0,Yes,1
STU14215,5.24,62.16,49.02,0,0,4,2,2,0,No,0
STU14216,6.73,64.26,66.81,0,0,3,1,1,1,No,1
STU14217,6.63,61.19,59.48,2,4,5,3,2,2,Yes,1
STU14218,6.86,64.99,58.77,0,0,2,2,1,0,No,1
STU14219,7.29,76.41,67.83,2,5,0,0,1,0,No,0
STU14220,8.84,90.73,82.19,2,3,6,1,2,0,No,1
STU14221,5.16,41.55,49.62,1,2,3,4,1,0,Yes,0
STU14222,8.01,79.17,76.2,1,1,3,5,1,0,No,1
STU14223,4.11,41.3,38.39,2,5,5,2,4,0,Yes,1
STU14224,8.6,84.53,74.37,1,1,1,3,1,0,No,1
STU14225,4.65,56.89,39.36,0,0,0,2,2,1,No,0
STU14226,9.8,93.35,85.93,1,2,4,1,1,0,Yes,1
STU14227,6.55,60.31,51.01,1,2,1,1,3,0,No,1
STU14228,8.48,93.02,72.09,2,4,2,2,4,0,No,1
STU14229,8.25,84.85,86.6,2,3,9,1,1,0,Yes,1
STU14230,6.5,50.21,51.04,1,3,5,2,2,0,Yes,0
STU14231,6.59,71.27,50.43,0,0,3,3,1,1,Yes,1
STU14232,6.04,53.15,60.5,1,1,0,1,2,0,Yes,1
STU14233,7.91,67.0,82.63,1,1,2,1,2,1,Yes,1
STU14234,6.51,50.63,63.38,1,1,4,0,1,0,No,1
STU14235,6.06,61.09,54.35,3,10,4,0,2,0,No,1
STU14236,7.62,67.48,81.85,3,9,4,2,1,1,No,1
STU14237,5.97,61.53,55.73,1,3,4,2,3,0,No,0
STU14238,6.62,62.29,56.74,2,4,7,5,1,0,Yes,1
STU14239,7.12,74.11,60.44,0,0,1,1,5,0,No,0
STU14240,6.26,55.23,46.08,0,0,1,1,1,0,Yes,0
STU14241,6.43,62.23,55.25,1,3,5,2,2,0,Yes,1
STU14242,8.77,89.0,77.51,1,2,4,2,3,2,No,1
STU14243,6.77,63.85,56.29,1,2,2,2,3,0,No,0
STU14244,6.59,54.9,57.38,0,0,3,3,4,0,No,0
STU14245,6.8,66.82,70.06,1,1,1,2,3,2,Yes,1
STU14246,7.52,64.8,63.64,1,2,3,1,2,0,Yes,1
STU14247,5.81,57.48,49.07,1,1,4,0,4,0,No,0
STU14248,7.49,76.48,64.79,0,0,2,1,3,1,No,0
STU14249,7.29,75.22,66.09,1,3,2,1,4,0,No,0
STU14250,4.94,35.0,49.25,1,3,4,2,3,0,No,0
STU14251,9.06,81.54,80.2,1,2,4,0,4,1,Yes,0
STU14252,8.68,83.63,82.08,1,1,6,1,3,0,No,1
STU14253,6.08,58.61,52.42,1,1,0,3,4,0,Yes,0
STU14254,5.71,45.34,52.21,0,0,1,2,1,0,Yes,1
STU14255,7.26,87.2,65.63,0,0,2,3,4,0,Yes,1
STU14256,5.36,46.97,53.11,0,0,0,3,2,0,Yes,0
STU14257,8.57,79.94,80.36,1,2,4,2,2,2,No,1
STU14258,6.46,58.33,59.36,2,6,4,3,3,0,Yes,1
STU14259,8.87,81.87,83.44,2,3,2,0,5,0,No,1
STU14260,6.05,47.12,55.68,1,2,6,7,2,0,Yes,1
STU14261,6.87,71.83,74.93,1,3,1,0,3,0,No,1
STU14262,8.46,88.43,80.68,3,8,1,3,3,1,No,1
STU14263,6.63,65.04,58.85,3,8,5,2,1,0,Yes,1
STU14264,7.31,80.33,67.08,3,9,5,4,2,0,Yes,1
STU14265,8.26,86.75,77.32,0,0,0,2,3,0,No,1
STU14266,6.36,51.69,50.9,1,1,3,2,1,0,Yes,0
STU14267,5.55,54.05,46.69,1,3,1,4,2,1,Yes,1
STU14268,5.32,41.56,40.66,0,0,1,2,3,0,No,0
STU14269,7.67,74.92,70.31,0,0,0,0,1,0,No,0
STU14270,7.45,74.33,52.61,0,0,3,0,2,0,Yes,1
STU14271,8.22,82.59,88.79,0,0,2,3,1,0,Yes,1
STU14272,6.68,51.99,69.6,1,1,1,0,2,0,No,1
STU14273,5.35,42.7,49.4,0,0,0,1,2,0,Yes,0
STU14274,4.29,45.3,37.19,1,1,5,1,4,0,Yes,0
STU14275,10.0,86.23,79.31,0,0,3,0,3,0,No,0
STU14276,7.61,83.58,64.43,2,4,1,0,2,0,Yes,1
STU14277,7.16,78.11,71.16,0,0,3,2,2,2,Yes,0
STU14278,7.32,66.08,77.39,1,3,2,2,2,0,No,0
STU14279,5.35,48.87,46.5,0,0,4,1,1,0,Yes,0
STU14280,6.09,64.14,56.79,1,1,1,2,1,1,Yes,1
STU14281,9.0,87.29,87.76,0,0,2,3,1,1,Yes,0
STU14282,7.76,76.36,71.17,3,12,6,1,1,0,No,1
STU14283,6.12,60.24,58.13,1,3,2,2,2,0,Yes,1
STU14284,5.59,48.4,52.72,0,0,2,0,2,0,No,0
STU14285,6.41,66.38,49.81,2,5,4,3,3,0,Yes,0
STU14286,6.64,58.51,63.92,1,2,0,1,1,0,No,0
STU14287,9.36,86.23,85.19,0,0,1,1,3,0,No,1
STU14288,6.78,69.12,59.81,1,2,2,1,4,0,Yes,0
STU14289,5.63,50.96,49.7,0,0,0,2,3,0,No,0
STU14290,6.93,67.42,65.93,1,1,1,1,2,0,Yes,1
STU14291,7.3,61.11,74.9,0,0,3,1,3,0,Yes,1
STU14292,5.53,47.53,41.55,0,0,2,1,2,1,No,0
STU14293,7.46,80.03,75.24,1,1,4,1,2,0,Yes,1
STU14294,8.39,80.19,74.93,0,0,2,1,2,0,No,1
STU14295,7.16,74.56,66.28,2,3,2,2,3,0,No,0
STU14296,6.08,56.23,50.95,2,3,2,3,3,0,Yes,1
STU14297,6.39,57.36,61.38,0,0,0,1,3,0,Yes,0
STU14298,5.09,55.38,44.29,0,0,2,2,2,0,Yes,0
STU14299,6.85,63.32,60.79,0,0,3,6,3,2,Yes,0
STU14300,7.36,71.69,78.87,1,3,1,4,3,3,Yes,0
STU14301,5.97,52.17,47.86,2,4,2,2,3,0,No,1
STU14302,9.23,89.27,82.96,0,0,4,1,2,0,Yes,1
STU14303,7.91,85.22,66.36,0,0,1,1,4,0,No,0
STU14304,4.94,37.81,42.35,1,2,4,2,1,0,Yes,0
STU14305,4.96,51.95,38.1,1,3,3,2,2,0,No,1
STU14306,5.87,52.88,47.97,0,0,0,1,2,0,No,0
STU14307,8.81,90.64,85.75,0,0,0,3,2,0,Yes,1
STU14308,8.02,96.11,72.25,0,0,2,0,2,0,No,0
STU14309,8.87,84.53,79.66,0,0,1,1,1,0,No,1
STU14310,7.01,60.71,55.46,1,2,5,0,3,0,No,0
STU14311,6.76,65.14,57.92,0,0,1,1,1,0,No,1
STU14312,5.57,52.03,41.25,0,0,1,1,3,0,No,0
STU14313,7.4,79.19,83.82,2,3,6,1,3,0,Yes,1
STU14314,6.77,61.0,70.25,0,0,1,2,2,0,No,0
STU14315,6.73,58.53,68.56,2,4,5,3,4,0,Yes,1
STU14316,8.86,78.36,76.79,0,0,0,3,5,0,Yes,0
STU14317,6.85,57.3,61.44,1,3,0,3,1,0,No,1
STU14318,8.53,83.33,75.6,3,11,4,2,1,0,No,1
STU14319,5.17,46.92,55.68,1,1,2,0,4,0,No,0
STU14320,10.0,100.0,91.88,0,0,3,1,3,1,No,1
STU14321,6.57,50.9,51.74,2,4,2,3,2,2,Yes,0
STU14322,7.81,81.46,78.66,1,3,3,2,1,0,Yes,1
STU14323,8.0,77.15,69.61,2,3,3,1,0,2,Yes,1
STU14324,6.43,60.34,55.19,0,0,0,3,1,1,Yes,1
STU14325,7.94,77.61,76.88,0,0,1,2,2,0,No,1
STU14326,8.0,87.79,83.01,2,5,5,2,1,0,No,1
STU14327,6.18,61.97,58.72,1,1,3,2,2,0,No,0
STU14328,6.19,55.24,53.04,1,3,1,2,2,1,Yes,1
STU14329,7.05,77.37,64.39,1,2,3,1,1,0,Yes,0
STU14330,6.87,70.26,43.29,1,2,1,2,3,0,No,0
STU14331,8.6,94.58,92.6,2,5,7,5,3,1,Yes,1
STU14332,7.81,79.11,72.42,0,0,1,1,2,1,No,1
STU14333,6.92,72.21,64.11,2,3,6,2,2,0,No,1
STU14334,7.7,73.5,88.66,0,0,2,2,1,0,Yes,1
STU14335,4.65,40.69,35.74,1,3,2,4,2,0,Yes,1
STU14336,6.29,70.26,54.31,3,9,3,0,1,0,No,1
STU14337,7.33,66.43,72.93,1,1,2,1,3,0,Yes,1
STU14338,8.28,81.43,87.6,1,1,3,3,1,0,Yes,1
STU14339,7.23,60.02,68.42,3,6,4,1,1,0,Yes,1
STU14340,8.68,81.58,90.71,0,0,1,2,2,0,No,1
STU14341,8.0,75.56,76.03,1,3,4,3,2,0,No,1
STU14342,6.44,55.11,59.39,2,4,4,3,2,0,Yes,0
STU14343,6.84,67.09,64.77,1,3,1,3,3,3,No,0
STU14344,7.47,78.2,71.41,0,0,1,1,1,0,Yes,1
STU14345,6.48,53.79,58.77,3,10,4,1,3,0,No,0
STU14346,8.76,82.36,78.85,2,5,1,3,2,0,Yes,1
STU14347,5.72,57.63,46.33,3,7,0,2,2,3,No,0
STU14348,7.36,83.64,62.69,1,3,2,1,3,3,No,1
STU14349,7.85,87.34,74.15,0,0,3,4,2,0,Yes,1
STU14350,6.64,52.22,65.93,3,12,7,0,1,0,Yes,1
STU14351,6.38,65.51,57.9,2,4,4,3,1,0,No,0
STU14352,6.91,77.54,65.27,1,2,3,1,3,0,No,0
STU14353,7.93,70.67,68.26,0,0,1,3,2,0,No,1
STU14354,6.43,65.47,57.89,2,3,2,1,2,0,No,0
STU14355,5.77,52.87,48.14,1,2,1,7,3,0,Yes,1
STU14356,8.32,82.44,84.62,0,0,2,5,1,0,Yes,1
STU14357,7.46,75.45,80.11,1,1,3,3,0,0,Yes,1
STU14358,8.16,85.59,77.48,3,9,6,3,1,0,No,1
STU14359,7.87,87.08,75.24,1,2,1,4,3,0,Yes,1
STU14360,9.51,95.96,91.83,1,3,4,5,1,0,Yes,0
STU14361,8.28,75.0,77.42,1,2,3,2,1,1,Yes,0
STU14362,6.17,51.76,53.18,1,1,3,1,4,0,No,0
STU14363,7.54,76.55,61.01,1,3,3,2,0,0,Yes,1
STU14364,6.36,67.5,53.22,0,0,3,1,3,0,Yes,0
STU14365,6.48,43.36,64.55,0,0,0,0,4,0,No,0
STU14366,5.38,44.99,47.66,2,6,2,3,1,0,Yes,1
STU14367,6.67,53.4,64.96,0,0,1,0,1,1,Yes,1
STU14368,7.63,68.89,79.85,1,3,5,2,3,0,No,1
STU14369,6.92,72.48,71.67,0,0,0,1,2,0,No,1
STU14370,5.74,48.04,46.15,2,4,5,0,2,0,No,0
STU14371,5.25,35.0,50.61,0,0,5,3,1,0,Yes,0
STU14372,9.43,88.26,99.7,1,1,2,1,2,0,Yes,1
STU14373,7.37,85.77,70.4,0,0,2,0,5,0,No,0
STU14374,6.05,43.41,43.33,0,0,2,0,1,0,No,0
STU14375,7.53,79.05,69.28,0,0,2,2,2,0,No,1
STU14376,9.52,98.76,89.16,3,6,0,0,1,0,No,1
STU14377,7.71,78.01,65.33,0,0,0,1,5,0,Yes,0
STU14378,4.0,56.69,37.55,0,0,1,0,2,0,Yes,0
STU14379,10.0,85.93,84.91,0,0,1,1,1,3,No,0
STU14380,4.87,55.11,44.1,1,2,3,6,3,0,Yes,1
STU14381,6.76,71.29,71.81,0,0,1,5,3,0,Yes,0
STU14382,5.7,50.68,52.0,1,3,2,3,1,0,Yes,1
STU14383,6.15,46.5,45.74,1,1,0,4,4,0,Yes,0
STU14384,7.33,66.88,93.1,1,1,4,4,2,0,Yes,0
STU14385,4.62,35.0,42.77,0,0,2,5,3,0,Yes,0
STU14386,6.9,69.75,53.1,1,3,3,8,4,0,Yes,0
STU14387,8.32,87.2,75.12,0,0,2,1,2,0,No,1
STU14388,6.03,54.49,44.82,2,5,8,5,3,0,Yes,0
STU14389,5.4,48.07,37.72,2,6,2,1,1,0,Yes,0
STU14390,6.84,73.44,65.37,0,0,2,3,0,0,Yes,0
STU14391,6.61,63.42,42.63,1,3,1,0,2,0,No,0
STU14392,6.32,54.1,60.33,3,7,3,3,2,3,Yes,1
STU14393,5.63,51.26,52.27,0,0,2,1,1,0,No,0
STU14394,7.6,88.98,70.96,0,0,0,2,1,0,Yes,0
STU14395,7.68,81.7,80.46,1,2,4,1,0,0,Yes,1
STU14396,5.77,49.2,41.98,0,0,2,7,2,1,Yes,1
STU14397,5.93,52.81,45.02,2,3,4,2,1,0,Yes,1
STU14398,7.16,73.09,70.61,2,3,5,3,2,0,Yes,1
STU14399,5.89,50.16,48.43,1,1,1,2,4,0,Yes,0
STU14400,7.21,67.98,64.28,3,8,3,2,3,0,Yes,0
STU14401,8.69,86.65,83.03,0,0,0,3,2,0,Yes,1
STU14402,6.93,75.84,71.64,2,4,2,1,2,0,Yes,1
STU14403,5.6,54.91,54.84,0,0,3,4,3,0,Yes,1
STU14404,7.45,72.21,74.23,2,5,7,1,3,0,No,1
STU14405,6.8,69.84,59.5,2,3,3,2,2,0,No,1
STU14406,6.83,65.19,65.27,0,0,2,1,1,2,No,0
STU14407,7.55,78.15,67.91,0,0,4,3,2,0,Yes,1
STU14408,7.79,80.76,83.26,0,0,3,3,1,0,No,1
STU14409,7.04,55.89,71.26,1,3,2,1,2,0,No,0
STU14410,6.93,48.42,75.29,3,12,6,1,5,0,Yes,0
STU14411,9.37,90.47,81.3,1,3,5,1,2,0,No,1
STU14412,8.38,79.7,76.26,1,2,2,2,1,0,No,1
STU14413,7.96,71.27,81.42,1,1,2,6,3,0,Yes,1
STU14414,7.15,65.28,65.57,0,0,1,2,4,0,No,0
STU14415,5.84,57.76,55.2,1,3,4,3,0,0,Yes,1
STU14416,8.3,86.31,89.07,0,0,0,5,1,1,Yes,1
STU14417,7.17,75.06,77.64,2,3,4,1,4,0,No,1
STU14418,6.34,60.44,55.07,1,3,0,3,3,0,No,1
STU14419,6.72,57.79,65.59,1,1,4,0,3,2,No,0
STU14420,5.89,57.32,46.56,0,0,0,1,2,0,Yes,0
STU14421,8.22,86.94,81.73,1,3,2,1,0,0,No,1
STU14422,7.79,78.43,75.82,0,0,4,1,2,0,Yes,1
STU14423,7.21,71.45,67.46,0,0,1,4,2,0,Yes,1
STU14424,6.95,71.83,75.02,2,6,3,3,1,3,Yes,0
STU14425,6.22,51.72,45.16,1,2,4,0,2,0,Yes,1
STU14426,4.55,52.28,42.72,0,0,4,0,1,0,No,0
STU14427,5.38,52.03,45.96,2,5,4,1,2,0,Yes,0
STU14428,6.15,55.39,56.24,0,0,1,4,1,0,No,0
STU14429,5.97,62.68,43.91,1,3,1,2,2,0,Yes,0
STU14430,7.33,65.21,68.18,1,2,1,0,3,1,No,1
STU14431,7.93,78.08,74.26,0,0,2,2,3,0,Yes,1
STU14432,6.85,61.38,48.96,0,0,1,2,3,0,Yes,1
STU14433,8.62,88.48,90.31,0,0,2,2,0,1,Yes,0
STU14434,6.1,61.93,43.01,0,0,0,3,2,0,Yes,0
STU14435,6.84,59.44,52.72,0,0,4,1,3,0,No,1
STU14436,6.94,86.76,69.61,0,0,1,1,1,0,No,0
STU14437,8.26,79.85,78.82,2,3,3,3,1,2,No,1
STU14438,7.12,71.98,65.02,0,0,1,5,3,0,Yes,1
STU14439,7.15,70.28,65.57,0,0,0,3,2,0,Yes,1
STU14440,5.1,47.54,50.71,1,1,4,4,5,0,No,0
STU14441,5.97,48.64,47.08,0,0,0,1,1,0,Yes,0
STU14442,8.26,90.27,84.44,1,3,3,7,1,0,Yes,1
STU14443,4.61,40.74,36.01,1,3,2,4,0,2,Yes,0
STU14444,8.54,75.29,84.88,2,3,0,1,2,0,No,1
STU14445,7.57,69.71,78.86,0,0,1,1,3,0,No,0
STU14446,6.14,64.0,60.76,0,0,1,2,2,3,Yes,0
STU14447,6.04,61.63,41.83,0,0,1,1,2,0,No,0
STU14448,9.18,76.61,83.88,1,3,5,1,1,2,No,1
STU14449,8.62,91.24,92.95,0,0,0,4,4,1,Yes,0
STU14450,6.86,53.73,68.15,1,2,3,1,1,0,No,0
STU14451,7.15,70.11,66.08,2,5,5,5,2,0,Yes,1
STU14452,6.26,49.49,53.76,1,2,2,2,4,0,Yes,0
STU14453,7.16,75.63,69.07,0,0,0,0,1,0,No,0
STU14454,6.23,59.65,51.08,1,1,2,1,1,0,No,0
STU14455,6.91,72.26,66.66,0,0,0,0,1,0,Yes,0
STU14456,9.08,86.59,88.31,2,3,4,0,3,0,No,1
STU14457,6.89,64.92,56.38,0,0,1,1,2,0,No,0
STU14458,5.79,42.73,45.78,2,3,1,2,1,0,No,0
STU14459,5.43,42.82,43.28,3,10,3,3,1,0,Yes,0
STU14460,7.15,75.83,65.6,0,0,2,3,2,0,No,1
STU14461,6.12,57.33,53.74,2,5,6,0,2,0,No,0
STU14462,7.28,72.89,70.35,2,3,2,4,1,0,Yes,1
STU14463,5.14,55.02,40.13,1,1,1,1,3,0,No,0
STU14464,7.79,71.43,84.27,2,6,1,1,2,0,No,0
STU14465,5.78,55.91,48.62,1,1,1,1,3,0,No,0
STU14466,7.05,61.67,74.53,1,2,1,2,2,1,Yes,0
STU14467,6.61,70.5,67.27,1,2,2,4,3,1,No,1
STU14468,8.98,91.23,78.61,3,6,4,4,3,0,Yes,1
STU14469,7.2,76.7,64.97,1,3,4,4,3,0,Yes,0
STU14470,9.24,84.59,83.3,0,0,4,2,2,1,Yes,1
STU14471,7.64,90.52,76.3,1,2,5,1,2,0,Yes,1
STU14472,8.64,98.43,87.8,2,5,4,2,2,1,Yes,0
STU14473,6.76,66.57,61.87,2,3,3,0,2,0,No,0
STU14474,7.4,80.94,67.58,0,0,2,1,1,3,No,0
STU14475,8.4,83.14,91.86,1,1,3,0,3,3,No,0
STU14476,8.04,74.32,76.3,1,3,4,5,1,0,No,1
STU14477,7.61,81.67,78.34,1,3,4,3,2,0,Yes,1
STU14478,6.62,56.32,58.61,1,3,2,2,1,0,Yes,0
STU14479,6.82,72.87,61.62,0,0,1,3,3,0,Yes,1
STU14480,8.31,90.57,85.33,0,0,1,0,2,0,No,0
STU14481,8.55,87.33,92.18,0,0,1,0,2,0,No,1
STU14482,6.32,58.55,56.3,1,2,2,4,5,1,No,0
STU14483,6.14,61.3,49.43,0,0,2,2,1,0,No,0
STU14484,5.96,54.98,59.21,2,6,7,1,2,1,No,0
STU14485,7.95,78.64,81.03,0,0,0,3,2,0,No,1
STU14486,5.93,43.96,51.07,0,0,0,3,1,1,Yes,0
STU14487,7.94,86.67,84.08,2,5,3,4,2,0,No,1
STU14488,7.63,79.33,76.06,0,0,3,2,1,0,Yes,1
STU14489,6.37,74.8,70.0,0,0,1,2,2,1,No,0
STU14490,8.8,86.69,84.27,0,0,1,3,3,0,Yes,1
STU14491,5.32,50.12,52.2,1,3,2,0,4,0,Yes,1
STU14492,8.91,89.71,87.4,0,0,0,2,1,0,Yes,1
STU14493,7.37,77.36,73.08,2,4,2,1,1,0,No,1
STU14494,4.62,40.06,40.69,1,2,4,2,3,0,Yes,1
STU14495,8.83,86.96,82.28,0,0,4,0,1,0,No,1
STU14496,8.12,87.54,82.55,1,2,2,1,2,2,No,0
STU14497,6.51,58.17,51.95,2,4,4,3,2,0,Yes,1
STU14498,5.89,57.44,46.24,2,6,4,0,3,1,No,0
STU14499,5.2,48.29,44.8,0,0,2,5,2,0,Yes,0
STU14500,9.78,92.03,94.06,2,5,5,1,4,0,No,1
STU14501,5.94,60.02,50.59,0,0,3,1,1,0,Yes,1
STU14502,5.55,48.42,47.18,0,0,0,3,1,0,Yes,0
STU14503,7.31,63.9,63.26,1,2,0,1,3,0,No,0
STU14504,5.12,45.76,54.53,2,4,5,1,2,0,No,0
STU14505,5.87,47.55,56.14,1,2,1,4,3,0,Yes,0
STU14506,8.14,70.04,87.11,1,3,1,1,1,0,No,1
STU14507,7.53,75.25,64.18,0,0,4,2,3,0,Yes,1
STU14508,6.56,62.03,59.95,0,0,2,1,1,0,No,0
STU14509,7.02,74.37,59.61,2,6,5,2,2,0,Yes,1
STU14510,6.49,53.1,61.57,1,1,1,3,3,2,Yes,0
STU14511,6.93,67.19,65.59,1,2,2,4,2,1,Yes,0
STU14512,6.12,61.88,55.22,0,0,2,5,2,0,Yes,1
STU14513,6.33,54.23,50.38,0,0,1,0,2,0,No,0
STU14514,6.3,60.46,48.0,0,0,1,2,2,0,Yes,0
STU14515,6.17,65.21,48.78,1,3,4,2,3,0,Yes,1
STU14516,8.2,72.1,82.12,0,0,0,1,1,0,No,0
STU14517,7.89,81.95,75.86,1,1,0,2,2,0,No,1
STU14518,5.93,60.0,51.54,0,0,2,2,5,0,No,0
STU14519,5.63,48.22,41.18,0,0,1,4,1,1,Yes,0
STU14520,6.82,73.35,61.99,1,2,3,0,1,0,No,0
STU14521,9.48,93.1,94.67,1,3,1,0,1,0,No,0
STU14522,5.82,62.6,50.98,2,3,0,2,1,0,No,0
STU14523,6.81,68.46,64.33,1,3,2,3,1,0,Yes,1
STU14524,7.1,80.59,68.89,0,0,2,2,1,0,No,0
STU14525,6.88,67.62,59.75,0,0,3,3,2,0,Yes,1
STU14526,6.47,51.45,66.45,1,1,1,1,1,0,No,0
STU14527,8.33,80.65,83.58,0,0,1,1,1,0,No,1
STU14528,7.52,81.81,73.77,0,0,3,2,2,0,No,1
STU14529,7.97,87.25,82.38,1,2,0,2,2,0,No,1
STU14530,7.68,76.02,80.53,1,2,3,2,0,0,Yes,1
STU14531,8.03,92.62,71.32,0,0,3,1,0,0,No,1
STU14532,8.82,85.25,84.71,1,2,2,0,3,0,No,1
STU14533,8.53,88.6,96.24,0,0,1,0,2,0,No,1
STU14534,9.67,92.12,96.45,1,1,2,0,1,0,No,1
STU14535,8.4,76.97,81.31,0,0,3,4,2,1,Yes,1
STU14536,6.23,55.73,57.76,1,1,1,1,2,0,No,0
STU14537,7.97,95.56,76.32,1,3,2,2,3,1,Yes,1
STU14538,7.82,73.94,78.59,0,0,4,2,2,0,Yes,1
STU14539,9.21,92.47,82.97,0,0,2,1,4,0,No,1
STU14540,5.89,45.73,46.8,2,4,2,1,5,0,Yes,0
STU14541,7.64,71.78,70.83,2,4,2,4,1,0,No,1
STU14542,6.22,47.72,63.3,0,0,4,3,1,0,Yes,1
STU14543,7.59,82.26,70.73,1,3,3,3,2,0,No,0
STU14544,6.75,58.66,67.74,2,6,8,1,3,0,No,1
STU14545,7.55,83.74,70.55,0,0,0,2,5,0,No,1
STU14546,5.38,45.48,42.39,1,3,2,4,5,0,Yes,1
STU14547,7.91,81.4,79.97,1,3,0,4,3,0,Yes,1
STU14548,7.24,74.02,60.76,0,0,2,0,0,0,Yes,0
STU14549,7.18,60.87,71.56,0,0,1,2,4,0,Yes,1
STU14550,9.24,90.04,85.0,2,3,5,1,1,1,No,0
STU14551,6.56,63.0,54.6,1,3,2,5,3,0,Yes,1
STU14552,7.39,80.69,66.26,1,3,2,1,3,0,Yes,1
STU14553,7.12,63.95,78.53,1,1,3,2,3,0,Yes,1
STU14554,7.23,66.48,68.17,1,2,0,3,3,0,No,0
STU14555,9.56,93.34,85.92,2,6,5,1,3,0,Yes,1
STU14556,7.07,77.5,71.26,1,1,2,2,3,0,Yes,1
STU14557,6.35,54.3,49.81,1,2,1,1,1,0,No,0
STU14558,9.15,81.15,92.37,0,0,3,6,5,0,Yes,1
STU14559,6.65,60.29,58.97,0,0,1,0,3,0,No,0
STU14560,5.15,41.44,36.22,2,5,6,3,0,0,Yes,1
STU14561,6.15,57.79,49.22,1,3,4,0,3,0,No,0
STU14562,5.57,43.44,40.35,1,3,1,0,2,0,No,1
STU14563,4.93,52.48,44.13,0,0,0,1,2,2,Yes,1
STU14564,6.58,62.51,53.47,2,6,9,1,1,0,No,0
STU14565,6.92,72.53,58.08,0,0,3,1,2,0,No,0
STU14566,8.36,70.11,83.4,2,4,6,2,2,0,Yes,1
STU14567,7.72,67.86,75.67,1,2,3,0,3,0,No,1
STU14568,7.67,85.56,82.06,2,3,3,0,3,2,No,1
STU14569,5.97,49.17,57.47,0,0,0,2,2,1,No,0
STU14570,8.02,72.89,79.06,1,3,5,0,1,1,Yes,0
STU14571,8.6,84.99,86.21,2,3,2,2,2,3,No,1
STU14572,7.45,76.16,63.26,0,0,0,1,2,0,No,0
STU14573,7.49,74.26,76.39,1,1,4,1,3,0,No,1
STU14574,5.55,52.58,49.23,0,0,1,2,2,0,Yes,0
STU14575,8.21,85.4,86.12,1,3,4,5,2,0,No,1
STU14576,9.05,89.92,83.4,1,2,1,0,2,0,Yes,1
STU14577,7.37,81.59,68.72,2,5,3,1,2,0,No,0
STU14578,6.32,57.36,52.7,3,9,1,4,2,0,Yes,1
STU14579,6.81,64.68,70.55,3,8,7,2,4,1,No,1
STU14580,6.52,65.09,58.97,1,2,3,3,3,0,Yes,1
STU14581,6.59,64.58,49.29,1,3,2,0,1,1,Yes,0
STU14582,7.75,73.27,79.55,1,3,4,5,3,0,Yes,1
STU14583,7.32,72.26,67.03,1,3,1,4,2,0,No,0
STU14584,8.15,85.53,86.41,2,3,8,1,2,1,No,1
STU14585,7.43,70.79,74.55,0,0,1,0,2,1,No,0
STU14586,6.01,50.54,58.22,1,2,6,0,1,0,No,0
STU14587,6.42,50.61,62.2,0,0,3,1,3,0,Yes,1
STU14588,6.35,40.66,60.58,0,0,0,4,1,0,Yes,1
STU14589,6.79,62.18,68.23,2,4,0,1,2,1,No,0
STU14590,9.06,89.07,90.2,1,2,3,0,2,0,No,1
STU14591,9.25,82.26,81.67,1,1,5,2,1,0,No,1
STU14592,7.96,89.4,71.27,0,0,4,2,1,0,No,1
STU14593,7.14,63.75,62.05,0,0,1,0,2,0,Yes,1
STU14594,5.43,54.51,50.42,1,2,2,3,3,0,Yes,1
STU14595,7.25,74.3,55.45,0,0,2,4,0,2,Yes,0
STU14596,6.09,67.78,51.63,1,2,1,3,1,3,Yes,0
STU14597,8.88,90.88,83.05,1,1,2,1,3,0,Yes,1
STU14598,5.15,38.84,51.86,1,2,1,0,1,1,No,0
STU14599,7.44,80.85,70.82,0,0,0,2,1,0,Yes,0
STU14600,5.99,63.84,48.44,0,0,4,2,1,0,No,0
STU14601,6.99,57.02,72.55,0,0,1,3,2,0,Yes,1
STU14602,7.77,82.74,75.35,1,3,2,2,2,0,Yes,1
STU14603,8.18,88.24,78.56,2,4,4,4,2,3,Yes,1
STU14604,6.93,65.42,60.76,1,1,3,0,1,1,No,0
STU14605,7.88,65.63,78.87,2,3,2,3,1,0,No,1
STU14606,6.24,54.71,51.5,2,4,2,1,0,0,Yes,1
STU14607,7.28,68.77,67.28,0,0,2,2,2,0,Yes,0
STU14608,8.15,92.06,88.58,1,3,6,2,1,0,Yes,1
STU14609,7.38,73.16,70.98,1,3,3,1,2,0,No,1
STU14610,6.39,56.07,52.86,1,3,3,1,4,0,No,0
STU14611,6.68,59.14,53.69,2,4,1,3,1,0,No,1
STU14612,8.17,84.96,81.2,1,1,1,2,2,1,Yes,1
STU14613,5.74,51.64,44.94,1,1,0,1,3,0,Yes,0
STU14614,5.91,48.16,47.69,0,0,3,2,0,0,Yes,0
STU14615,7.69,79.64,69.94,0,0,0,1,0,0,No,0
STU14616,6.49,56.67,58.19,0,0,0,1,2,0,No,0
STU14617,5.33,35.0,37.56,0,0,1,0,1,1,Yes,0
STU14618,8.55,89.95,85.41,1,3,5,0,3,0,No,1
STU14619,5.74,54.66,44.94,0,0,1,2,2,1,No,0
STU14620,6.77,65.37,65.47,0,0,1,1,1,0,Yes,1
STU14621,6.29,54.48,57.04,1,1,2,3,4,0,Yes,0
STU14622,6.66,61.94,60.0,2,3,1,3,5,1,Yes,0
STU14623,5.98,58.47,55.64,0,0,1,0,3,1,No,1
STU14624,7.82,75.74,85.87,1,3,1,4,5,0,Yes,1
STU14625,7.13,75.05,74.51,0,0,1,5,3,0,Yes,0
STU14626,8.13,73.83,71.82,2,4,2,1,2,2,Yes,1
STU14627,6.3,58.28,50.64,1,2,2,1,1,0,No,0
STU14628,9.45,89.41,83.36,1,2,1,0,1,0,Yes,1
STU14629,4.81,52.25,47.07,1,2,6,2,1,0,No,0
STU14630,5.18,42.12,41.5,2,5,2,3,3,0,Yes,0
STU14631,9.02,83.26,81.75,1,2,3,4,1,0,Yes,1
STU14632,7.55,67.7,68.66,2,5,2,1,3,0,Yes,1
STU14633,7.39,70.43,72.62,0,0,3,1,2,0,No,0
STU14634,7.5,76.89,76.16,1,1,2,5,3,0,Yes,1
STU14635,7.66,66.8,67.32,0,0,1,2,1,0,Yes,0
STU14636,7.34,70.46,67.03,0,0,4,4,2,0,Yes,1
STU14637,5.89,56.33,38.3,1,2,4,2,0,0,Yes,0
STU14638,7.94,80.31,63.57,0,0,1,2,4,0,No,0
STU14639,7.76,79.28,78.73,0,0,0,0,1,0,No,1
STU14640,8.64,77.44,85.37,0,0,2,3,3,0,Yes,1
STU14641,9.03,87.57,86.2,0,0,4,3,4,0,Yes,1
STU14642,7.38,73.83,80.17,1,3,2,1,0,0,No,1
STU14643,5.59,49.06,36.99,0,0,3,2,2,0,Yes,0
STU14644,9.04,89.12,72.72,2,4,0,2,2,0,No,1
STU14645,5.83,50.23,42.35,0,0,2,2,1,0,No,0
STU14646,7.39,71.04,58.06,3,11,2,2,2,1,No,0
STU14647,6.7,56.83,56.39,1,1,4,6,4,0,Yes,1
STU14648,6.5,65.97,60.62,1,1,4,1,2,2,No,0
STU14649,7.88,72.86,79.0,1,2,2,4,1,0,Yes,1
STU14650,7.28,73.17,75.38,0,0,1,1,3,0,No,1
STU14651,7.59,87.51,75.85,1,1,2,3,3,0,Yes,0
STU14652,6.06,60.99,48.96,0,0,2,0,1,0,No,0
STU14653,6.8,67.75,58.54,2,4,3,3,3,0,Yes,1
STU14654,6.12,56.49,54.62,2,6,3,0,2,0,Yes,1
STU14655,6.77,63.4,51.99,0,0,0,0,2,0,No,0
STU14656,6.86,60.23,43.57,1,2,2,5,0,1,Yes,0
STU14657,9.12,86.96,87.83,0,0,2,0,1,1,No,1
STU14658,6.7,66.48,61.43,0,0,3,1,1,1,No,0
STU14659,4.56,48.1,52.18,0,0,2,3,1,0,No,1
STU14660,8.6,90.96,87.41,1,3,2,0,1,0,Yes,1
STU14661,7.52,82.93,74.46,2,3,0,3,2,0,Yes,1
STU14662,6.85,64.48,60.56,0,0,2,3,1,0,No,0
STU14663,6.5,61.18,52.16,1,2,0,0,3,3,No,0
STU14664,5.91,41.48,48.19,0,0,1,1,3,1,Yes,0
STU14665,9.23,100.0,91.52,1,1,1,3,1,0,Yes,1
STU14666,7.06,66.35,68.61,0,0,2,4,0,0,Yes,1
STU14667,5.0,50.79,49.48,0,0,2,3,1,0,Yes,1
STU14668,7.38,71.11,71.23,0,0,2,2,2,0,Yes,1
STU14669,8.39,82.25,76.48,1,1,1,3,4,0,Yes,1
STU14670,7.18,69.21,74.6,1,3,3,2,1,1,No,1
STU14671,5.96,45.9,56.79,0,0,1,1,2,0,Yes,1
STU14672,5.86,37.49,50.48,0,0,0,3,0,0,No,0
STU14673,5.95,60.13,53.51,1,3,2,1,2,0,Yes,0
STU14674,8.75,90.33,87.06,1,2,1,2,1,0,Yes,1
STU14675,6.92,60.98,60.66,0,0,4,4,1,0,Yes,1
STU14676,5.07,49.88,42.61,2,4,2,1,1,0,No,1
STU14677,7.44,79.45,66.05,1,1,5,1,5,0,Yes,1
STU14678,7.16,66.23,65.8,2,4,3,4,2,0,Yes,1
STU14679,6.48,62.29,63.01,2,3,5,0,2,0,No,1
STU14680,5.83,58.1,54.11,1,2,2,1,3,0,Yes,0
STU14681,5.78,42.92,51.91,0,0,1,3,3,1,No,0
STU14682,8.25,86.96,86.52,1,3,2,0,2,3,No,1
STU14683,7.28,74.47,67.09,1,1,2,4,2,1,Yes,1
STU14684,7.55,87.41,66.09,0,0,1,2,2,0,No,1
STU14685,7.28,75.57,68.29,0,0,1,0,3,0,No,0
STU14686,7.38,71.12,70.12,0,0,2,1,2,0,No,0
STU14687,6.46,57.69,60.51,1,3,1,3,2,1,No,0
STU14688,6.76,76.18,64.11,1,2,2,3,2,1,Yes,0
STU14689,8.34,82.39,87.58,3,6,6,2,3,0,No,1
STU14690,8.63,89.89,71.29,1,2,4,3,2,1,No,1
STU14691,5.59,48.66,42.3,0,0,2,3,2,0,Yes,0
STU14692,6.76,70.48,60.45,2,6,3,3,1,0,No,1
STU14693,7.97,87.95,81.04,3,12,5,2,2,0,No,1
STU14694,9.16,88.46,98.16,1,3,1,1,2,0,No,1
STU14695,9.05,85.81,79.38,2,6,4,4,5,0,Yes,1
STU14696,6.08,52.05,47.37,1,3,0,1,1,0,No,0
STU14697,8.47,75.04,79.87,0,0,1,2,1,0,No,1
STU14698,7.07,69.56,61.48,0,0,2,2,0,0,Yes,0
STU14699,8.2,83.76,74.95,1,3,4,1,2,1,Yes,1
STU14700,7.91,75.65,77.83,3,6,6,3,1,2,Yes,1
STU14701,5.55,38.77,52.68,0,0,2,1,2,0,No,0
STU14702,7.63,78.44,74.92,2,6,2,2,5,0,No,1
STU14703,8.16,84.91,74.75,0,0,1,2,1,0,Yes,0
STU14704,6.98,69.83,63.29,1,3,0,2,1,0,Yes,0
STU14705,6.72,57.3,54.01,1,1,2,1,1,0,Yes,1
STU14706,5.19,50.07,50.59,0,0,2,3,3,1,Yes,0
STU14707,7.79,78.07,84.97,0,0,0,3,1,0,Yes,1
STU14708,7.24,76.8,59.04,0,0,3,3,3,0,Yes,1
STU14709,5.94,47.28,51.5,0,0,0,0,1,0,Yes,0
STU14710,6.63,68.79,54.22,0,0,1,4,2,0,Yes,0
STU14711,7.18,79.66,67.98,1,3,3,2,5,0,Yes,1
STU14712,6.36,58.75,54.54,1,1,0,2,4,1,No,1
STU14713,7.0,70.31,56.84,0,0,1,2,2,0,No,0
STU14714,4.99,51.54,51.09,0,0,3,2,1,0,No,0
STU14715,8.55,79.77,82.02,1,2,3,0,1,0,Yes,1
STU14716,7.02,65.28,62.38,2,3,4,2,1,1,No,0
STU14717,5.74,52.34,48.93,1,1,2,3,2,0,Yes,0
STU14718,4.17,57.49,37.11,1,1,3,1,2,0,Yes,0
STU14719,8.18,75.99,79.06,0,0,2,3,4,0,Yes,0
STU14720,7.64,87.21,63.36,2,3,4,4,1,0,Yes,1
STU14721,7.24,70.48,54.5,1,3,3,2,1,0,No,1
STU14722,7.99,81.26,72.64,0,0,3,1,2,0,No,1
STU14723,7.99,88.75,75.24,1,1,2,0,2,0,No,0
STU14724,7.22,83.44,57.77,0,0,0,2,3,0,Yes,0
STU14725,6.71,65.65,57.13,0,0,3,2,1,0,No,0
STU14726,6.52,67.31,54.12,1,2,1,2,1,1,No,0
STU14727,7.48,69.65,71.8,0,0,1,2,1,2,Yes,1
STU14728,8.61,83.07,86.93,0,0,0,1,2,1,Yes,1
STU14729,6.88,57.79,73.18,1,3,2,2,1,0,No,1
STU14730,8.7,83.68,86.35,0,0,2,0,2,0,No,0
STU14731,7.43,77.73,65.44,0,0,2,2,2,0,No,1
STU14732,7.44,75.73,75.45,0,0,0,3,1,0,Yes,0
STU14733,9.77,99.97,95.01,1,2,3,3,1,1,Yes,1
STU14734,8.9,100.0,78.02,3,9,4,3,3,0,Yes,1
STU14735,8.93,87.0,78.43,1,1,1,5,3,0,Yes,1
STU14736,6.08,50.53,43.09,3,6,4,5,1,0,Yes,0
STU14737,9.52,96.32,82.97,2,6,3,4,2,0,Yes,1
STU14738,6.91,73.92,65.57,2,3,4,1,1,1,Yes,1
STU14739,6.74,66.29,69.54,1,3,2,4,1,0,Yes,1
STU14740,4.52,49.91,48.03,1,1,1,1,4,0,No,0
STU14741,7.38,76.85,72.87,1,2,7,1,3,0,No,0
STU14742,5.75,45.45,48.65,0,0,1,2,5,0,Yes,0
STU14743,7.47,67.64,74.3,0,0,0,1,3,0,No,0
STU14744,5.66,50.3,50.31,3,8,5,2,2,0,Yes,1
STU14745,9.07,87.12,93.14,1,1,5,2,2,0,Yes,1
STU14746,7.63,78.91,74.12,2,6,4,1,2,0,Yes,1
STU14747,9.62,88.69,88.05,0,0,0,0,3,0,No,0
STU14748,5.82,41.81,46.58,0,0,2,0,1,0,No,0
STU14749,8.78,74.52,84.87,0,0,3,1,2,3,Yes,1
STU14750,4.93,51.06,42.09,2,3,6,1,3,3,Yes,0
STU14751,7.24,67.62,61.45,0,0,5,0,2,0,No,0
STU14752,6.27,55.51,59.15,2,5,3,2,3,0,Yes,1
STU14753,6.48,56.5,65.78,2,4,2,2,0,0,No,1
STU14754,6.41,53.26,55.52,0,0,2,4,2,2,Yes,0
STU14755,5.95,47.57,52.2,0,0,4,1,4,0,Yes,1
STU14756,5.55,55.94,51.99,1,2,0,0,3,0,Yes,1
STU14757,6.49,58.51,56.09,2,6,3,3,2,0,No,1
STU14758,7.13,73.78,68.11,2,3,5,1,1,1,No,0
STU14759,8.34,89.13,80.21,1,1,2,2,2,0,No,1
STU14760,7.34,74.95,66.76,1,1,4,2,4,0,Yes,1
STU14761,8.34,89.36,84.67,2,3,3,2,1,1,Yes,1
STU14762,5.3,48.28,48.27,1,1,1,1,1,0,No,1
STU14763,6.5,68.28,62.63,0,0,1,0,2,0,No,0
STU14764,7.82,84.42,76.46,0,0,2,1,3,0,Yes,1
STU14765,7.39,79.6,63.66,0,0,0,1,2,0,Yes,0
STU14766,6.01,48.19,57.47,0,0,0,2,2,1,No,0
STU14767,8.07,83.79,74.8,2,6,3,2,2,0,Yes,1
STU14768,6.39,47.51,51.01,1,3,3,2,1,1,Yes,1
STU14769,6.11,63.3,48.71,2,4,4,0,1,0,No,1
STU14770,7.56,72.53,62.81,3,8,5,1,1,0,Yes,1
STU14771,7.01,65.05,63.65,1,1,3,2,1,0,Yes,1
STU14772,6.4,50.45,59.37,2,6,4,2,1,0,No,1
STU14773,6.36,57.86,52.48,1,2,0,0,1,0,No,0
STU14774,5.77,49.9,56.54,0,0,2,3,2,0,Yes,0
STU14775,6.54,71.61,65.34,0,0,4,2,2,0,Yes,0
STU14776,8.27,89.07,86.25,0,0,0,2,3,0,Yes,0
STU14777,7.28,69.13,57.61,2,4,3,1,5,0,No,1
STU14778,8.1,72.42,88.02,3,10,4,4,1,0,No,1
STU14779,7.59,62.95,72.23,0,0,1,1,1,0,No,1
STU14780,6.3,51.06,64.28,1,2,5,0,1,0,No,0
STU14781,5.1,39.3,40.66,0,0,1,2,2,0,No,1
STU14782,5.93,55.17,49.24,2,4,4,3,3,0,Yes,1
STU14783,6.23,55.49,53.89,0,0,0,1,2,3,No,0
STU14784,6.14,55.42,46.72,0,0,2,5,4,0,Yes,0
STU14785,8.13,76.97,69.94,2,5,7,1,1,0,No,1
STU14786,8.12,83.47,65.17,0,0,1,1,3,0,Yes,1
STU14787,9.54,80.85,100.0,1,3,4,1,3,1,Yes,1
STU14788,6.12,54.54,42.06,1,3,3,1,2,0,No,0
STU14789,8.84,92.44,74.53,0,0,0,0,2,0,No,1
STU14790,8.83,85.22,87.85,1,1,0,0,2,1,No,1
STU14791,6.73,66.23,52.03,2,4,4,2,3,0,Yes,1
STU14792,7.54,64.19,63.4,1,1,2,2,1,1,No,1
STU14793,8.43,72.82,64.91,0,0,0,2,2,0,Yes,0
STU14794,6.93,68.72,65.51,2,5,4,1,1,0,No,1
STU14795,6.84,71.62,55.92,0,0,2,0,1,0,No,0
STU14796,6.28,55.55,57.84,2,5,2,0,1,0,No,0
STU14797,4.29,58.29,41.97,2,4,0,1,5,0,Yes,0
STU14798,7.08,60.5,66.67,2,3,6,2,4,1,No,1
STU14799,6.18,51.74,50.1,1,1,3,0,0,0,Yes,0
STU14800,5.76,52.3,46.8,3,8,3,1,2,0,No,0
STU14801,7.49,77.99,66.83,2,3,3,1,1,0,Yes,0
STU14802,5.33,44.89,40.59,2,5,4,5,2,1,Yes,0
STU14803,7.93,74.43,71.22,1,1,3,0,1,0,Yes,0
STU14804,7.56,79.92,82.29,0,0,1,1,2,1,No,1
STU14805,6.54,61.43,55.25,3,12,9,1,3,0,Yes,1
STU14806,6.93,64.57,50.04,0,0,2,3,5,0,Yes,0
STU14807,5.63,53.35,48.91,1,1,3,4,2,0,No,0
STU14808,7.86,79.2,72.19,1,3,6,7,1,0,Yes,1
STU14809,7.22,70.38,67.96,0,0,1,0,3,0,No,1
STU14810,7.3,71.48,67.92,0,0,2,1,1,0,No,1
STU14811,7.58,71.55,82.42,0,0,6,2,3,0,Yes,0
STU14812,6.26,51.24,51.48,0,0,0,5,2,0,Yes,1
STU14813,5.25,44.82,49.87,3,8,6,2,3,0,No,1
STU14814,8.1,82.6,83.67,1,3,2,1,5,0,Yes,1
STU14815,7.79,67.98,68.01,0,0,2,1,3,0,No,0
STU14816,6.38,64.11,56.57,0,0,2,2,3,0,Yes,0
STU14817,7.47,75.07,67.41,0,0,3,2,3,2,Yes,1
STU14818,8.45,78.91,75.04,1,2,0,2,0,2,No,1
STU14819,8.31,93.99,74.06,0,0,1,6,1,0,Yes,0
STU14820,6.35,58.15,59.82,0,0,0,1,3,0,No,1
STU14821,5.29,40.12,60.99,3,12,3,1,2,0,Yes,0
STU14822,5.49,58.81,41.55,1,2,3,3,3,0,Yes,0
STU14823,6.64,70.27,60.43,0,0,1,0,3,0,No,0
STU14824,8.68,81.22,85.54,2,6,3,2,1,0,Yes,1
STU14825,6.16,53.64,49.4,0,0,1,1,2,0,Yes,0
STU14826,6.31,54.67,62.86,0,0,2,3,1,0,Yes,0
STU14827,6.29,45.83,67.34,0,0,3,3,3,0,No,0
STU14828,6.39,60.46,51.93,1,1,1,2,2,0,No,0
STU14829,6.99,72.69,75.03,0,0,0,0,1,0,No,0
STU14830,5.53,53.6,43.38,1,1,5,1,2,0,No,0
STU14831,8.25,83.93,74.91,1,1,2,1,1,1,Yes,1
STU14832,6.83,70.86,61.37,0,0,0,2,2,0,No,0
STU14833,9.85,82.87,91.9,1,1,1,2,4,0,No,0
STU14834,5.65,61.42,46.89,1,2,3,2,2,0,Yes,1
STU14835,8.83,82.77,88.83,3,8,6,1,2,0,No,1
STU14836,8.6,82.24,84.57,1,1,3,2,2,0,Yes,1
STU14837,6.53,56.97,65.53,0,0,1,0,2,0,Yes,0
STU14838,6.55,56.8,60.87,2,5,6,2,2,0,No,1
STU14839,5.94,51.97,59.31,1,3,1,1,3,0,Yes,1
STU14840,5.95,51.87,45.11,0,0,0,1,1,0,Yes,0
STU14841,7.0,68.6,63.61,0,0,2,1,3,0,No,0
STU14842,7.02,63.39,65.29,1,2,3,0,2,0,No,0
STU14843,5.16,48.54,39.42,0,0,3,1,1,0,No,0
STU14844,9.64,82.95,80.45,2,3,4,0,3,0,Yes,1
STU14845,6.7,67.41,62.31,0,0,2,1,2,0,No,0
STU14846,7.08,73.39,70.06,0,0,0,2,3,0,Yes,0
STU14847,6.28,56.96,54.67,1,3,5,5,3,0,Yes,1
STU14848,6.69,58.97,66.22,3,10,5,3,2,0,Yes,1
STU14849,6.59,63.18,51.7,0,0,2,1,3,1,No,0
STU14850,7.0,62.45,62.43,1,1,6,1,2,1,No,1
STU14851,6.98,67.77,57.48,1,3,4,2,2,1,Yes,1
STU14852,7.93,79.86,78.61,1,2,2,5,2,0,Yes,1
STU14853,7.26,87.69,71.84,0,0,1,1,1,0,Yes,0
STU14854,7.81,72.03,84.44,0,0,1,1,5,2,Yes,0
STU14855,6.99,51.65,57.59,2,3,0,1,1,2,No,0
STU14856,7.27,68.14,71.2,2,4,6,3,4,0,Yes,1
STU14857,6.72,53.05,68.96,0,0,2,1,3,0,No,0
STU14858,8.15,78.53,73.88,1,3,5,1,2,0,Yes,0
STU14859,7.37,65.71,63.07,0,0,1,2,3,0,No,0
STU14860,6.82,59.59,53.18,0,0,0,2,3,0,No,0
STU14861,6.78,58.01,65.15,1,3,3,1,0,0,Yes,1
STU14862,6.87,71.59,58.46,0,0,0,1,4,0,No,1
STU14863,7.04,68.17,68.33,1,3,6,5,4,0,Yes,0
STU14864,6.94,73.26,62.51,0,0,0,2,1,0,No,1
STU14865,6.36,58.29,65.85,0,0,0,0,3,0,No,1
STU14866,7.88,85.8,81.96,0,0,6,4,3,1,No,1
STU14867,7.95,79.23,73.22,0,0,1,0,4,0,No,0
STU14868,9.05,97.83,83.45,1,2,0,2,1,1,Yes,0
STU14869,6.31,60.17,59.07,1,3,1,1,1,0,No,0
STU14870,7.77,74.24,69.5,1,3,2,2,3,0,No,1
STU14871,4.8,49.94,50.31,2,4,4,2,2,0,Yes,1
STU14872,7.95,81.22,76.55,0,0,0,1,3,2,Yes,0
STU14873,5.32,47.13,50.2,1,1,2,1,2,0,No,0
STU14874,5.87,53.04,48.28,2,3,2,7,3,0,Yes,1
STU14875,7.38,78.2,67.55,0,0,3,2,5,0,No,0
STU14876,6.29,44.38,49.96,1,2,1,0,2,1,Yes,1
STU14877,6.13,53.05,62.55,1,2,4,3,3,0,Yes,1
STU14878,6.44,63.31,54.44,0,0,0,1,0,0,No,0
STU14879,7.84,81.21,95.21,1,1,2,1,1,0,No,1
STU14880,5.93,46.26,50.93,0,0,3,4,2,0,Yes,0
STU14881,6.94,52.65,58.76,0,0,0,2,1,0,No,0
STU14882,6.56,71.16,48.44,2,4,4,0,3,0,No,1
STU14883,7.94,79.83,85.35,2,4,3,2,4,0,Yes,1
STU14884,7.98,90.38,77.13,2,6,2,3,3,0,No,1
STU14885,4.89,51.28,48.45,1,3,2,0,4,0,No,0
STU14886,8.2,78.54,94.23,0,0,1,1,3,0,No,1
STU14887,6.3,42.23,58.25,1,3,4,1,4,0,Yes,1
STU14888,7.27,69.3,71.1,3,6,0,8,3,0,Yes,1
STU14889,5.92,52.74,57.32,2,6,3,1,1,0,No,1
STU14890,7.43,77.02,76.14,2,3,5,2,1,0,No,1
STU14891,9.93,83.07,79.16,1,2,5,0,1,0,No,1
STU14892,7.15,71.21,75.13,1,1,3,3,4,2,Yes,1
STU14893,6.47,60.7,56.36,1,3,4,1,1,0,No,1
STU14894,6.73,69.49,69.82,1,3,4,1,1,0,No,0
STU14895,5.31,46.42,48.3,1,1,4,1,2,0,Yes,0
STU14896,8.67,89.26,90.76,1,3,3,1,2,0,No,1
STU14897,7.36,75.08,69.01,1,3,1,3,4,0,Yes,1
STU14898,5.79,56.97,39.61,2,5,5,0,1,0,No,1
STU14899,5.83,47.19,52.49,0,0,1,2,2,0,No,0
STU14900,7.02,49.77,71.05,0,0,3,4,2,0,Yes,0
STU14901,8.07,80.76,75.84,0,0,1,3,3,0,Yes,1
STU14902,5.68,49.31,46.47,1,1,3,0,1,1,Yes,0
STU14903,8.28,77.08,67.74,2,3,7,4,5,0,Yes,1
STU14904,6.89,57.1,62.22,2,6,6,2,1,0,Yes,0
STU14905,5.93,49.59,42.54,1,2,3,2,3,0,Yes,0
STU14906,6.46,58.78,59.58,1,1,2,2,1,0,No,1
STU14907,9.01,88.68,87.12,0,0,1,0,3,1,No,0
STU14908,5.4,35.11,45.91,1,2,3,0,2,0,No,0
STU14909,6.16,45.02,60.47,1,1,1,7,1,0,Yes,1
STU14910,8.1,89.13,80.8,2,3,5,1,2,0,Yes,1
STU14911,7.25,70.6,69.9,1,2,6,1,4,0,No,1
STU14912,6.09,54.7,53.64,2,6,4,0,2,0,Yes,1
STU14913,8.11,74.48,75.98,0,0,3,1,3,0,Yes,1
STU14914,8.16,82.95,85.93,0,0,0,3,2,0,Yes,1
STU14915,7.38,71.41,65.17,1,2,2,2,2,0,Yes,0
STU14916,6.3,53.5,56.74,3,8,6,1,2,0,Yes,0
STU14917,6.47,50.88,63.96,2,3,4,0,3,0,No,0
STU14918,7.33,67.69,63.74,2,6,4,1,3,1,No,1
STU14919,5.49,61.27,38.38,1,3,3,6,3,0,Yes,0
STU14920,8.53,83.7,76.54,3,10,4,1,3,0,Yes,1
STU14921,8.96,92.63,95.79,1,2,3,0,2,0,No,1
STU14922,6.73,62.3,56.82,1,2,1,3,1,0,No,0
STU14923,7.41,72.19,63.86,1,3,4,0,4,0,No,1
STU14924,8.36,80.86,83.87,1,2,1,2,2,0,No,0
STU14925,9.25,96.91,69.5,1,3,3,1,3,0,No,1
STU14926,8.79,89.47,78.5,0,0,0,1,2,0,No,1
STU14927,5.0,42.15,52.37,3,8,7,1,2,0,No,0
STU14928,6.64,59.7,53.33,2,5,1,1,2,1,Yes,1
STU14929,7.58,82.91,71.89,2,5,5,2,0,0,No,1
STU14930,6.43,42.01,57.8,0,0,0,0,2,0,No,0
STU14931,9.05,90.12,87.02,0,0,4,3,0,0,No,1
STU14932,8.87,90.86,81.44,2,3,6,2,0,0,No,1
STU14933,6.06,49.88,54.66,2,5,6,6,1,0,Yes,1
STU14934,6.81,65.86,70.61,0,0,0,4,2,0,Yes,1
STU14935,6.14,58.3,45.92,1,2,0,0,2,1,No,0
STU14936,6.78,56.86,58.34,0,0,4,4,2,0,Yes,1
STU14937,6.74,68.73,60.05,2,3,8,1,1,0,Yes,1
STU14938,8.1,84.15,83.57,1,2,2,1,2,0,No,0
STU14939,5.98,52.61,50.73,1,2,1,1,2,0,No,0
STU14940,4.0,45.75,41.36,0,0,3,1,2,0,No,0
STU14941,5.15,51.77,35.23,0,0,4,0,0,1,No,0
STU14942,5.82,65.87,42.17,2,5,4,2,1,0,No,1
STU14943,6.25,60.25,54.75,1,1,3,2,2,0,Yes,0
STU14944,7.22,76.08,65.13,0,0,2,1,1,0,Yes,0
STU14945,5.76,52.58,46.36,0,0,2,1,2,0,No,0
STU14946,5.61,61.61,46.83,1,2,2,2,3,0,No,0
STU14947,5.93,44.26,64.1,2,6,3,1,3,0,No,0
STU14948,5.72,40.63,45.07,1,3,3,5,1,0,No,0
STU14949,6.36,59.05,63.45,1,2,2,3,1,0,No,1
STU14950,6.31,61.35,62.28,3,8,2,0,0,0,No,0
STU14951,7.79,63.76,81.03,1,2,5,3,1,0,Yes,1
STU14952,5.86,52.36,44.3,2,6,4,2,2,0,No,0
STU14953,6.59,60.24,59.15,0,0,1,1,1,0,Yes,0
STU14954,6.37,62.73,52.92,0,0,0,2,3,0,Yes,0
STU14955,7.93,83.39,89.9,2,3,4,2,3,0,Yes,1
STU14956,6.82,54.23,64.55,2,3,4,1,1,0,Yes,0
STU14957,8.21,76.89,79.09,0,0,0,2,2,0,No,1
STU14958,5.67,45.84,58.39,1,2,3,1,3,0,No,0
STU14959,6.94,71.41,61.86,1,2,2,4,2,1,Yes,1
STU14960,6.34,59.99,58.06,2,4,3,0,1,0,No,0
STU14961,5.59,46.33,51.27,1,1,2,6,2,2,Yes,0
STU14962,6.92,67.41,65.63,2,5,5,1,1,2,No,1
STU14963,8.99,81.71,84.42,1,2,4,0,3,0,No,1
STU14964,6.02,66.2,55.93,0,0,0,0,1,0,No,0
STU14965,6.85,68.93,58.7,0,0,1,2,3,1,No,0
STU14966,5.49,54.14,53.1,2,4,4,3,3,2,Yes,1
STU14967,5.32,56.58,43.63,3,9,3,3,3,0,Yes,1
STU14968,6.09,60.86,59.79,0,0,1,1,5,0,Yes,0
STU14969,6.48,59.99,63.08,1,1,1,3,2,0,No,1
STU14970,6.53,59.44,60.84,0,0,0,3,2,2,No,0
STU14971,6.74,71.4,60.12,1,3,2,1,2,0,Yes,0
STU14972,5.1,47.45,50.91,0,0,2,1,1,1,Yes,0
STU14973,6.28,52.51,57.43,3,9,3,4,4,0,Yes,0
STU14974,7.58,88.27,54.17,1,1,2,1,1,2,Yes,1
STU14975,5.44,43.44,41.15,1,2,5,2,2,0,Yes,1
STU14976,6.59,50.95,59.37,0,0,1,3,5,2,Yes,0
STU14977,7.34,78.98,71.7,0,0,1,3,2,0,Yes,0
STU14978,6.1,50.46,56.09,1,3,1,4,1,0,Yes,1
STU14979,7.39,76.45,80.13,0,0,1,1,3,0,No,0
STU14980,5.25,58.87,48.49,0,0,0,1,2,0,No,0
STU14981,8.02,73.48,66.22,2,5,6,2,0,0,Yes,1
STU14982,7.42,73.97,72.4,1,1,3,3,4,0,Yes,1
STU14983,7.06,77.79,73.19,0,0,2,2,3,0,Yes,1
STU14984,8.29,88.21,81.79,2,6,2,2,5,0,Yes,1
STU14985,6.62,60.71,60.01,1,1,3,3,2,0,Yes,0
STU14986,6.29,71.49,51.19,1,2,1,1,2,0,No,1
STU14987,8.58,85.51,88.78,2,5,9,3,1,0,Yes,1
STU14988,9.12,90.85,83.35,0,0,2,1,1,1,No,1
STU14989,6.2,65.94,56.6,0,0,1,5,1,0,Yes,0
STU14990,6.87,71.63,65.31,0,0,2,0,2,1,Yes,0
STU14991,8.2,91.23,80.62,0,0,0,1,5,0,Yes,0
STU14992,6.91,60.99,66.29,2,6,5,0,2,0,Yes,1
STU14993,7.68,85.32,76.17,3,9,4,5,1,1,Yes,1
STU14994,7.9,81.46,85.11,0,0,0,2,1,0,Yes,0
STU14995,6.35,53.5,59.03,2,6,4,2,3,0,Yes,1
STU14996,7.48,76.46,78.37,2,6,5,4,2,0,Yes,1
STU14997,6.99,68.87,60.15,0,0,0,1,0,0,No,0
STU14998,5.6,61.33,42.16,1,3,3,4,2,0,Yes,0
STU14999,5.86,54.66,49.75,1,2,3,1,1,0,Yes,0
STU15000,6.25,51.95,58.13,0,0,1,5,1,1,Yes,0
